model,msa,pdb,predictor,model_name,avg_plddt,ptm,iptm,pae_mean,ipae,ipsae_ab,ipsae_ba,ipsae_min,ranking_score,rmsd_receptor,rmsd_effector_independent,rmsd_effector_receptor_aligned
af2m,msa,5A6W,af2m,ranked_0,85.08,0.6324,0.3275,8.72,14.53,0.009,0.0734,0.009,0.3885,2.5,0.44,28.28
af2m,msa,5A6W,af2m,ranked_1,83.2,0.5913,0.2345,10.18,17.44,0.0,0.0178,0.0,0.3059,2.49,0.43,27.9
af2m,msa,5A6W,af2m,ranked_2,82.61,0.5769,0.1943,10.66,18.44,0.0,0.0114,0.0,0.2708,2.48,0.44,27.21
af2m,msa,5A6W,af2m,ranked_3,82.57,0.5749,0.1907,10.55,18.25,0.0,0.0121,0.0,0.2675,2.5,0.44,26.86
af2m,msa,5A6W,af2m,ranked_4,80.82,0.5701,0.1778,10.55,18.24,0.0,0.011,0.0,0.2563,2.49,0.45,33.77
af2m,msa,5A6W,af2m,ranked_5,80.65,0.5694,0.1767,10.62,18.35,0.0,0.011,0.0,0.2552,2.49,0.45,34.23
af2m,msa,5A6W,af2m,ranked_6,82.21,0.5661,0.1712,11.12,19.36,0.0,0.0081,0.0,0.2502,2.5,0.45,26.64
af2m,msa,5A6W,af2m,ranked_7,80.75,0.5662,0.1704,10.87,18.82,0.0,0.0082,0.0,0.2496,2.49,0.45,33.74
af2m,msa,5A6W,af2m,ranked_8,80.57,0.5665,0.1701,10.88,18.83,0.0,0.0106,0.0,0.2494,2.48,0.44,33.44
af2m,msa,5A6W,af2m,ranked_9,80.78,0.5632,0.1601,11.0,19.14,0.0,0.0077,0.0,0.2407,2.49,0.45,34.33
af2m,msa,5A6W,af2m,ranked_10,82.93,0.5534,0.1619,11.05,18.92,0.0,0.0029,0.0,0.2402,2.39,0.58,45.96
af2m,msa,5A6W,af2m,ranked_11,80.28,0.5602,0.1587,10.91,18.85,0.0,0.0026,0.0,0.239,2.4,0.36,35.74
af2m,msa,5A6W,af2m,ranked_12,83.38,0.5503,0.1554,11.25,19.35,0.0,0.0028,0.0,0.2344,2.39,0.59,45.32
af2m,msa,5A6W,af2m,ranked_13,82.71,0.5499,0.1548,11.3,19.4,0.0,0.0027,0.0,0.2338,2.4,0.62,45.75
af2m,msa,5A6W,af2m,ranked_14,83.05,0.5495,0.1539,11.27,19.33,0.0,0.0027,0.0,0.233,2.38,0.61,45.73
af2m,msa,5A6W,af2m,ranked_15,82.62,0.5454,0.1486,11.49,19.76,0.0,0.0025,0.0,0.228,2.38,0.61,45.55
af2m,msa,5A6W,af2m,ranked_16,78.75,0.5451,0.1425,11.8,20.38,0.0,0.0,0.0,0.223,2.48,0.64,35.49
af2m,msa,5A6W,af2m,ranked_17,78.7,0.5428,0.1376,11.88,20.53,0.0,0.0,0.0,0.2186,2.47,0.67,35.66
af2m,msa,5A6W,af2m,ranked_18,79.12,0.5407,0.1334,11.98,20.76,0.0,0.0,0.0,0.2149,2.47,0.63,36.6
af2m,msa,5A6W,af2m,ranked_19,78.79,0.5407,0.1331,12.02,20.8,0.0,0.0,0.0,0.2146,2.48,0.65,36.49
af2m,msa,5A6W,af2m,ranked_20,78.91,0.5484,0.1309,12.33,21.67,0.0,0.0,0.0,0.2144,2.37,0.56,37.42
af2m,msa,5A6W,af2m,ranked_21,81.47,0.5445,0.1248,12.05,21.14,0.0,0.0,0.0,0.2087,2.38,0.51,43.87
af2m,msa,5A6W,af2m,ranked_22,79.71,0.5428,0.1225,12.43,21.88,0.0,0.0,0.0,0.2066,2.37,0.54,42.09
af2m,msa,5A6W,af2m,ranked_23,78.84,0.5338,0.1203,12.28,21.31,0.0,0.0,0.0,0.203,2.48,0.66,37.26
af2m,msa,5A6W,af2m,ranked_24,80.76,0.5421,0.1164,12.17,21.36,0.0,0.0,0.0,0.2015,2.4,0.55,41.18
af3,msa,5A6W,af3,seed-456_sample-1,93.84,0.91,0.89,2.76,3.33,0.8851,0.8581,0.8581,0.894,0.92,0.33,0.67
af3,msa,5A6W,af3,seed-1024_sample-0,94.11,0.91,0.88,2.89,3.46,0.8709,0.8489,0.8489,0.886,1.06,0.92,1.04
af3,msa,5A6W,af3,seed-1024_sample-1,93.43,0.91,0.88,2.97,3.58,0.8738,0.838,0.838,0.886,1.26,0.37,1.26
af3,msa,5A6W,af3,seed-1024_sample-2,94.05,0.91,0.88,2.93,3.53,0.8677,0.8447,0.8447,0.886,1.03,0.45,0.8
af3,msa,5A6W,af3,seed-1024_sample-4,94.2,0.91,0.88,2.87,3.46,0.8681,0.8499,0.8499,0.886,1.03,0.25,0.52
af3,msa,5A6W,af3,seed-123_sample-4,94.3,0.91,0.88,2.79,3.35,0.8741,0.8535,0.8535,0.886,1.06,0.26,0.6
af3,msa,5A6W,af3,seed-42_sample-0,94.12,0.91,0.88,2.79,3.34,0.8733,0.8532,0.8532,0.886,1.07,0.92,1.01
af3,msa,5A6W,af3,seed-42_sample-1,94.14,0.91,0.88,2.73,3.26,0.8767,0.856,0.856,0.886,1.05,0.26,0.91
af3,msa,5A6W,af3,seed-456_sample-0,94.21,0.91,0.88,2.82,3.39,0.873,0.8542,0.8542,0.886,1.07,0.26,0.6
af3,msa,5A6W,af3,seed-456_sample-4,94.21,0.91,0.88,2.76,3.31,0.8777,0.8559,0.8559,0.886,1.06,0.27,0.82
af3,msa,5A6W,af3,seed-789_sample-2,94.13,0.91,0.88,2.85,3.4,0.8737,0.8493,0.8493,0.886,1.09,0.33,0.6
af3,msa,5A6W,af3,seed-789_sample-3,94.42,0.91,0.88,2.7,3.23,0.8814,0.8589,0.8589,0.886,1.14,0.39,0.78
af3,msa,5A6W,af3,seed-789_sample-4,94.13,0.91,0.88,2.92,3.51,0.8682,0.8487,0.8487,0.886,1.06,0.3,0.54
af3,msa,5A6W,af3,seed-1024_sample-3,94.11,0.91,0.87,2.93,3.53,0.8617,0.8425,0.8425,0.878,1.05,0.37,0.54
af3,msa,5A6W,af3,seed-123_sample-0,94.15,0.91,0.87,2.91,3.51,0.863,0.8446,0.8446,0.878,1.07,0.34,0.71
af3,msa,5A6W,af3,seed-123_sample-1,94.16,0.91,0.87,2.87,3.44,0.8674,0.85,0.85,0.878,1.08,0.35,0.77
af3,msa,5A6W,af3,seed-123_sample-2,93.96,0.91,0.87,2.99,3.61,0.8602,0.8378,0.8378,0.878,1.05,0.3,0.51
af3,msa,5A6W,af3,seed-42_sample-2,94.14,0.91,0.87,2.84,3.4,0.8695,0.8534,0.8534,0.878,1.08,0.52,0.67
af3,msa,5A6W,af3,seed-42_sample-3,93.99,0.91,0.87,2.9,3.49,0.8685,0.8475,0.8475,0.878,1.04,0.27,0.57
af3,msa,5A6W,af3,seed-42_sample-4,93.93,0.91,0.87,2.93,3.51,0.865,0.8498,0.8498,0.878,1.05,0.58,0.71
af3,msa,5A6W,af3,seed-456_sample-2,94.01,0.91,0.87,2.92,3.52,0.8679,0.8448,0.8448,0.878,1.07,0.28,0.48
af3,msa,5A6W,af3,seed-456_sample-3,94.02,0.91,0.87,2.92,3.51,0.8678,0.8477,0.8477,0.878,1.04,0.35,0.66
af3,msa,5A6W,af3,seed-789_sample-0,94.0,0.91,0.87,2.92,3.52,0.8686,0.8437,0.8437,0.878,1.03,0.27,0.64
af3,msa,5A6W,af3,seed-789_sample-1,94.06,0.91,0.87,2.92,3.5,0.8685,0.8462,0.8462,0.878,1.08,0.41,0.72
af3,msa,5A6W,af3,seed-123_sample-3,93.78,0.9,0.86,3.01,3.62,0.8582,0.838,0.838,0.868,1.04,0.3,0.46
af3,no_msa,5A6W,af3_nomsa,seed-123_sample-4,93.68,0.91,0.88,3.0,3.63,0.8775,0.8448,0.8448,0.886,1.0,0.35,0.9
af3,no_msa,5A6W,af3_nomsa,seed-1024_sample-1,93.53,0.91,0.87,3.06,3.69,0.8671,0.8394,0.8394,0.878,0.92,0.28,1.21
af3,no_msa,5A6W,af3_nomsa,seed-42_sample-1,93.42,0.91,0.87,3.06,3.7,0.8706,0.8392,0.8392,0.878,0.89,0.35,1.1
af3,no_msa,5A6W,af3_nomsa,seed-456_sample-0,93.51,0.91,0.87,3.11,3.76,0.8705,0.8354,0.8354,0.878,0.93,0.33,0.62
af3,no_msa,5A6W,af3_nomsa,seed-456_sample-2,93.52,0.91,0.87,3.11,3.75,0.8691,0.8386,0.8386,0.878,0.91,0.3,0.7
af3,no_msa,5A6W,af3_nomsa,seed-789_sample-2,93.6,0.91,0.87,3.1,3.71,0.8711,0.8411,0.8411,0.878,1.16,0.41,0.76
af3,no_msa,5A6W,af3_nomsa,seed-1024_sample-0,93.46,0.9,0.87,3.25,3.94,0.8646,0.8216,0.8216,0.876,1.17,0.91,1.03
af3,no_msa,5A6W,af3_nomsa,seed-1024_sample-2,93.37,0.9,0.87,3.24,3.94,0.8604,0.8262,0.8262,0.876,1.02,0.39,0.84
af3,no_msa,5A6W,af3_nomsa,seed-1024_sample-3,93.38,0.9,0.87,3.25,3.96,0.862,0.8199,0.8199,0.876,1.05,0.34,0.54
af3,no_msa,5A6W,af3_nomsa,seed-1024_sample-4,93.14,0.9,0.87,3.36,4.12,0.8552,0.8106,0.8106,0.876,0.89,0.32,0.78
af3,no_msa,5A6W,af3_nomsa,seed-123_sample-1,93.22,0.9,0.87,3.39,4.11,0.8547,0.8146,0.8146,0.876,1.22,0.5,0.75
af3,no_msa,5A6W,af3_nomsa,seed-42_sample-0,93.15,0.9,0.87,3.12,3.77,0.8629,0.8385,0.8385,0.876,0.9,1.01,1.17
af3,no_msa,5A6W,af3_nomsa,seed-42_sample-2,93.27,0.9,0.87,3.25,3.96,0.858,0.8247,0.8247,0.876,0.88,0.44,0.74
af3,no_msa,5A6W,af3_nomsa,seed-42_sample-3,92.77,0.9,0.87,3.51,4.32,0.8525,0.8001,0.8001,0.876,0.84,0.41,0.88
af3,no_msa,5A6W,af3_nomsa,seed-42_sample-4,93.19,0.9,0.87,3.28,3.96,0.857,0.8252,0.8252,0.876,1.11,0.64,0.82
af3,no_msa,5A6W,af3_nomsa,seed-456_sample-1,93.34,0.9,0.87,3.33,4.03,0.8563,0.8201,0.8201,0.876,1.09,0.42,0.65
af3,no_msa,5A6W,af3_nomsa,seed-456_sample-3,93.55,0.9,0.87,3.25,3.92,0.8659,0.831,0.831,0.876,1.14,0.33,0.72
af3,no_msa,5A6W,af3_nomsa,seed-456_sample-4,93.26,0.9,0.87,3.26,3.97,0.8623,0.8276,0.8276,0.876,0.83,0.34,0.84
af3,no_msa,5A6W,af3_nomsa,seed-789_sample-1,93.2,0.9,0.87,3.34,4.02,0.8592,0.8238,0.8238,0.876,0.89,0.45,0.72
af3,no_msa,5A6W,af3_nomsa,seed-789_sample-3,93.12,0.9,0.87,3.33,4.03,0.8624,0.8202,0.8202,0.876,0.89,0.31,1.04
af3,no_msa,5A6W,af3_nomsa,seed-789_sample-4,93.41,0.9,0.87,3.24,3.92,0.867,0.8297,0.8297,0.876,1.06,0.31,0.52
af3,no_msa,5A6W,af3_nomsa,seed-123_sample-2,92.97,0.9,0.86,3.41,4.14,0.8461,0.8133,0.8133,0.868,1.1,0.32,0.51
af3,no_msa,5A6W,af3_nomsa,seed-123_sample-3,93.1,0.9,0.86,3.39,4.11,0.8506,0.8132,0.8132,0.868,1.06,0.91,1.0
af3,no_msa,5A6W,af3_nomsa,seed-789_sample-0,92.77,0.89,0.86,3.56,4.36,0.8512,0.7998,0.7998,0.866,0.85,0.33,1.12
af3,no_msa,5A6W,af3_nomsa,seed-123_sample-0,92.57,0.89,0.85,3.77,4.69,0.8108,0.7658,0.7658,0.858,0.89,0.97,1.18
boltz1,no_msa,5A6W,boltz1,input_model_1,0.94,0.9498,0.9415,2.32,2.82,0.9475,0.916,0.916,0.9432,1.33,0.94,1.99
boltz1,no_msa,5A6W,boltz1,input_model_1,0.94,0.9504,0.9401,2.23,2.7,0.9463,0.9231,0.9231,0.9422,1.36,0.85,1.9
boltz1,no_msa,5A6W,boltz1,input_model_0,0.95,0.9518,0.9396,2.29,2.74,0.9455,0.9301,0.9301,0.942,1.27,1.4,2.27
boltz1,no_msa,5A6W,boltz1,input_model_0,0.94,0.9499,0.9398,2.25,2.73,0.9461,0.921,0.921,0.9418,1.33,0.87,1.87
boltz1,no_msa,5A6W,boltz1,input_model_1,0.94,0.9504,0.9386,2.25,2.73,0.9449,0.9266,0.9266,0.941,1.31,0.84,1.9
boltz1,no_msa,5A6W,boltz1,input_model_1,0.94,0.9492,0.9384,2.24,2.72,0.9447,0.9218,0.9218,0.9406,1.37,0.89,2.06
boltz1,no_msa,5A6W,boltz1,input_model_0,0.94,0.9478,0.9387,2.41,2.91,0.945,0.9171,0.9171,0.9405,1.22,0.89,1.91
boltz1,no_msa,5A6W,boltz1,input_model_1,0.94,0.9485,0.9382,2.3,2.8,0.9444,0.9173,0.9173,0.9403,1.41,1.06,2.09
boltz1,no_msa,5A6W,boltz1,input_model_2,0.94,0.9478,0.9383,2.31,2.79,0.9446,0.9178,0.9178,0.9402,1.28,0.94,2.09
boltz1,no_msa,5A6W,boltz1,input_model_0,0.94,0.947,0.9382,2.45,2.96,0.9443,0.914,0.914,0.94,1.34,0.85,1.97
boltz1,no_msa,5A6W,boltz1,input_model_2,0.94,0.9465,0.9382,2.46,2.96,0.9445,0.9133,0.9133,0.9399,1.31,1.01,2.11
boltz1,no_msa,5A6W,boltz1,input_model_3,0.94,0.9465,0.9374,2.44,2.94,0.9437,0.9149,0.9149,0.9392,1.32,0.91,2.0
boltz1,no_msa,5A6W,boltz1,input_model_3,0.94,0.946,0.937,2.37,2.87,0.9432,0.9137,0.9137,0.9388,1.3,0.9,1.91
boltz1,no_msa,5A6W,boltz1,input_model_2,0.94,0.9474,0.9367,2.39,2.87,0.9425,0.9169,0.9169,0.9388,1.34,1.39,2.31
boltz1,no_msa,5A6W,boltz1,input_model_3,0.94,0.9468,0.9366,2.32,2.82,0.9429,0.9161,0.9161,0.9386,1.33,0.93,1.93
boltz1,no_msa,5A6W,boltz1,input_model_0,0.94,0.9443,0.937,2.51,3.02,0.9432,0.9139,0.9139,0.9385,1.17,0.9,1.87
boltz1,no_msa,5A6W,boltz1,input_model_4,0.94,0.9459,0.9367,2.55,3.04,0.9425,0.9136,0.9136,0.9385,1.34,1.41,2.44
boltz1,no_msa,5A6W,boltz1,input_model_4,0.94,0.948,0.9361,2.32,2.79,0.9421,0.9214,0.9214,0.9385,1.36,1.36,2.23
boltz1,no_msa,5A6W,boltz1,input_model_2,0.94,0.9462,0.9364,2.37,2.88,0.9427,0.9164,0.9164,0.9384,1.32,0.96,1.95
boltz1,no_msa,5A6W,boltz1,input_model_3,0.94,0.9463,0.9364,2.45,2.95,0.9425,0.9161,0.9161,0.9384,1.3,0.8,1.94
boltz1,no_msa,5A6W,boltz1,input_model_4,0.94,0.9458,0.9364,2.47,2.97,0.9424,0.917,0.917,0.9383,1.23,1.13,2.04
boltz1,no_msa,5A6W,boltz1,input_model_4,0.94,0.9447,0.9361,2.56,3.07,0.942,0.9103,0.9103,0.9378,1.5,1.38,2.48
boltz1,no_msa,5A6W,boltz1,input_model_2,0.94,0.9452,0.9351,2.55,3.04,0.9411,0.9148,0.9148,0.9371,1.27,1.32,2.25
boltz1,no_msa,5A6W,boltz1,input_model_4,0.94,0.9446,0.935,2.56,3.07,0.9408,0.9128,0.9128,0.9369,1.3,1.4,2.24
boltz1,no_msa,5A6W,boltz1,input_model_3,0.94,0.9427,0.9335,2.59,3.11,0.9395,0.9102,0.9102,0.9353,1.21,1.31,2.13
boltz1,msa,5A6W,boltz1_msa,input_model_0,0.95,0.9545,0.9434,2.25,2.75,0.9495,0.9257,0.9257,0.9456,1.42,1.05,1.86
boltz1,msa,5A6W,boltz1_msa,input_model_0,0.95,0.9522,0.9423,2.38,2.91,0.9484,0.9198,0.9198,0.9443,1.35,0.94,1.77
boltz1,msa,5A6W,boltz1_msa,input_model_1,0.95,0.9531,0.9417,2.36,2.86,0.9475,0.9233,0.9233,0.944,1.37,1.31,1.99
boltz1,msa,5A6W,boltz1_msa,input_model_0,0.95,0.9505,0.9424,2.45,2.97,0.9484,0.9136,0.9136,0.944,1.37,0.94,1.92
boltz1,msa,5A6W,boltz1_msa,input_model_1,0.95,0.9528,0.941,2.37,2.86,0.9466,0.9237,0.9237,0.9434,1.39,1.4,2.14
boltz1,msa,5A6W,boltz1_msa,input_model_2,0.95,0.952,0.9411,2.41,2.92,0.9468,0.9204,0.9204,0.9433,1.37,1.41,2.08
boltz1,msa,5A6W,boltz1_msa,input_model_2,0.95,0.9517,0.9411,2.35,2.87,0.9471,0.9186,0.9186,0.9432,1.45,0.93,1.92
boltz1,msa,5A6W,boltz1_msa,input_model_2,0.95,0.95,0.9411,2.46,3.0,0.9471,0.9141,0.9141,0.9429,1.34,0.93,1.76
boltz1,msa,5A6W,boltz1_msa,input_model_2,0.95,0.9488,0.9411,2.51,3.05,0.9471,0.9108,0.9108,0.9426,1.2,1.14,1.85
boltz1,msa,5A6W,boltz1_msa,input_model_3,0.95,0.9498,0.9404,2.51,3.04,0.9461,0.9167,0.9167,0.9423,1.31,1.37,2.01
boltz1,msa,5A6W,boltz1_msa,input_model_4,0.95,0.9498,0.9399,2.52,3.05,0.9456,0.9163,0.9163,0.9419,1.33,1.21,2.02
boltz1,msa,5A6W,boltz1_msa,input_model_2,0.95,0.9493,0.9397,2.48,3.01,0.9456,0.9117,0.9117,0.9416,1.35,0.93,2.08
boltz1,msa,5A6W,boltz1_msa,input_model_1,0.95,0.9487,0.9397,2.49,3.04,0.9456,0.912,0.912,0.9415,1.33,1.02,1.85
boltz1,msa,5A6W,boltz1_msa,input_model_1,0.95,0.9486,0.9397,2.5,3.05,0.9457,0.9123,0.9123,0.9415,1.35,1.07,1.88
boltz1,msa,5A6W,boltz1_msa,input_model_3,0.95,0.9498,0.9391,2.47,3.0,0.9448,0.916,0.916,0.9412,1.35,1.36,2.04
boltz1,msa,5A6W,boltz1_msa,input_model_0,0.95,0.9489,0.9392,2.46,3.01,0.9452,0.9133,0.9133,0.9411,1.34,0.98,1.79
boltz1,msa,5A6W,boltz1_msa,input_model_4,0.95,0.948,0.9394,2.57,3.1,0.9451,0.9105,0.9105,0.9411,1.23,1.33,2.01
boltz1,msa,5A6W,boltz1_msa,input_model_1,0.95,0.948,0.9391,2.52,3.08,0.945,0.9108,0.9108,0.9409,1.32,0.87,1.63
boltz1,msa,5A6W,boltz1_msa,input_model_4,0.95,0.948,0.9391,2.59,3.12,0.9447,0.9123,0.9123,0.9409,1.25,1.41,2.1
boltz1,msa,5A6W,boltz1_msa,input_model_0,0.95,0.9486,0.9388,2.48,3.04,0.9448,0.9118,0.9118,0.9408,1.35,1.02,1.85
boltz1,msa,5A6W,boltz1_msa,input_model_3,0.95,0.9498,0.9385,2.48,2.99,0.9443,0.9164,0.9164,0.9408,1.39,1.22,2.23
boltz1,msa,5A6W,boltz1_msa,input_model_3,0.95,0.9461,0.9385,2.59,3.14,0.9444,0.9051,0.9051,0.94,1.39,0.96,2.02
boltz1,msa,5A6W,boltz1_msa,input_model_4,0.95,0.9482,0.9374,2.54,3.07,0.943,0.9124,0.9124,0.9396,1.33,1.35,2.21
boltz1,msa,5A6W,boltz1_msa,input_model_3,0.95,0.9473,0.9372,2.57,3.13,0.9429,0.9113,0.9113,0.9392,1.35,1.25,2.11
boltz1,msa,5A6W,boltz1_msa,input_model_4,0.95,0.9463,0.9374,2.63,3.17,0.943,0.9086,0.9086,0.9392,1.29,1.37,2.27
boltz2,no_msa,5A6W,boltz2,input_model_0,0.91,0.7804,0.6306,6.34,9.59,0.2205,0.237,0.2205,0.6606,2.95,0.75,22.91
boltz2,no_msa,5A6W,boltz2,input_model_0,0.89,0.6703,0.4348,9.2,14.45,0.0,0.003,0.0,0.4819,2.8,0.68,22.28
boltz2,no_msa,5A6W,boltz2,input_model_0,0.89,0.6281,0.3697,10.44,16.27,0.0,0.0,0.0,0.4214,2.85,10.83,32.78
boltz2,no_msa,5A6W,boltz2,input_model_0,0.9,0.6093,0.3234,10.7,17.26,0.0,0.0,0.0,0.3806,2.88,0.62,22.73
boltz2,no_msa,5A6W,boltz2,input_model_2,0.87,0.5984,0.2949,10.79,17.27,0.0,0.0,0.0,0.3556,2.89,0.79,34.78
boltz2,no_msa,5A6W,boltz2,input_model_1,0.87,0.5961,0.2871,11.21,18.0,0.0,0.0,0.0,0.3489,2.89,0.59,28.05
boltz2,no_msa,5A6W,boltz2,input_model_3,0.87,0.5885,0.2779,11.26,18.03,0.0,0.0,0.0,0.34,2.86,1.02,33.26
boltz2,no_msa,5A6W,boltz2,input_model_1,0.89,0.5796,0.2678,11.49,18.53,0.0,0.0,0.0,0.3302,2.95,0.57,23.7
boltz2,no_msa,5A6W,boltz2,input_model_3,0.87,0.5737,0.2559,11.71,18.93,0.0,0.0,0.0,0.3195,2.95,0.64,24.19
boltz2,no_msa,5A6W,boltz2,input_model_2,0.87,0.5702,0.2438,11.78,19.18,0.0,0.0,0.0,0.3091,2.81,0.47,25.26
boltz2,no_msa,5A6W,boltz2,input_model_2,0.88,0.569,0.2415,11.98,19.3,0.0,0.0,0.0,0.307,2.97,0.54,23.9
boltz2,no_msa,5A6W,boltz2,input_model_2,0.89,0.5703,0.2412,11.85,19.18,0.0,0.0,0.0,0.307,2.83,0.63,24.41
boltz2,no_msa,5A6W,boltz2,input_model_1,0.89,0.566,0.2377,11.91,19.31,0.0,0.0,0.0,0.3034,2.99,0.67,23.43
boltz2,no_msa,5A6W,boltz2,input_model_3,0.87,0.5486,0.2095,12.26,20.08,0.0,0.0,0.0,0.2773,2.85,0.6,22.59
boltz2,no_msa,5A6W,boltz2,input_model_1,0.91,0.5414,0.1998,12.44,20.24,0.0,0.0,0.0,0.2681,3.02,0.91,21.59
boltz2,no_msa,5A6W,boltz2,input_model_3,0.89,0.5461,0.1977,12.51,20.56,0.0,0.0,0.0,0.2674,3.06,0.57,24.04
boltz2,no_msa,5A6W,boltz2,input_model_4,0.85,0.5393,0.193,12.45,20.23,0.0,0.0,0.0,0.2623,2.78,0.73,37.73
boltz2,no_msa,5A6W,boltz2,input_model_1,0.89,0.5381,0.1829,12.69,20.72,0.0,0.0,0.0,0.2539,2.8,0.41,24.64
boltz2,no_msa,5A6W,boltz2,input_model_0,0.91,0.5278,0.168,12.74,21.11,0.0,0.0,0.0,0.24,2.96,0.64,24.18
boltz2,no_msa,5A6W,boltz2,input_model_2,0.89,0.5148,0.1429,13.24,21.83,0.0,0.0,0.0,0.2173,2.98,0.65,22.47
boltz2,no_msa,5A6W,boltz2,input_model_3,0.87,0.5173,0.14,13.29,21.95,0.0,0.0,0.0,0.2155,2.79,0.84,24.21
boltz2,no_msa,5A6W,boltz2,input_model_4,0.87,0.5076,0.1304,13.46,22.31,0.0,0.0,0.0,0.2058,2.84,0.62,25.03
boltz2,no_msa,5A6W,boltz2,input_model_4,0.87,0.5079,0.1292,13.55,22.36,0.0,0.0,0.0,0.2049,2.79,0.71,24.11
boltz2,no_msa,5A6W,boltz2,input_model_4,0.88,0.5007,0.1186,13.64,22.73,0.0,0.0,0.0,0.195,2.97,0.77,25.45
boltz2,no_msa,5A6W,boltz2,input_model_4,0.84,0.4974,0.1038,14.07,22.85,0.0,0.0,0.0,0.1825,2.81,10.72,32.03
boltz2,msa,5A6W,boltz2_msa,input_model_0,0.95,0.9453,0.9095,2.18,2.93,0.8696,0.869,0.869,0.9167,2.66,0.5,27.42
boltz2,msa,5A6W,boltz2_msa,input_model_0,0.95,0.9435,0.9076,2.23,2.99,0.8654,0.8647,0.8647,0.9148,2.54,0.56,27.59
boltz2,msa,5A6W,boltz2_msa,input_model_0,0.95,0.9424,0.903,2.24,3.03,0.8539,0.8572,0.8539,0.9109,2.56,0.52,27.64
boltz2,msa,5A6W,boltz2_msa,input_model_0,0.95,0.9431,0.9029,2.24,3.03,0.8523,0.8581,0.8523,0.9109,2.71,0.54,27.23
boltz2,msa,5A6W,boltz2_msa,input_model_0,0.96,0.9409,0.9,2.3,3.11,0.8477,0.8524,0.8477,0.9082,2.64,0.58,27.64
boltz2,msa,5A6W,boltz2_msa,input_model_1,0.95,0.9407,0.8992,2.33,3.14,0.8424,0.8513,0.8424,0.9075,2.88,0.52,27.44
boltz2,msa,5A6W,boltz2_msa,input_model_1,0.95,0.9393,0.8978,2.37,3.2,0.8385,0.8454,0.8385,0.9061,2.75,0.5,27.81
boltz2,msa,5A6W,boltz2_msa,input_model_1,0.95,0.9399,0.895,2.32,3.18,0.8313,0.8424,0.8313,0.904,2.59,0.52,27.36
boltz2,msa,5A6W,boltz2_msa,input_model_1,0.95,0.9374,0.8955,2.41,3.24,0.8439,0.8473,0.8439,0.9039,2.32,0.6,27.69
boltz2,msa,5A6W,boltz2_msa,input_model_2,0.95,0.9356,0.8905,2.46,3.34,0.8228,0.831,0.8228,0.8995,2.57,0.52,27.44
boltz2,msa,5A6W,boltz2_msa,input_model_3,0.95,0.9333,0.8824,2.51,3.48,0.7965,0.8139,0.7965,0.8926,2.64,0.58,27.77
boltz2,msa,5A6W,boltz2_msa,input_model_2,0.95,0.9304,0.8793,2.63,3.59,0.7963,0.8119,0.7963,0.8895,2.7,0.58,27.79
boltz2,msa,5A6W,boltz2_msa,input_model_2,0.95,0.9302,0.8781,2.6,3.58,0.7921,0.8046,0.7921,0.8885,2.58,0.68,27.58
boltz2,msa,5A6W,boltz2_msa,input_model_3,0.95,0.9302,0.8763,2.59,3.61,0.7808,0.798,0.7808,0.8871,2.57,0.52,27.62
boltz2,msa,5A6W,boltz2_msa,input_model_2,0.95,0.9204,0.8595,2.85,3.97,0.7413,0.7653,0.7413,0.8717,2.58,0.58,27.52
boltz2,msa,5A6W,boltz2_msa,input_model_4,0.95,0.9203,0.8583,2.85,4.0,0.7307,0.7575,0.7307,0.8707,2.54,0.5,27.62
boltz2,msa,5A6W,boltz2_msa,input_model_1,0.95,0.9157,0.8515,3.0,4.19,0.7213,0.7458,0.7213,0.8643,2.72,0.58,27.69
boltz2,msa,5A6W,boltz2_msa,input_model_4,0.95,0.9142,0.8474,3.01,4.27,0.6971,0.7295,0.6971,0.8608,2.66,0.51,27.29
boltz2,msa,5A6W,boltz2_msa,input_model_2,0.95,0.9139,0.8464,2.98,4.26,0.6941,0.7249,0.6941,0.8599,2.55,0.55,27.59
boltz2,msa,5A6W,boltz2_msa,input_model_3,0.95,0.9124,0.842,3.05,4.4,0.6717,0.7081,0.6717,0.8561,2.53,0.56,27.63
boltz2,msa,5A6W,boltz2_msa,input_model_3,0.95,0.9082,0.8363,3.11,4.52,0.6524,0.6911,0.6524,0.8507,2.53,0.51,27.83
boltz2,msa,5A6W,boltz2_msa,input_model_4,0.94,0.9056,0.8286,3.22,4.73,0.6184,0.6725,0.6184,0.844,2.59,0.53,27.53
boltz2,msa,5A6W,boltz2_msa,input_model_3,0.94,0.9006,0.8215,3.4,4.89,0.6383,0.6714,0.6383,0.8373,2.64,0.59,27.99
boltz2,msa,5A6W,boltz2_msa,input_model_4,0.94,0.8872,0.7947,3.68,5.44,0.5442,0.6001,0.5442,0.8132,2.48,0.62,27.71
boltz2,msa,5A6W,boltz2_msa,input_model_4,0.94,0.8719,0.7638,4.1,6.12,0.4699,0.5388,0.4699,0.7854,2.76,0.54,28.04
chai1,no_msa,5A6W,chai1,pred.model_idx_1,85.9,0.5676,0.3295,0.0,0.0,0.0,0.0,0.0,0.3771,2.69,8.41,39.94
chai1,no_msa,5A6W,chai1,pred.model_idx_4,85.57,0.5617,0.3165,0.0,0.0,0.0,0.0,0.0,0.3655,2.52,7.78,38.43
chai1,no_msa,5A6W,chai1,pred.model_idx_1,85.47,0.5627,0.315,0.0,0.0,0.0,0.0,0.0,0.3645,2.78,6.99,37.29
chai1,no_msa,5A6W,chai1,pred.model_idx_2,84.25,0.5295,0.1681,0.0,0.0,0.0,0.0,0.0,0.2404,2.65,9.11,26.56
chai1,no_msa,5A6W,chai1,pred.model_idx_3,84.18,0.5244,0.1202,0.0,0.0,0.0,0.0,0.0,0.201,2.74,1.02,19.55
chai1,no_msa,5A6W,chai1,pred.model_idx_4,84.35,0.5249,0.1192,0.0,0.0,0.0,0.0,0.0,0.2003,2.75,2.27,20.21
chai1,no_msa,5A6W,chai1,pred.model_idx_1,83.91,0.5242,0.119,0.0,0.0,0.0,0.0,0.0,0.2,2.77,2.15,27.32
chai1,no_msa,5A6W,chai1,pred.model_idx_3,84.3,0.523,0.1173,0.0,0.0,0.0,0.0,0.0,0.1984,2.73,0.88,22.27
chai1,no_msa,5A6W,chai1,pred.model_idx_3,84.19,0.5233,0.1165,0.0,0.0,0.0,0.0,0.0,0.1979,2.68,1.73,22.47
chai1,no_msa,5A6W,chai1,pred.model_idx_4,84.33,0.5222,0.1168,0.0,0.0,0.0,0.0,0.0,0.1979,2.77,1.55,24.86
chai1,no_msa,5A6W,chai1,pred.model_idx_0,84.34,0.5231,0.1165,0.0,0.0,0.0,0.0,0.0,0.1978,2.74,0.9,19.57
chai1,no_msa,5A6W,chai1,pred.model_idx_0,84.09,0.5226,0.1162,0.0,0.0,0.0,0.0,0.0,0.1975,2.64,0.99,18.27
chai1,no_msa,5A6W,chai1,pred.model_idx_3,84.03,0.5216,0.1163,0.0,0.0,0.0,0.0,0.0,0.1974,2.78,0.98,18.6
chai1,no_msa,5A6W,chai1,pred.model_idx_2,84.18,0.5229,0.1155,0.0,0.0,0.0,0.0,0.0,0.197,2.49,2.02,18.59
chai1,no_msa,5A6W,chai1,pred.model_idx_2,84.12,0.5223,0.1157,0.0,0.0,0.0,0.0,0.0,0.197,2.75,1.74,22.99
chai1,no_msa,5A6W,chai1,pred.model_idx_1,84.29,0.5228,0.1148,0.0,0.0,0.0,0.0,0.0,0.1964,2.67,1.99,16.42
chai1,no_msa,5A6W,chai1,pred.model_idx_0,84.45,0.5231,0.1146,0.0,0.0,0.0,0.0,0.0,0.1963,2.72,1.14,18.18
chai1,no_msa,5A6W,chai1,pred.model_idx_3,84.49,0.5224,0.1148,0.0,0.0,0.0,0.0,0.0,0.1963,2.86,1.16,17.95
chai1,no_msa,5A6W,chai1,pred.model_idx_2,84.45,0.5226,0.1143,0.0,0.0,0.0,0.0,0.0,0.196,2.72,1.01,17.27
chai1,no_msa,5A6W,chai1,pred.model_idx_0,84.2,0.5219,0.114,0.0,0.0,0.0,0.0,0.0,0.1956,2.73,1.68,17.72
chai1,no_msa,5A6W,chai1,pred.model_idx_4,84.01,0.5211,0.1135,0.0,0.0,0.0,0.0,0.0,0.195,2.78,1.07,18.63
chai1,no_msa,5A6W,chai1,pred.model_idx_0,84.51,0.5196,0.112,0.0,0.0,0.0,0.0,0.0,0.1935,2.63,1.9,14.05
chai1,no_msa,5A6W,chai1,pred.model_idx_2,84.18,0.52,0.1106,0.0,0.0,0.0,0.0,0.0,0.1925,2.75,1.91,15.63
chai1,no_msa,5A6W,chai1,pred.model_idx_4,84.43,0.5198,0.1103,0.0,0.0,0.0,0.0,0.0,0.1922,2.65,1.22,14.36
chai1,no_msa,5A6W,chai1,pred.model_idx_1,84.32,0.5184,0.1086,0.0,0.0,0.0,0.0,0.0,0.1906,2.5,1.79,15.53
colabfold,msa,5A6W,colabfold,complex_unrelaxed_rank_001_alphafold2_multimer_v3_model_4_seed_001,89.3,0.79,0.72,4.95,6.71,0.5031,0.5736,0.5031,0.734,2.34,0.96,28.3
colabfold,msa,5A6W,colabfold,complex_unrelaxed_rank_002_alphafold2_multimer_v3_model_3_seed_002,89.1,0.79,0.68,5.11,7.03,0.4457,0.5086,0.4457,0.702,2.34,0.98,28.52
colabfold,msa,5A6W,colabfold,complex_unrelaxed_rank_003_alphafold2_multimer_v3_model_4_seed_004,88.29,0.77,0.63,5.7,8.12,0.3479,0.4463,0.3479,0.658,2.29,0.98,1.67
colabfold,msa,5A6W,colabfold,complex_unrelaxed_rank_004_alphafold2_multimer_v3_model_4_seed_003,86.79,0.73,0.6,5.99,8.77,0.2898,0.3839,0.2898,0.626,2.35,0.96,28.38
colabfold,msa,5A6W,colabfold,complex_unrelaxed_rank_005_alphafold2_multimer_v3_model_3_seed_000,87.29,0.75,0.57,6.03,8.98,0.2685,0.3676,0.2685,0.606,2.37,0.94,37.1
colabfold,msa,5A6W,colabfold,complex_unrelaxed_rank_006_alphafold2_multimer_v3_model_1_seed_004,81.88,0.62,0.31,9.21,15.25,0.0059,0.0731,0.0059,0.372,2.36,0.98,28.47
colabfold,msa,5A6W,colabfold,complex_unrelaxed_rank_007_alphafold2_multimer_v3_model_2_seed_001,83.0,0.61,0.27,9.47,15.82,0.0027,0.0543,0.0027,0.338,2.47,0.74,35.93
colabfold,msa,5A6W,colabfold,complex_unrelaxed_rank_008_alphafold2_multimer_v3_model_1_seed_002,79.41,0.58,0.23,9.76,16.33,0.0,0.0504,0.0,0.3,2.41,1.2,31.7
colabfold,msa,5A6W,colabfold,complex_unrelaxed_rank_009_alphafold2_multimer_v3_model_2_seed_002,81.62,0.58,0.22,10.46,17.83,0.0,0.0267,0.0,0.292,2.47,0.89,26.87
colabfold,msa,5A6W,colabfold,complex_unrelaxed_rank_010_alphafold2_multimer_v3_model_4_seed_000,79.92,0.57,0.21,9.94,16.68,0.0,0.0333,0.0,0.282,2.38,1.06,31.82
colabfold,msa,5A6W,colabfold,complex_unrelaxed_rank_012_alphafold2_multimer_v3_model_2_seed_004,81.61,0.57,0.21,10.48,17.88,0.0,0.0207,0.0,0.282,2.45,0.75,26.61
colabfold,msa,5A6W,colabfold,complex_unrelaxed_rank_011_alphafold2_multimer_v3_model_4_seed_002,78.59,0.56,0.21,10.17,16.93,0.0,0.0269,0.0,0.28,2.36,1.28,32.02
colabfold,msa,5A6W,colabfold,complex_unrelaxed_rank_013_alphafold2_multimer_v3_model_5_seed_003,78.71,0.57,0.2,10.47,17.63,0.0,0.0242,0.0,0.274,2.38,1.17,33.55
colabfold,msa,5A6W,colabfold,complex_unrelaxed_rank_014_alphafold2_multimer_v3_model_5_seed_004,77.84,0.57,0.2,10.46,17.69,0.0,0.0257,0.0,0.274,2.42,1.03,33.63
colabfold,msa,5A6W,colabfold,complex_unrelaxed_rank_015_alphafold2_multimer_v3_model_5_seed_001,78.74,0.57,0.2,10.31,17.39,0.0,0.0263,0.0,0.274,2.38,1.06,33.8
colabfold,msa,5A6W,colabfold,complex_unrelaxed_rank_016_alphafold2_multimer_v3_model_5_seed_000,78.75,0.57,0.2,10.44,17.62,0.0,0.0227,0.0,0.274,2.39,1.14,33.69
colabfold,msa,5A6W,colabfold,complex_unrelaxed_rank_017_alphafold2_multimer_v3_model_3_seed_004,80.13,0.57,0.2,10.51,17.75,0.0,0.0269,0.0,0.274,2.36,1.09,33.62
colabfold,msa,5A6W,colabfold,complex_unrelaxed_rank_018_alphafold2_multimer_v3_model_3_seed_003,79.46,0.57,0.19,10.63,17.97,0.0,0.0283,0.0,0.266,2.32,1.06,33.04
colabfold,msa,5A6W,colabfold,complex_unrelaxed_rank_020_alphafold2_multimer_v3_model_3_seed_001,79.42,0.57,0.19,10.75,18.16,0.0,0.0224,0.0,0.266,2.35,1.09,33.18
colabfold,msa,5A6W,colabfold,complex_unrelaxed_rank_021_alphafold2_multimer_v3_model_1_seed_000,78.14,0.57,0.19,10.83,18.57,0.0,0.025,0.0,0.266,2.45,1.16,23.04
colabfold,msa,5A6W,colabfold,complex_unrelaxed_rank_019_alphafold2_multimer_v3_model_5_seed_002,78.25,0.56,0.19,10.77,18.28,0.0,0.0142,0.0,0.264,2.39,1.19,33.2
colabfold,msa,5A6W,colabfold,complex_unrelaxed_rank_022_alphafold2_multimer_v3_model_1_seed_003,77.7,0.56,0.19,10.83,18.41,0.0,0.0207,0.0,0.264,2.42,1.27,30.08
colabfold,msa,5A6W,colabfold,complex_unrelaxed_rank_023_alphafold2_multimer_v3_model_2_seed_000,81.14,0.56,0.18,11.05,19.0,0.0,0.0153,0.0,0.256,2.49,0.76,24.94
colabfold,msa,5A6W,colabfold,complex_unrelaxed_rank_024_alphafold2_multimer_v3_model_1_seed_001,78.46,0.56,0.17,11.05,19.07,0.0,0.0155,0.0,0.248,2.5,1.03,23.75
colabfold,msa,5A6W,colabfold,complex_unrelaxed_rank_025_alphafold2_multimer_v3_model_2_seed_003,80.69,0.55,0.15,11.66,20.26,0.0,0.0058,0.0,0.23,2.61,0.92,15.49
colabfold,no_msa,5A6W,colabfold_nomsa,complex_unrelaxed_rank_004_alphafold2_multimer_v3_model_4_seed_004,50.58,0.42,0.13,17.16,22.39,0.0,0.0,0.0,0.188,4.74,10.17,35.14
colabfold,no_msa,5A6W,colabfold_nomsa,complex_unrelaxed_rank_006_alphafold2_multimer_v3_model_2_seed_001,46.59,0.4,0.12,17.62,22.74,0.0027,0.0,0.0,0.176,8.02,14.38,24.52
colabfold,no_msa,5A6W,colabfold_nomsa,complex_unrelaxed_rank_001_alphafold2_multimer_v3_model_3_seed_000,41.05,0.31,0.14,17.85,22.04,0.0,0.0,0.0,0.174,4.46,8.79,36.13
colabfold,no_msa,5A6W,colabfold_nomsa,complex_unrelaxed_rank_005_alphafold2_multimer_v3_model_5_seed_000,38.35,0.29,0.13,19.02,23.26,0.0,0.0,0.0,0.162,6.75,14.25,26.18
colabfold,no_msa,5A6W,colabfold_nomsa,complex_unrelaxed_rank_002_alphafold2_multimer_v3_model_5_seed_004,35.15,0.24,0.14,19.67,23.01,0.0,0.0,0.0,0.16,8.5,14.65,24.54
colabfold,no_msa,5A6W,colabfold_nomsa,complex_unrelaxed_rank_003_alphafold2_multimer_v3_model_5_seed_001,34.47,0.23,0.14,19.81,23.26,0.0,0.0,0.0,0.158,6.59,14.64,24.68
colabfold,no_msa,5A6W,colabfold_nomsa,complex_unrelaxed_rank_007_alphafold2_multimer_v3_model_3_seed_001,36.11,0.24,0.12,19.14,22.62,0.0,0.0,0.0,0.144,8.22,14.55,24.93
colabfold,no_msa,5A6W,colabfold_nomsa,complex_unrelaxed_rank_009_alphafold2_multimer_v3_model_4_seed_000,36.23,0.23,0.12,19.71,23.31,0.0,0.0,0.0,0.142,4.88,15.8,37.89
colabfold,no_msa,5A6W,colabfold_nomsa,complex_unrelaxed_rank_011_alphafold2_multimer_v3_model_4_seed_001,35.7,0.26,0.11,19.57,23.16,0.0,0.0,0.0,0.14,7.09,15.02,24.33
colabfold,no_msa,5A6W,colabfold_nomsa,complex_unrelaxed_rank_010_alphafold2_multimer_v3_model_4_seed_002,36.51,0.25,0.11,19.43,23.18,0.0,0.0,0.0,0.138,5.14,15.14,39.92
colabfold,no_msa,5A6W,colabfold_nomsa,complex_unrelaxed_rank_013_alphafold2_multimer_v3_model_4_seed_003,36.32,0.25,0.11,19.55,23.34,0.0,0.0,0.0,0.138,5.38,15.24,39.26
colabfold,no_msa,5A6W,colabfold_nomsa,complex_unrelaxed_rank_022_alphafold2_multimer_v3_model_5_seed_002,49.47,0.41,0.07,18.38,24.87,0.0,0.0,0.0,0.138,2.47,14.35,33.24
colabfold,no_msa,5A6W,colabfold_nomsa,complex_unrelaxed_rank_008_alphafold2_multimer_v3_model_1_seed_004,32.07,0.18,0.12,20.34,23.55,0.0,0.0,0.0,0.132,12.83,15.09,39.03
colabfold,no_msa,5A6W,colabfold_nomsa,complex_unrelaxed_rank_021_alphafold2_multimer_v3_model_2_seed_002,44.01,0.38,0.07,19.28,25.41,0.0,0.0,0.0,0.132,2.64,13.63,35.2
colabfold,no_msa,5A6W,colabfold_nomsa,complex_unrelaxed_rank_012_alphafold2_multimer_v3_model_1_seed_003,32.61,0.19,0.11,20.06,23.13,0.0,0.0,0.0,0.126,9.94,15.02,35.43
colabfold,no_msa,5A6W,colabfold_nomsa,complex_unrelaxed_rank_014_alphafold2_multimer_v3_model_3_seed_004,32.48,0.2,0.1,20.3,23.77,0.0,0.0,0.0,0.12,4.94,14.81,36.84
colabfold,no_msa,5A6W,colabfold_nomsa,complex_unrelaxed_rank_015_alphafold2_multimer_v3_model_3_seed_003,32.2,0.2,0.1,20.35,23.52,0.0,0.0,0.0,0.12,9.82,16.28,23.31
colabfold,no_msa,5A6W,colabfold_nomsa,complex_unrelaxed_rank_016_alphafold2_multimer_v3_model_3_seed_002,33.22,0.21,0.09,20.26,23.79,0.0,0.0,0.0,0.114,4.99,14.98,36.92
colabfold,no_msa,5A6W,colabfold_nomsa,complex_unrelaxed_rank_023_alphafold2_multimer_v3_model_2_seed_004,39.32,0.28,0.07,20.28,25.42,0.0,0.0,0.0,0.112,2.4,10.99,32.76
colabfold,no_msa,5A6W,colabfold_nomsa,complex_unrelaxed_rank_024_alphafold2_multimer_v3_model_2_seed_000,39.16,0.27,0.07,20.63,25.63,0.0,0.0,0.0,0.11,2.47,14.73,33.29
colabfold,no_msa,5A6W,colabfold_nomsa,complex_unrelaxed_rank_018_alphafold2_multimer_v3_model_5_seed_003,33.45,0.22,0.08,20.61,24.9,0.0,0.0,0.0,0.108,4.09,15.21,25.65
colabfold,no_msa,5A6W,colabfold_nomsa,complex_unrelaxed_rank_017_alphafold2_multimer_v3_model_1_seed_000,32.61,0.19,0.08,20.79,24.71,0.0,0.0,0.0,0.102,5.67,15.2,38.13
colabfold,no_msa,5A6W,colabfold_nomsa,complex_unrelaxed_rank_019_alphafold2_multimer_v3_model_1_seed_001,32.95,0.19,0.08,20.48,24.23,0.0,0.0,0.0,0.102,5.56,15.28,38.96
colabfold,no_msa,5A6W,colabfold_nomsa,complex_unrelaxed_rank_020_alphafold2_multimer_v3_model_1_seed_002,31.94,0.19,0.08,20.95,24.66,0.0,0.0,0.0,0.102,5.77,15.21,38.42
colabfold,no_msa,5A6W,colabfold_nomsa,complex_unrelaxed_rank_025_alphafold2_multimer_v3_model_2_seed_003,37.88,0.25,0.06,20.79,25.65,0.0,0.0,0.0,0.098,2.62,13.37,34.52
esmfold2,no_msa,5A6W,esmfold2,output_seed123_esmfold2_pred,89.61,0.891,0.8659,3.81,5.01,0.7731,0.7589,0.7589,0.8709,2.07,0.62,2.15
esmfold2,no_msa,5A6W,esmfold2,output_seed1024_esmfold2_pred,89.53,0.8889,0.8619,3.87,5.11,0.7606,0.7363,0.7363,0.8673,1.74,0.64,1.28
esmfold2,no_msa,5A6W,esmfold2,output_seed789_esmfold2_pred,89.51,0.8862,0.8561,3.9,5.15,0.7493,0.7281,0.7281,0.8621,1.21,0.67,1.63
esmfold2,no_msa,5A6W,esmfold2,output_esmfold2_pred,89.47,0.8857,0.8546,3.87,5.1,0.7654,0.7401,0.7401,0.8608,1.21,0.6,2.0
esmfold2,no_msa,5A6W,esmfold2,output_seed456_esmfold2_pred,89.46,0.8793,0.8438,3.98,5.35,0.7303,0.7115,0.7115,0.8509,1.21,0.63,1.99
af2m,msa,5ZNG,af2m,ranked_0,65.72,0.6458,0.7782,11.95,15.86,0.2816,0.7421,0.2816,0.7517,1.73,13.09,17.4
af2m,msa,5ZNG,af2m,ranked_1,65.63,0.6454,0.7737,11.85,15.78,0.2776,0.7331,0.2776,0.748,1.83,12.9,17.09
af2m,msa,5ZNG,af2m,ranked_2,66.14,0.649,0.7719,11.79,15.62,0.2778,0.7261,0.2778,0.7473,1.77,12.91,17.21
af2m,msa,5ZNG,af2m,ranked_3,65.51,0.6493,0.7689,11.65,15.51,0.2713,0.7258,0.2713,0.745,1.66,12.31,16.34
af2m,msa,5ZNG,af2m,ranked_4,66.28,0.6622,0.7634,11.25,14.78,0.2846,0.7032,0.2846,0.7432,1.79,12.82,16.98
af2m,msa,5ZNG,af2m,ranked_5,68.18,0.6565,0.7644,11.18,15.06,0.2715,0.7242,0.2715,0.7428,1.9,11.53,16.03
af2m,msa,5ZNG,af2m,ranked_6,65.09,0.6455,0.7668,11.62,15.62,0.2583,0.6898,0.2583,0.7425,1.65,11.17,14.08
af2m,msa,5ZNG,af2m,ranked_7,66.55,0.6581,0.7428,11.46,15.04,0.2747,0.6499,0.2747,0.7259,1.87,12.6,17.0
af2m,msa,5ZNG,af2m,ranked_8,65.98,0.651,0.7439,11.63,15.4,0.2699,0.65,0.2699,0.7253,1.74,13.53,17.29
af2m,msa,5ZNG,af2m,ranked_9,67.67,0.659,0.7408,11.25,14.85,0.2733,0.6416,0.2733,0.7244,1.83,14.1,17.37
af2m,msa,5ZNG,af2m,ranked_10,66.76,0.6604,0.7307,11.27,14.84,0.2656,0.608,0.2656,0.7166,1.89,13.67,17.35
af2m,msa,5ZNG,af2m,ranked_11,65.27,0.6399,0.7268,11.8,15.88,0.2354,0.5849,0.2354,0.7094,1.55,11.42,14.76
af2m,msa,5ZNG,af2m,ranked_12,64.93,0.6323,0.7285,12.18,16.57,0.2485,0.6145,0.2485,0.7093,2.18,12.69,16.82
af2m,msa,5ZNG,af2m,ranked_13,65.64,0.6461,0.7237,11.57,15.56,0.2271,0.557,0.2271,0.7082,1.55,11.3,13.93
af2m,msa,5ZNG,af2m,ranked_14,65.07,0.6352,0.6938,12.13,16.46,0.2289,0.5181,0.2289,0.6821,2.13,12.67,16.78
af2m,msa,5ZNG,af2m,ranked_15,65.18,0.6361,0.6641,11.92,16.25,0.2161,0.4516,0.2161,0.6585,2.11,8.26,13.91
af2m,msa,5ZNG,af2m,ranked_16,64.46,0.6277,0.6161,12.59,17.01,0.1713,0.345,0.1713,0.6184,0.77,13.3,17.57
af2m,msa,5ZNG,af2m,ranked_17,63.91,0.5918,0.3202,13.38,18.75,0.0535,0.0137,0.0137,0.3745,0.78,14.38,17.87
af2m,msa,5ZNG,af2m,ranked_18,62.67,0.5857,0.2198,13.21,18.62,0.0257,0.0031,0.0031,0.293,0.75,11.12,14.94
af2m,msa,5ZNG,af2m,ranked_19,63.4,0.5737,0.1986,13.59,19.42,0.0237,0.0,0.0,0.2736,0.76,14.07,20.47
af2m,msa,5ZNG,af2m,ranked_20,67.76,0.5564,0.152,12.56,19.31,0.0,0.0,0.0,0.2329,1.31,7.83,37.16
af2m,msa,5ZNG,af2m,ranked_21,66.84,0.556,0.1509,12.71,19.48,0.0,0.0,0.0,0.2319,1.32,8.15,36.7
af2m,msa,5ZNG,af2m,ranked_22,64.32,0.546,0.1422,13.54,21.04,0.0,0.0,0.0,0.223,1.63,7.67,13.22
af2m,msa,5ZNG,af2m,ranked_23,61.57,0.5556,0.1311,14.37,20.99,0.0,0.0,0.0,0.216,0.78,12.24,21.49
af2m,msa,5ZNG,af2m,ranked_24,64.09,0.537,0.114,13.78,21.64,0.0,0.0,0.0,0.1986,1.23,5.99,17.09
af3,msa,5ZNG,af3,seed-1024_sample-2,89.45,0.87,0.85,4.22,4.93,0.7647,0.8316,0.7647,0.854,2.01,10.64,12.29
af3,msa,5ZNG,af3,seed-1024_sample-0,87.65,0.85,0.84,4.88,5.89,0.697,0.79,0.697,0.842,0.9,11.12,12.4
af3,msa,5ZNG,af3,seed-1024_sample-3,88.04,0.85,0.84,4.93,5.85,0.6992,0.8028,0.6992,0.842,3.4,11.1,12.48
af3,msa,5ZNG,af3,seed-1024_sample-4,88.25,0.85,0.84,4.92,5.81,0.6985,0.799,0.6985,0.842,3.07,11.14,12.57
af3,msa,5ZNG,af3,seed-1024_sample-1,87.48,0.85,0.83,5.04,6.09,0.6724,0.7887,0.6724,0.834,1.01,10.89,12.24
af3,msa,5ZNG,af3,seed-123_sample-3,69.42,0.77,0.63,7.11,9.26,0.4256,0.4632,0.4256,0.658,1.27,9.81,14.22
af3,msa,5ZNG,af3,seed-123_sample-4,66.94,0.75,0.56,7.73,10.55,0.3522,0.3106,0.3106,0.598,0.86,11.2,19.25
af3,msa,5ZNG,af3,seed-456_sample-3,64.52,0.67,0.55,10.4,14.2,0.1492,0.2881,0.1492,0.574,0.64,13.06,19.06
af3,msa,5ZNG,af3,seed-123_sample-0,66.34,0.72,0.52,8.88,11.85,0.2894,0.2827,0.2827,0.56,1.51,10.43,17.02
af3,msa,5ZNG,af3,seed-456_sample-1,63.14,0.66,0.48,10.81,14.89,0.0995,0.1858,0.0995,0.516,0.69,11.75,14.76
af3,msa,5ZNG,af3,seed-456_sample-0,59.38,0.6,0.38,13.39,18.8,0.0339,0.0296,0.0296,0.424,0.57,11.7,14.05
af3,msa,5ZNG,af3,seed-123_sample-2,62.12,0.65,0.36,11.09,15.86,0.1061,0.0384,0.0384,0.418,1.41,10.65,20.88
af3,msa,5ZNG,af3,seed-789_sample-0,59.97,0.64,0.32,10.99,15.5,0.0901,0.0271,0.0271,0.384,0.56,4.17,12.49
af3,msa,5ZNG,af3,seed-456_sample-4,61.16,0.62,0.32,11.71,16.15,0.0699,0.0395,0.0395,0.38,2.98,12.36,19.79
af3,msa,5ZNG,af3,seed-789_sample-3,58.27,0.61,0.31,12.44,17.65,0.0418,0.0307,0.0307,0.37,0.78,10.79,21.96
af3,msa,5ZNG,af3,seed-789_sample-2,58.47,0.63,0.29,12.14,17.05,0.0509,0.032,0.032,0.358,0.72,9.74,15.54
af3,msa,5ZNG,af3,seed-789_sample-4,58.67,0.62,0.29,12.18,16.66,0.0468,0.0112,0.0112,0.356,0.42,12.98,19.34
af3,msa,5ZNG,af3,seed-789_sample-1,57.95,0.61,0.29,12.87,17.61,0.0377,0.0165,0.0165,0.354,1.76,13.95,18.07
af3,msa,5ZNG,af3,seed-123_sample-1,61.58,0.63,0.28,11.41,16.38,0.0511,0.0167,0.0167,0.35,0.39,9.87,15.82
af3,msa,5ZNG,af3,seed-456_sample-2,58.76,0.61,0.27,12.57,17.3,0.025,0.0128,0.0128,0.338,0.97,12.22,21.03
af3,msa,5ZNG,af3,seed-42_sample-2,63.5,0.59,0.2,13.05,19.32,0.0053,0.0,0.0,0.278,0.51,8.39,15.48
af3,msa,5ZNG,af3,seed-42_sample-1,62.75,0.57,0.17,13.38,19.92,0.0,0.0,0.0,0.25,0.54,8.87,14.55
af3,msa,5ZNG,af3,seed-42_sample-4,63.11,0.57,0.17,13.43,20.03,0.0,0.0,0.0,0.25,0.6,9.6,17.05
af3,msa,5ZNG,af3,seed-42_sample-0,62.84,0.57,0.16,13.65,20.33,0.0,0.0,0.0,0.242,0.39,8.24,15.44
af3,msa,5ZNG,af3,seed-42_sample-3,62.17,0.56,0.16,13.83,20.33,0.0,0.0,0.0,0.24,1.23,8.07,14.98
af3,no_msa,5ZNG,af3_nomsa,seed-1024_sample-1,67.53,0.74,0.57,7.5,10.34,0.2481,0.191,0.191,0.604,1.77,9.84,13.73
af3,no_msa,5ZNG,af3_nomsa,seed-1024_sample-3,69.1,0.73,0.5,7.84,11.33,0.2218,0.2289,0.2218,0.546,1.61,10.3,40.88
af3,no_msa,5ZNG,af3_nomsa,seed-789_sample-2,65.81,0.69,0.46,9.08,12.15,0.1567,0.1669,0.1567,0.506,2.11,12.13,32.07
af3,no_msa,5ZNG,af3_nomsa,seed-456_sample-0,67.3,0.69,0.45,8.09,11.92,0.1738,0.0829,0.0829,0.498,1.7,8.08,37.8
af3,no_msa,5ZNG,af3_nomsa,seed-456_sample-2,67.44,0.69,0.44,8.84,12.84,0.1683,0.0996,0.0996,0.49,1.84,9.66,40.34
af3,no_msa,5ZNG,af3_nomsa,seed-456_sample-3,63.49,0.67,0.43,9.69,13.16,0.1471,0.1677,0.1471,0.478,1.73,12.12,38.76
af3,no_msa,5ZNG,af3_nomsa,seed-42_sample-1,63.18,0.67,0.42,9.93,13.84,0.0937,0.1389,0.0937,0.47,1.7,10.69,37.41
af3,no_msa,5ZNG,af3_nomsa,seed-42_sample-3,65.12,0.67,0.42,8.81,12.29,0.1256,0.1111,0.1111,0.47,2.53,10.54,36.02
af3,no_msa,5ZNG,af3_nomsa,seed-1024_sample-0,62.75,0.65,0.41,10.21,13.92,0.0827,0.0308,0.0308,0.458,4.01,12.78,36.6
af3,no_msa,5ZNG,af3_nomsa,seed-123_sample-2,63.8,0.67,0.4,9.24,13.33,0.1043,0.0398,0.0398,0.454,1.78,10.09,37.1
af3,no_msa,5ZNG,af3_nomsa,seed-456_sample-1,66.43,0.67,0.4,8.63,12.76,0.0967,0.0545,0.0545,0.454,2.24,10.04,36.36
af3,no_msa,5ZNG,af3_nomsa,seed-42_sample-2,68.06,0.68,0.39,8.56,12.96,0.1389,0.1187,0.1187,0.448,1.43,9.55,41.11
af3,no_msa,5ZNG,af3_nomsa,seed-123_sample-4,64.64,0.66,0.38,9.51,13.75,0.1369,0.0569,0.0569,0.436,1.72,9.77,37.95
af3,no_msa,5ZNG,af3_nomsa,seed-123_sample-3,61.54,0.64,0.38,10.13,13.8,0.0835,0.0356,0.0356,0.432,1.78,9.78,34.29
af3,no_msa,5ZNG,af3_nomsa,seed-456_sample-4,66.86,0.65,0.34,9.92,14.87,0.0733,0.0586,0.0586,0.402,1.68,9.84,43.73
af3,no_msa,5ZNG,af3_nomsa,seed-789_sample-3,63.95,0.63,0.34,10.79,15.19,0.0799,0.0606,0.0606,0.398,3.41,10.02,36.43
af3,no_msa,5ZNG,af3_nomsa,seed-42_sample-4,62.84,0.62,0.33,11.0,15.76,0.0377,0.0398,0.0377,0.388,0.74,10.62,19.34
af3,no_msa,5ZNG,af3_nomsa,seed-123_sample-1,62.71,0.64,0.32,10.37,14.86,0.0444,0.0505,0.0444,0.384,1.68,10.28,37.26
af3,no_msa,5ZNG,af3_nomsa,seed-789_sample-0,63.31,0.63,0.32,11.25,16.5,0.0323,0.0327,0.0323,0.382,1.58,10.38,14.56
af3,no_msa,5ZNG,af3_nomsa,seed-1024_sample-2,60.84,0.62,0.32,11.77,16.01,0.0411,0.0261,0.0261,0.38,2.54,12.02,38.62
af3,no_msa,5ZNG,af3_nomsa,seed-42_sample-0,61.93,0.62,0.31,11.66,16.81,0.0146,0.0031,0.0031,0.372,0.51,9.74,19.19
af3,no_msa,5ZNG,af3_nomsa,seed-1024_sample-4,61.99,0.62,0.28,11.11,16.47,0.0216,0.0053,0.0053,0.348,1.6,10.44,37.68
af3,no_msa,5ZNG,af3_nomsa,seed-123_sample-0,64.52,0.6,0.27,10.83,16.92,0.0216,0.0178,0.0178,0.336,0.94,9.63,40.76
af3,no_msa,5ZNG,af3_nomsa,seed-789_sample-4,61.89,0.6,0.26,11.65,16.9,0.0052,0.0029,0.0029,0.328,1.99,8.91,37.57
af3,no_msa,5ZNG,af3_nomsa,seed-789_sample-1,62.41,0.59,0.25,12.31,18.16,0.0153,0.0128,0.0128,0.318,1.6,10.74,41.23
boltz1,no_msa,5ZNG,boltz1,input_model_0,0.65,0.6537,0.4363,11.13,15.53,0.077,0.1812,0.077,0.4798,1.55,11.65,14.2
boltz1,no_msa,5ZNG,boltz1,input_model_0,0.64,0.6112,0.321,12.81,18.21,0.0148,0.037,0.0148,0.379,1.68,11.57,13.86
boltz1,no_msa,5ZNG,boltz1,input_model_0,0.62,0.5844,0.2255,12.87,18.59,0.0083,0.056,0.0083,0.2973,1.49,11.52,12.87
boltz1,no_msa,5ZNG,boltz1,input_model_1,0.61,0.5883,0.1991,13.73,19.18,0.0,0.0104,0.0,0.2769,1.82,14.44,22.39
boltz1,no_msa,5ZNG,boltz1,input_model_0,0.62,0.5962,0.196,13.0,18.52,0.003,0.0,0.0,0.276,1.67,10.92,17.41
boltz1,no_msa,5ZNG,boltz1,input_model_1,0.61,0.5893,0.1798,13.65,19.58,0.0,0.0,0.0,0.2617,1.79,11.28,16.38
boltz1,no_msa,5ZNG,boltz1,input_model_0,0.62,0.5882,0.1716,13.77,20.11,0.0,0.0,0.0,0.2549,1.81,12.02,13.68
boltz1,no_msa,5ZNG,boltz1,input_model_2,0.62,0.5854,0.1642,14.07,20.63,0.0,0.0,0.0,0.2484,1.76,11.81,14.61
boltz1,no_msa,5ZNG,boltz1,input_model_2,0.62,0.5648,0.1635,14.74,21.65,0.0,0.0,0.0,0.2438,1.75,13.7,17.51
boltz1,no_msa,5ZNG,boltz1,input_model_1,0.64,0.5765,0.1549,13.73,20.87,0.0,0.0,0.0,0.2392,1.57,11.47,13.24
boltz1,no_msa,5ZNG,boltz1,input_model_3,0.62,0.5617,0.1501,14.63,21.63,0.0,0.0,0.0,0.2324,1.79,11.71,13.95
boltz1,no_msa,5ZNG,boltz1,input_model_4,0.62,0.576,0.146,14.0,20.6,0.0,0.0,0.0,0.232,1.77,10.22,15.74
boltz1,no_msa,5ZNG,boltz1,input_model_1,0.63,0.5757,0.1414,14.31,21.44,0.0,0.0,0.0,0.2283,1.74,11.43,13.52
boltz1,no_msa,5ZNG,boltz1,input_model_3,0.62,0.573,0.1381,14.35,21.39,0.0,0.0,0.0,0.2251,1.76,11.77,13.63
boltz1,no_msa,5ZNG,boltz1,input_model_1,0.62,0.5716,0.1339,14.37,21.4,0.0,0.0,0.0,0.2214,1.74,12.1,16.1
boltz1,no_msa,5ZNG,boltz1,input_model_2,0.62,0.5675,0.1294,14.22,21.01,0.0,0.0,0.0,0.217,1.82,11.17,17.44
boltz1,no_msa,5ZNG,boltz1,input_model_3,0.62,0.5667,0.1296,14.26,21.07,0.0,0.0,0.0,0.217,1.59,11.54,15.52
boltz1,no_msa,5ZNG,boltz1,input_model_2,0.62,0.5661,0.1289,14.56,21.95,0.0,0.0,0.0,0.2163,1.46,11.5,13.6
boltz1,no_msa,5ZNG,boltz1,input_model_3,0.62,0.5624,0.1154,14.59,21.62,0.0,0.0,0.0,0.2048,1.45,12.01,13.71
boltz1,no_msa,5ZNG,boltz1,input_model_2,0.63,0.5649,0.1135,14.42,21.38,0.0,0.0,0.0,0.2038,1.65,12.77,19.6
boltz1,no_msa,5ZNG,boltz1,input_model_3,0.62,0.559,0.1133,15.07,22.22,0.0,0.0,0.0,0.2024,1.84,11.79,13.81
boltz1,no_msa,5ZNG,boltz1,input_model_4,0.62,0.5504,0.1102,15.53,23.37,0.0,0.0,0.0,0.1982,1.71,14.13,28.23
boltz1,no_msa,5ZNG,boltz1,input_model_4,0.61,0.5514,0.0954,14.83,21.86,0.0,0.0,0.0,0.1866,1.8,11.93,15.24
boltz1,no_msa,5ZNG,boltz1,input_model_4,0.57,0.545,0.0944,15.35,22.37,0.0,0.0,0.0,0.1845,1.72,14.68,27.21
boltz1,no_msa,5ZNG,boltz1,input_model_4,0.62,0.5516,0.0925,15.12,22.72,0.0,0.0,0.0,0.1843,1.75,11.84,16.1
boltz1,msa,5ZNG,boltz1_msa,input_model_0,0.66,0.597,0.1775,13.89,20.27,0.0025,0.0,0.0,0.2614,0.77,8.85,10.19
boltz1,msa,5ZNG,boltz1_msa,input_model_0,0.68,0.5984,0.1647,13.16,19.68,0.0,0.0,0.0,0.2514,0.76,13.04,17.45
boltz1,msa,5ZNG,boltz1_msa,input_model_0,0.68,0.5947,0.1612,13.14,19.53,0.0,0.0,0.0,0.2479,0.88,11.7,12.19
boltz1,msa,5ZNG,boltz1_msa,input_model_2,0.66,0.5903,0.143,13.48,20.0,0.0,0.0,0.0,0.2325,0.78,11.49,12.29
boltz1,msa,5ZNG,boltz1_msa,input_model_1,0.67,0.5788,0.1398,14.23,21.32,0.0,0.0,0.0,0.2276,0.8,11.13,15.09
boltz1,msa,5ZNG,boltz1_msa,input_model_4,0.63,0.5678,0.1406,15.52,22.19,0.0,0.0,0.0,0.226,1.2,13.06,23.22
boltz1,msa,5ZNG,boltz1_msa,input_model_2,0.66,0.5839,0.1338,13.96,20.66,0.0,0.0,0.0,0.2238,1.18,11.43,12.94
boltz1,msa,5ZNG,boltz1_msa,input_model_2,0.66,0.5844,0.1305,13.99,20.95,0.0,0.0,0.0,0.2213,0.72,11.64,12.95
boltz1,msa,5ZNG,boltz1_msa,input_model_2,0.65,0.5735,0.1328,14.77,22.29,0.0,0.0,0.0,0.2209,0.73,11.24,14.76
boltz1,msa,5ZNG,boltz1_msa,input_model_1,0.66,0.5844,0.1244,13.76,21.02,0.0,0.0,0.0,0.2164,0.89,12.67,14.44
boltz1,msa,5ZNG,boltz1_msa,input_model_3,0.65,0.5784,0.1244,12.98,19.79,0.0,0.0,0.0,0.2152,0.83,11.22,13.87
boltz1,msa,5ZNG,boltz1_msa,input_model_4,0.64,0.5748,0.1203,15.08,22.53,0.0,0.0,0.0,0.2112,0.85,11.39,12.74
boltz1,msa,5ZNG,boltz1_msa,input_model_1,0.67,0.5796,0.1175,14.11,21.58,0.0,0.0,0.0,0.2099,0.75,12.53,14.33
boltz1,msa,5ZNG,boltz1_msa,input_model_3,0.65,0.5787,0.1171,14.23,21.38,0.0,0.0,0.0,0.2094,0.76,11.11,12.04
boltz1,msa,5ZNG,boltz1_msa,input_model_1,0.66,0.5813,0.1153,13.91,21.12,0.0,0.0,0.0,0.2085,0.82,10.52,11.0
boltz1,msa,5ZNG,boltz1_msa,input_model_0,0.67,0.5765,0.1164,14.31,21.43,0.0,0.0,0.0,0.2084,0.78,11.36,12.07
boltz1,msa,5ZNG,boltz1_msa,input_model_1,0.67,0.579,0.1158,13.88,20.93,0.0,0.0,0.0,0.2084,0.79,13.0,16.04
boltz1,msa,5ZNG,boltz1_msa,input_model_3,0.65,0.5776,0.1103,14.46,21.73,0.0,0.0,0.0,0.2038,0.77,12.44,12.69
boltz1,msa,5ZNG,boltz1_msa,input_model_4,0.65,0.5707,0.1073,14.52,21.67,0.0,0.0,0.0,0.2,0.91,9.77,11.42
boltz1,msa,5ZNG,boltz1_msa,input_model_2,0.66,0.5766,0.1033,14.81,22.42,0.0,0.0,0.0,0.198,0.75,12.92,13.77
boltz1,msa,5ZNG,boltz1_msa,input_model_3,0.65,0.5707,0.1047,15.05,22.71,0.0,0.0,0.0,0.1979,0.57,10.06,11.57
boltz1,msa,5ZNG,boltz1_msa,input_model_0,0.67,0.5683,0.098,14.95,23.1,0.0,0.0,0.0,0.1921,0.86,12.49,12.74
boltz1,msa,5ZNG,boltz1_msa,input_model_4,0.64,0.5673,0.0969,15.21,22.79,0.0,0.0,0.0,0.191,0.86,11.78,13.44
boltz1,msa,5ZNG,boltz1_msa,input_model_3,0.66,0.5669,0.0865,14.55,22.73,0.0,0.0,0.0,0.1826,0.75,13.38,16.34
boltz1,msa,5ZNG,boltz1_msa,input_model_4,0.64,0.5643,0.0871,14.93,22.64,0.0,0.0,0.0,0.1825,0.79,11.38,16.01
boltz2,no_msa,5ZNG,boltz2,input_model_2,0.92,0.8772,0.7905,4.02,5.79,0.4737,0.5823,0.4737,0.8078,0.48,0.81,4.68
boltz2,no_msa,5ZNG,boltz2,input_model_0,0.93,0.8758,0.7874,4.14,5.93,0.4704,0.574,0.4704,0.8051,0.52,0.79,3.07
boltz2,no_msa,5ZNG,boltz2,input_model_1,0.93,0.8696,0.7814,4.24,6.11,0.4477,0.5595,0.4477,0.799,0.47,0.75,3.44
boltz2,no_msa,5ZNG,boltz2,input_model_1,0.92,0.8546,0.7438,4.71,6.84,0.3797,0.4659,0.3797,0.766,0.72,0.77,3.54
boltz2,no_msa,5ZNG,boltz2,input_model_0,0.93,0.8475,0.7418,4.96,7.16,0.3642,0.4643,0.3642,0.7629,0.52,0.72,3.04
boltz2,no_msa,5ZNG,boltz2,input_model_0,0.93,0.8405,0.7145,5.1,7.49,0.3342,0.4104,0.3342,0.7397,0.46,0.8,2.13
boltz2,no_msa,5ZNG,boltz2,input_model_1,0.93,0.8325,0.7005,5.35,7.88,0.3084,0.3834,0.3084,0.7269,0.54,0.72,1.45
boltz2,no_msa,5ZNG,boltz2,input_model_0,0.92,0.8163,0.6752,5.77,8.56,0.2618,0.3369,0.2618,0.7034,0.55,0.82,2.08
boltz2,no_msa,5ZNG,boltz2,input_model_3,0.92,0.7887,0.6186,6.75,10.02,0.2027,0.257,0.2027,0.6526,0.49,0.89,1.66
boltz2,no_msa,5ZNG,boltz2,input_model_0,0.93,0.7979,0.6163,6.45,9.77,0.2131,0.2425,0.2131,0.6526,0.52,0.78,2.73
boltz2,no_msa,5ZNG,boltz2,input_model_1,0.92,0.7795,0.5853,6.97,10.6,0.1689,0.2045,0.1689,0.6241,0.63,0.78,2.17
boltz2,no_msa,5ZNG,boltz2,input_model_2,0.92,0.7759,0.5691,7.09,10.91,0.15,0.1841,0.15,0.6105,0.49,0.77,1.47
boltz2,no_msa,5ZNG,boltz2,input_model_4,0.82,0.7549,0.5357,6.93,11.07,0.1332,0.1402,0.1332,0.5795,1.97,0.77,37.79
boltz2,no_msa,5ZNG,boltz2,input_model_3,0.93,0.7546,0.5322,7.93,12.11,0.0873,0.1055,0.0873,0.5767,0.47,0.8,1.67
boltz2,no_msa,5ZNG,boltz2,input_model_4,0.92,0.7434,0.5122,8.04,12.43,0.0593,0.0864,0.0593,0.5584,0.52,0.75,2.32
boltz2,no_msa,5ZNG,boltz2,input_model_2,0.9,0.7373,0.4872,6.88,11.54,0.0787,0.1062,0.0787,0.5372,1.58,0.86,40.68
boltz2,no_msa,5ZNG,boltz2,input_model_2,0.9,0.7229,0.4733,8.29,13.0,0.055,0.0372,0.0372,0.5232,1.67,0.79,39.12
boltz2,no_msa,5ZNG,boltz2,input_model_1,0.89,0.707,0.4477,8.31,13.58,0.0318,0.0235,0.0235,0.4996,1.55,1.01,39.82
boltz2,no_msa,5ZNG,boltz2,input_model_4,0.81,0.6711,0.355,9.34,15.38,0.0057,0.0,0.0,0.4182,1.03,0.78,39.11
boltz2,no_msa,5ZNG,boltz2,input_model_3,0.85,0.6599,0.3392,9.57,16.13,0.0027,0.0,0.0,0.4033,0.43,1.1,39.69
boltz2,no_msa,5ZNG,boltz2,input_model_2,0.86,0.6509,0.3116,9.94,16.73,0.0,0.0,0.0,0.3795,0.48,1.08,39.11
boltz2,no_msa,5ZNG,boltz2,input_model_3,0.86,0.6293,0.2585,10.57,17.96,0.0,0.0,0.0,0.3327,0.5,1.15,39.6
boltz2,no_msa,5ZNG,boltz2,input_model_3,0.86,0.5971,0.1938,11.74,19.8,0.0,0.0,0.0,0.2745,0.82,1.11,39.82
boltz2,no_msa,5ZNG,boltz2,input_model_4,0.84,0.5903,0.1722,11.82,20.37,0.0,0.0,0.0,0.2558,0.69,1.19,39.84
boltz2,no_msa,5ZNG,boltz2,input_model_4,0.84,0.5805,0.1265,12.0,21.2,0.0,0.0,0.0,0.2173,0.63,0.85,40.18
boltz2,msa,5ZNG,boltz2_msa,input_model_0,0.97,0.9603,0.9398,1.65,2.17,0.9213,0.9476,0.9213,0.9439,0.33,0.84,1.86
boltz2,msa,5ZNG,boltz2_msa,input_model_0,0.97,0.9595,0.9385,1.65,2.19,0.9145,0.9453,0.9145,0.9427,0.4,0.8,1.79
boltz2,msa,5ZNG,boltz2_msa,input_model_1,0.97,0.9578,0.9375,1.71,2.25,0.9141,0.9449,0.9141,0.9416,0.31,0.76,2.3
boltz2,msa,5ZNG,boltz2_msa,input_model_1,0.96,0.9584,0.9368,1.69,2.24,0.9127,0.9436,0.9127,0.9411,0.31,0.79,2.23
boltz2,msa,5ZNG,boltz2_msa,input_model_0,0.97,0.9581,0.9367,1.69,2.25,0.9089,0.943,0.9089,0.941,0.39,0.78,1.67
boltz2,msa,5ZNG,boltz2_msa,input_model_1,0.97,0.9573,0.9358,1.71,2.28,0.9097,0.9424,0.9097,0.9401,0.33,0.76,1.5
boltz2,msa,5ZNG,boltz2_msa,input_model_4,0.96,0.9581,0.9353,1.77,2.32,0.913,0.9417,0.913,0.9399,0.53,0.8,1.84
boltz2,msa,5ZNG,boltz2_msa,input_model_0,0.96,0.9568,0.9356,1.75,2.31,0.9114,0.9431,0.9114,0.9398,0.3,0.79,1.71
boltz2,msa,5ZNG,boltz2_msa,input_model_2,0.97,0.9566,0.934,1.75,2.33,0.9042,0.9395,0.9042,0.9385,0.38,0.77,1.86
boltz2,msa,5ZNG,boltz2_msa,input_model_1,0.97,0.9572,0.9335,1.76,2.32,0.9089,0.9392,0.9089,0.9382,0.46,0.79,2.18
boltz2,msa,5ZNG,boltz2_msa,input_model_2,0.97,0.9557,0.9322,1.76,2.35,0.9019,0.937,0.9019,0.9369,0.28,0.77,0.95
boltz2,msa,5ZNG,boltz2_msa,input_model_2,0.97,0.9551,0.9323,1.82,2.38,0.9094,0.9387,0.9094,0.9369,0.73,0.77,1.95
boltz2,msa,5ZNG,boltz2_msa,input_model_3,0.97,0.9545,0.9314,1.8,2.4,0.8997,0.937,0.8997,0.936,0.36,0.77,2.48
boltz2,msa,5ZNG,boltz2_msa,input_model_2,0.97,0.9553,0.931,1.78,2.38,0.8988,0.9357,0.8988,0.9359,0.37,0.8,1.67
boltz2,msa,5ZNG,boltz2_msa,input_model_3,0.97,0.9541,0.9304,1.8,2.4,0.8967,0.935,0.8967,0.9351,0.31,0.74,2.47
boltz2,msa,5ZNG,boltz2_msa,input_model_2,0.96,0.9515,0.9291,1.86,2.47,0.8933,0.9346,0.8933,0.9336,0.4,0.81,2.07
boltz2,msa,5ZNG,boltz2_msa,input_model_1,0.96,0.9521,0.9286,1.84,2.45,0.8951,0.9343,0.8951,0.9333,0.33,0.76,1.92
boltz2,msa,5ZNG,boltz2_msa,input_model_0,0.97,0.9515,0.9274,1.89,2.52,0.8906,0.9313,0.8906,0.9322,0.3,0.72,1.39
boltz2,msa,5ZNG,boltz2_msa,input_model_3,0.96,0.9495,0.9267,1.92,2.55,0.8887,0.9316,0.8887,0.9313,0.42,0.79,1.75
boltz2,msa,5ZNG,boltz2_msa,input_model_4,0.96,0.95,0.926,1.88,2.51,0.8846,0.93,0.8846,0.9308,0.37,0.75,1.78
boltz2,msa,5ZNG,boltz2_msa,input_model_3,0.97,0.951,0.9246,1.91,2.54,0.8848,0.9264,0.8848,0.9299,0.72,0.76,1.58
boltz2,msa,5ZNG,boltz2_msa,input_model_3,0.96,0.9497,0.9233,1.87,2.52,0.8827,0.9264,0.8827,0.9286,0.31,0.8,1.4
boltz2,msa,5ZNG,boltz2_msa,input_model_4,0.97,0.9485,0.9185,1.88,2.57,0.8668,0.9169,0.8668,0.9245,0.35,0.81,1.41
boltz2,msa,5ZNG,boltz2_msa,input_model_4,0.97,0.9462,0.9175,1.99,2.69,0.8656,0.9159,0.8656,0.9232,0.35,0.82,1.3
boltz2,msa,5ZNG,boltz2_msa,input_model_4,0.96,0.9454,0.9174,2.0,2.69,0.8683,0.9169,0.8683,0.923,0.47,0.77,1.41
chai1,no_msa,5ZNG,chai1,pred.model_idx_1,72.12,0.5986,0.1095,0.0,0.0,0.0,0.0,0.0,0.2073,0.65,9.82,21.14
chai1,no_msa,5ZNG,chai1,pred.model_idx_4,72.0,0.5967,0.1083,0.0,0.0,0.0,0.0,0.0,0.206,0.67,10.31,20.91
chai1,no_msa,5ZNG,chai1,pred.model_idx_3,71.91,0.5959,0.1077,0.0,0.0,0.0,0.0,0.0,0.2053,0.69,10.33,20.32
chai1,no_msa,5ZNG,chai1,pred.model_idx_0,71.84,0.5962,0.1069,0.0,0.0,0.0,0.0,0.0,0.2048,0.58,10.52,20.28
chai1,no_msa,5ZNG,chai1,pred.model_idx_2,71.97,0.5941,0.1059,0.0,0.0,0.0,0.0,0.0,0.2035,0.6,10.78,19.43
chai1,no_msa,5ZNG,chai1,pred.model_idx_3,71.88,0.5925,0.1016,0.0,0.0,0.0,0.0,0.0,0.1998,0.63,10.32,20.28
chai1,no_msa,5ZNG,chai1,pred.model_idx_4,71.91,0.593,0.1013,0.0,0.0,0.0,0.0,0.0,0.1996,0.69,9.92,20.53
chai1,no_msa,5ZNG,chai1,pred.model_idx_2,71.95,0.593,0.1011,0.0,0.0,0.0,0.0,0.0,0.1995,0.76,9.67,21.08
chai1,no_msa,5ZNG,chai1,pred.model_idx_3,71.87,0.5944,0.1007,0.0,0.0,0.0,0.0,0.0,0.1994,0.67,10.17,20.5
chai1,no_msa,5ZNG,chai1,pred.model_idx_0,71.89,0.5929,0.1006,0.0,0.0,0.0,0.0,0.0,0.1991,0.62,10.13,20.43
chai1,no_msa,5ZNG,chai1,pred.model_idx_0,71.55,0.5935,0.1004,0.0,0.0,0.0,0.0,0.0,0.199,0.74,10.17,21.04
chai1,no_msa,5ZNG,chai1,pred.model_idx_1,71.47,0.5937,0.1003,0.0,0.0,0.0,0.0,0.0,0.199,0.82,10.22,21.02
chai1,no_msa,5ZNG,chai1,pred.model_idx_2,71.35,0.5946,0.1001,0.0,0.0,0.0,0.0,0.0,0.199,0.69,10.39,20.36
chai1,no_msa,5ZNG,chai1,pred.model_idx_1,71.85,0.5932,0.1003,0.0,0.0,0.0,0.0,0.0,0.1989,0.71,10.07,20.5
chai1,no_msa,5ZNG,chai1,pred.model_idx_4,71.93,0.5934,0.0996,0.0,0.0,0.0,0.0,0.0,0.1984,0.66,9.92,20.71
chai1,no_msa,5ZNG,chai1,pred.model_idx_1,71.88,0.5931,0.0996,0.0,0.0,0.0,0.0,0.0,0.1983,0.71,10.15,20.48
chai1,no_msa,5ZNG,chai1,pred.model_idx_4,71.53,0.5931,0.099,0.0,0.0,0.0,0.0,0.0,0.1978,0.74,10.27,20.3
chai1,no_msa,5ZNG,chai1,pred.model_idx_3,71.43,0.5916,0.0988,0.0,0.0,0.0,0.0,0.0,0.1974,0.72,10.02,20.92
chai1,no_msa,5ZNG,chai1,pred.model_idx_3,71.5,0.5925,0.0983,0.0,0.0,0.0,0.0,0.0,0.1971,0.77,10.24,20.37
chai1,no_msa,5ZNG,chai1,pred.model_idx_0,72.03,0.5915,0.0984,0.0,0.0,0.0,0.0,0.0,0.197,0.53,9.94,20.75
chai1,no_msa,5ZNG,chai1,pred.model_idx_2,71.18,0.5899,0.0988,0.0,0.0,0.0,0.0,0.0,0.197,0.68,10.3,20.33
chai1,no_msa,5ZNG,chai1,pred.model_idx_2,71.94,0.5903,0.0985,0.0,0.0,0.0,0.0,0.0,0.1969,0.81,9.96,18.87
chai1,no_msa,5ZNG,chai1,pred.model_idx_4,71.28,0.5915,0.0978,0.0,0.0,0.0,0.0,0.0,0.1965,0.67,10.03,20.77
chai1,no_msa,5ZNG,chai1,pred.model_idx_0,71.26,0.59,0.098,0.0,0.0,0.0,0.0,0.0,0.1964,0.61,9.93,20.0
chai1,no_msa,5ZNG,chai1,pred.model_idx_1,71.18,0.5899,0.0978,0.0,0.0,0.0,0.0,0.0,0.1962,0.81,9.81,20.57
colabfold,msa,5ZNG,colabfold,complex_unrelaxed_rank_001_alphafold2_multimer_v3_model_1_seed_004,64.61,0.64,0.77,11.71,15.77,0.2629,0.7137,0.2629,0.744,2.07,11.89,15.87
colabfold,msa,5ZNG,colabfold,complex_unrelaxed_rank_002_alphafold2_multimer_v3_model_4_seed_004,66.44,0.66,0.75,11.47,15.17,0.2743,0.6653,0.2743,0.732,2.16,12.16,16.55
colabfold,msa,5ZNG,colabfold,complex_unrelaxed_rank_003_alphafold2_multimer_v3_model_4_seed_000,66.83,0.66,0.75,11.4,15.07,0.2723,0.6619,0.2723,0.732,2.16,11.69,16.44
colabfold,msa,5ZNG,colabfold,complex_unrelaxed_rank_004_alphafold2_multimer_v3_model_4_seed_002,66.51,0.66,0.74,11.46,15.21,0.2727,0.6466,0.2727,0.724,1.88,11.67,16.23
colabfold,msa,5ZNG,colabfold,complex_unrelaxed_rank_005_alphafold2_multimer_v3_model_1_seed_000,64.85,0.64,0.72,11.6,15.69,0.2417,0.5973,0.2417,0.704,1.94,11.09,14.83
colabfold,msa,5ZNG,colabfold,complex_unrelaxed_rank_006_alphafold2_multimer_v3_model_1_seed_002,64.79,0.64,0.72,11.59,15.61,0.2453,0.5869,0.2453,0.704,2.02,12.16,16.05
colabfold,msa,5ZNG,colabfold,complex_unrelaxed_rank_008_alphafold2_multimer_v3_model_3_seed_000,78.1,0.77,0.68,7.07,9.0,0.4826,0.5622,0.4826,0.698,2.13,8.6,18.98
colabfold,msa,5ZNG,colabfold,complex_unrelaxed_rank_007_alphafold2_multimer_v3_model_1_seed_001,65.46,0.65,0.7,11.34,15.31,0.2423,0.5389,0.2423,0.69,2.15,10.9,14.2
colabfold,msa,5ZNG,colabfold,complex_unrelaxed_rank_009_alphafold2_multimer_v3_model_5_seed_003,66.43,0.65,0.66,11.64,15.65,0.2344,0.4498,0.2344,0.658,2.26,8.54,14.62
colabfold,msa,5ZNG,colabfold,complex_unrelaxed_rank_010_alphafold2_multimer_v3_model_3_seed_004,67.13,0.67,0.59,10.47,13.9,0.2416,0.3703,0.2416,0.606,1.97,10.39,14.37
colabfold,msa,5ZNG,colabfold,complex_unrelaxed_rank_011_alphafold2_multimer_v3_model_3_seed_003,72.9,0.72,0.54,8.4,11.03,0.3286,0.3167,0.3167,0.576,1.93,8.63,18.58
colabfold,msa,5ZNG,colabfold,complex_unrelaxed_rank_012_alphafold2_multimer_v3_model_5_seed_000,63.58,0.62,0.51,12.28,16.89,0.1543,0.2211,0.1543,0.532,1.82,10.05,12.66
colabfold,msa,5ZNG,colabfold,complex_unrelaxed_rank_013_alphafold2_multimer_v3_model_5_seed_004,63.89,0.62,0.31,11.64,16.24,0.1162,0.0551,0.0551,0.372,2.13,9.09,12.22
colabfold,msa,5ZNG,colabfold,complex_unrelaxed_rank_014_alphafold2_multimer_v3_model_3_seed_002,68.37,0.62,0.28,10.74,15.7,0.0789,0.0196,0.0196,0.348,1.54,10.18,18.25
colabfold,msa,5ZNG,colabfold,complex_unrelaxed_rank_015_alphafold2_multimer_v3_model_5_seed_001,66.79,0.61,0.27,11.33,16.57,0.0761,0.0054,0.0054,0.338,1.57,9.28,18.49
colabfold,msa,5ZNG,colabfold,complex_unrelaxed_rank_016_alphafold2_multimer_v3_model_4_seed_003,64.67,0.61,0.26,11.57,16.17,0.0887,0.0198,0.0198,0.33,1.52,10.85,20.45
colabfold,msa,5ZNG,colabfold,complex_unrelaxed_rank_017_alphafold2_multimer_v3_model_3_seed_001,66.45,0.61,0.26,11.27,16.31,0.0646,0.0061,0.0061,0.33,1.35,8.51,18.83
colabfold,msa,5ZNG,colabfold,complex_unrelaxed_rank_018_alphafold2_multimer_v3_model_4_seed_001,64.55,0.6,0.23,12.16,17.27,0.0596,0.0029,0.0029,0.304,1.75,10.39,18.11
colabfold,msa,5ZNG,colabfold,complex_unrelaxed_rank_019_alphafold2_multimer_v3_model_5_seed_002,64.55,0.59,0.22,12.17,17.87,0.0548,0.0,0.0,0.294,1.25,8.9,18.36
colabfold,msa,5ZNG,colabfold,complex_unrelaxed_rank_020_alphafold2_multimer_v3_model_2_seed_004,64.78,0.58,0.19,12.41,18.13,0.0138,0.0,0.0,0.268,0.72,10.58,20.18
colabfold,msa,5ZNG,colabfold,complex_unrelaxed_rank_021_alphafold2_multimer_v3_model_1_seed_003,62.1,0.58,0.18,12.68,18.49,0.0122,0.0,0.0,0.26,0.91,10.66,19.52
colabfold,msa,5ZNG,colabfold,complex_unrelaxed_rank_023_alphafold2_multimer_v3_model_2_seed_000,64.35,0.58,0.17,12.77,18.78,0.0089,0.0,0.0,0.252,0.74,10.68,20.51
colabfold,msa,5ZNG,colabfold,complex_unrelaxed_rank_022_alphafold2_multimer_v3_model_2_seed_001,64.71,0.57,0.17,12.67,18.66,0.0087,0.0,0.0,0.25,0.81,10.54,20.6
colabfold,msa,5ZNG,colabfold,complex_unrelaxed_rank_024_alphafold2_multimer_v3_model_2_seed_003,64.63,0.57,0.16,12.78,18.85,0.0057,0.0,0.0,0.242,0.75,10.5,20.61
colabfold,msa,5ZNG,colabfold,complex_unrelaxed_rank_025_alphafold2_multimer_v3_model_2_seed_002,64.13,0.57,0.16,12.88,18.95,0.0059,0.0,0.0,0.242,0.74,10.5,20.59
colabfold,no_msa,5ZNG,colabfold_nomsa,complex_unrelaxed_rank_001_alphafold2_multimer_v3_model_1_seed_001,54.66,0.52,0.13,15.22,21.19,0.0,0.0,0.0,0.208,3.45,8.46,34.84
colabfold,no_msa,5ZNG,colabfold_nomsa,complex_unrelaxed_rank_002_alphafold2_multimer_v3_model_1_seed_002,55.79,0.52,0.11,15.22,21.84,0.0,0.0,0.0,0.192,1.19,7.86,35.27
colabfold,no_msa,5ZNG,colabfold_nomsa,complex_unrelaxed_rank_003_alphafold2_multimer_v3_model_1_seed_004,55.52,0.51,0.1,15.6,22.46,0.0,0.0,0.0,0.182,1.4,8.95,35.81
colabfold,no_msa,5ZNG,colabfold_nomsa,complex_unrelaxed_rank_004_alphafold2_multimer_v3_model_1_seed_003,55.05,0.51,0.1,15.66,22.57,0.0,0.0,0.0,0.182,1.35,8.84,35.96
colabfold,no_msa,5ZNG,colabfold_nomsa,complex_unrelaxed_rank_005_alphafold2_multimer_v3_model_1_seed_000,55.64,0.51,0.1,15.54,22.62,0.0,0.0,0.0,0.182,1.36,7.87,35.12
colabfold,no_msa,5ZNG,colabfold_nomsa,complex_unrelaxed_rank_006_alphafold2_multimer_v3_model_4_seed_000,69.74,0.48,0.1,14.14,23.04,0.0,0.0,0.0,0.176,1.7,2.25,18.35
colabfold,no_msa,5ZNG,colabfold_nomsa,complex_unrelaxed_rank_007_alphafold2_multimer_v3_model_2_seed_002,57.29,0.5,0.08,16.79,24.53,0.0,0.0,0.0,0.164,1.23,11.02,37.11
colabfold,no_msa,5ZNG,colabfold_nomsa,complex_unrelaxed_rank_008_alphafold2_multimer_v3_model_2_seed_001,56.62,0.5,0.08,16.89,24.52,0.0,0.0,0.0,0.164,1.31,10.73,35.33
colabfold,no_msa,5ZNG,colabfold_nomsa,complex_unrelaxed_rank_009_alphafold2_multimer_v3_model_3_seed_003,53.26,0.48,0.08,16.55,23.94,0.0,0.0,0.0,0.16,1.37,10.86,38.36
colabfold,no_msa,5ZNG,colabfold_nomsa,complex_unrelaxed_rank_010_alphafold2_multimer_v3_model_3_seed_001,54.81,0.48,0.08,16.49,24.11,0.0,0.0,0.0,0.16,1.14,9.66,39.18
colabfold,no_msa,5ZNG,colabfold_nomsa,complex_unrelaxed_rank_012_alphafold2_multimer_v3_model_5_seed_003,57.88,0.51,0.07,16.73,25.13,0.0,0.0,0.0,0.158,0.76,12.13,35.43
colabfold,no_msa,5ZNG,colabfold_nomsa,complex_unrelaxed_rank_022_alphafold2_multimer_v3_model_5_seed_004,63.0,0.51,0.07,15.67,24.57,0.0,0.0,0.0,0.158,0.69,10.22,36.67
colabfold,no_msa,5ZNG,colabfold_nomsa,complex_unrelaxed_rank_018_alphafold2_multimer_v3_model_5_seed_001,54.17,0.5,0.07,17.04,25.15,0.0,0.0,0.0,0.156,0.85,12.77,37.34
colabfold,no_msa,5ZNG,colabfold_nomsa,complex_unrelaxed_rank_011_alphafold2_multimer_v3_model_5_seed_000,52.68,0.45,0.08,17.05,24.44,0.0,0.0,0.0,0.154,1.03,6.0,37.0
colabfold,no_msa,5ZNG,colabfold_nomsa,complex_unrelaxed_rank_013_alphafold2_multimer_v3_model_2_seed_003,59.47,0.49,0.07,16.42,24.6,0.0,0.0,0.0,0.154,1.49,10.34,33.55
colabfold,no_msa,5ZNG,colabfold_nomsa,complex_unrelaxed_rank_014_alphafold2_multimer_v3_model_4_seed_003,57.1,0.49,0.07,16.21,24.34,0.0,0.0,0.0,0.154,1.61,7.89,34.37
colabfold,no_msa,5ZNG,colabfold_nomsa,complex_unrelaxed_rank_017_alphafold2_multimer_v3_model_4_seed_002,57.74,0.49,0.07,16.15,24.33,0.0,0.0,0.0,0.154,1.65,7.9,34.95
colabfold,no_msa,5ZNG,colabfold_nomsa,complex_unrelaxed_rank_019_alphafold2_multimer_v3_model_3_seed_002,55.76,0.49,0.07,16.71,24.87,0.0,0.0,0.0,0.154,1.01,10.16,35.13
colabfold,no_msa,5ZNG,colabfold_nomsa,complex_unrelaxed_rank_016_alphafold2_multimer_v3_model_4_seed_004,53.39,0.48,0.07,16.95,24.9,0.0,0.0,0.0,0.152,1.67,7.77,26.89
colabfold,no_msa,5ZNG,colabfold_nomsa,complex_unrelaxed_rank_021_alphafold2_multimer_v3_model_2_seed_004,58.57,0.48,0.07,16.28,24.5,0.0,0.0,0.0,0.152,1.43,6.38,39.0
colabfold,no_msa,5ZNG,colabfold_nomsa,complex_unrelaxed_rank_020_alphafold2_multimer_v3_model_5_seed_002,51.96,0.47,0.07,17.2,24.75,0.0,0.0,0.0,0.15,1.23,10.62,32.74
colabfold,no_msa,5ZNG,colabfold_nomsa,complex_unrelaxed_rank_015_alphafold2_multimer_v3_model_3_seed_000,48.9,0.45,0.07,17.37,24.82,0.0,0.0,0.0,0.146,1.69,7.72,37.2
colabfold,no_msa,5ZNG,colabfold_nomsa,complex_unrelaxed_rank_024_alphafold2_multimer_v3_model_4_seed_001,54.86,0.49,0.06,17.35,25.56,0.0,0.0,0.0,0.146,1.1,13.36,33.28
colabfold,no_msa,5ZNG,colabfold_nomsa,complex_unrelaxed_rank_025_alphafold2_multimer_v3_model_3_seed_004,51.46,0.47,0.06,17.15,24.89,0.0,0.0,0.0,0.142,1.57,9.94,40.49
colabfold,no_msa,5ZNG,colabfold_nomsa,complex_unrelaxed_rank_023_alphafold2_multimer_v3_model_2_seed_000,56.36,0.46,0.06,16.92,25.09,0.0,0.0,0.0,0.14,1.79,6.04,34.63
esmfold2,no_msa,5ZNG,esmfold2,output_seed456_esmfold2_pred,68.39,0.655,0.466,11.19,14.43,0.2548,0.2123,0.2123,0.5038,2.02,13.57,36.15
esmfold2,no_msa,5ZNG,esmfold2,output_seed123_esmfold2_pred,66.53,0.6323,0.4319,11.66,15.1,0.222,0.189,0.189,0.472,2.02,12.91,36.63
esmfold2,no_msa,5ZNG,esmfold2,output_esmfold2_pred,63.02,0.6008,0.367,12.46,16.26,0.1414,0.1042,0.1042,0.4138,2.82,13.43,36.39
esmfold2,no_msa,5ZNG,esmfold2,output_seed789_esmfold2_pred,63.73,0.6012,0.3655,12.59,16.55,0.1235,0.0815,0.0815,0.4126,2.23,13.08,36.2
esmfold2,no_msa,5ZNG,esmfold2,output_seed1024_esmfold2_pred,60.23,0.5682,0.275,15.02,21.18,0.003,0.0,0.0,0.3336,1.71,10.64,37.94
af2m,msa,6FU9,af2m,ranked_0,92.93,0.8668,0.8285,4.28,5.22,0.7562,0.7838,0.7562,0.8362,0.79,0.94,2.61
af2m,msa,6FU9,af2m,ranked_1,92.09,0.8504,0.7933,4.66,5.9,0.6681,0.7064,0.6681,0.8047,0.79,0.94,2.47
af2m,msa,6FU9,af2m,ranked_2,91.22,0.8424,0.7739,4.88,6.27,0.5925,0.681,0.5925,0.7876,0.86,1.03,2.23
af2m,msa,6FU9,af2m,ranked_3,74.75,0.5405,0.2097,12.15,19.95,0.0,0.0,0.0,0.2759,0.9,0.98,24.5
af2m,msa,6FU9,af2m,ranked_4,75.11,0.5583,0.2029,11.41,18.51,0.0,0.0181,0.0,0.274,1.0,1.44,29.94
af2m,msa,6FU9,af2m,ranked_5,77.55,0.5563,0.1906,11.38,18.82,0.0,0.0161,0.0,0.2637,0.88,0.79,21.69
af2m,msa,6FU9,af2m,ranked_6,75.9,0.55,0.1911,11.72,19.03,0.0,0.0178,0.0,0.2629,1.08,1.59,28.02
af2m,msa,6FU9,af2m,ranked_7,77.04,0.5587,0.1878,11.45,18.87,0.0,0.0222,0.0,0.262,0.91,0.78,12.07
af2m,msa,6FU9,af2m,ranked_8,78.05,0.5559,0.1871,11.38,18.9,0.0,0.0159,0.0,0.2609,0.85,0.79,22.21
af2m,msa,6FU9,af2m,ranked_9,75.74,0.5486,0.1845,11.74,19.06,0.0,0.0175,0.0,0.2573,1.06,1.57,27.4
af2m,msa,6FU9,af2m,ranked_10,75.43,0.5459,0.1806,12.03,19.52,0.0,0.0176,0.0,0.2537,1.11,1.38,26.81
af2m,msa,6FU9,af2m,ranked_11,75.07,0.5434,0.175,12.14,19.76,0.0,0.0142,0.0,0.2487,1.12,1.49,26.65
af2m,msa,6FU9,af2m,ranked_12,77.61,0.5495,0.1729,11.67,19.4,0.0,0.0138,0.0,0.2482,0.92,0.81,20.44
af2m,msa,6FU9,af2m,ranked_13,76.44,0.5457,0.1618,11.98,20.01,0.0,0.0147,0.0,0.2386,1.01,0.77,13.01
af2m,msa,6FU9,af2m,ranked_14,76.06,0.5443,0.1606,12.12,20.26,0.0,0.0119,0.0,0.2373,1.11,1.31,23.88
af2m,msa,6FU9,af2m,ranked_15,76.17,0.5437,0.1606,12.08,20.15,0.0,0.0113,0.0,0.2372,1.08,1.27,26.63
af2m,msa,6FU9,af2m,ranked_16,76.22,0.5451,0.1601,12.16,20.38,0.0,0.012,0.0,0.2371,1.05,1.32,23.42
af2m,msa,6FU9,af2m,ranked_17,75.68,0.542,0.1607,12.1,20.21,0.0,0.0122,0.0,0.237,1.12,1.37,23.8
af2m,msa,6FU9,af2m,ranked_18,76.64,0.5444,0.1587,12.14,20.29,0.0,0.0113,0.0,0.2358,0.99,1.29,18.84
af2m,msa,6FU9,af2m,ranked_19,78.34,0.5436,0.1588,11.98,20.0,0.0,0.0161,0.0,0.2358,1.13,1.22,25.88
af2m,msa,6FU9,af2m,ranked_20,78.57,0.5434,0.1588,11.89,19.88,0.0,0.0115,0.0,0.2357,1.07,1.14,26.07
af2m,msa,6FU9,af2m,ranked_21,73.81,0.5369,0.1538,12.5,20.93,0.0,0.0084,0.0,0.2304,1.18,1.48,28.44
af2m,msa,6FU9,af2m,ranked_22,74.77,0.5354,0.1504,12.41,20.67,0.0,0.003,0.0,0.2274,0.98,1.35,18.23
af2m,msa,6FU9,af2m,ranked_23,74.52,0.531,0.1415,12.65,21.13,0.0,0.0027,0.0,0.2194,1.01,1.61,18.72
af2m,msa,6FU9,af2m,ranked_24,71.96,0.4907,0.0747,14.24,24.16,0.0,0.0,0.0,0.1579,1.0,1.21,17.95
af3,msa,6FU9,af3,seed-456_sample-4,94.19,0.92,0.9,3.06,3.52,0.8925,0.8936,0.8925,0.904,0.71,1.18,1.41
af3,msa,6FU9,af3,seed-1024_sample-0,93.92,0.91,0.9,3.23,3.72,0.8855,0.8857,0.8855,0.902,1.14,1.32,1.6
af3,msa,6FU9,af3,seed-1024_sample-3,93.77,0.91,0.9,3.29,3.78,0.884,0.8849,0.884,0.902,0.99,0.92,1.15
af3,msa,6FU9,af3,seed-1024_sample-4,93.94,0.91,0.9,3.19,3.67,0.887,0.8906,0.887,0.902,1.18,3.18,3.44
af3,msa,6FU9,af3,seed-123_sample-1,93.85,0.91,0.9,3.25,3.73,0.8862,0.8867,0.8862,0.902,0.81,0.66,0.81
af3,msa,6FU9,af3,seed-123_sample-2,93.67,0.91,0.9,3.33,3.82,0.8877,0.8857,0.8857,0.902,0.74,1.95,2.27
af3,msa,6FU9,af3,seed-123_sample-3,93.75,0.91,0.9,3.33,3.83,0.8898,0.8857,0.8857,0.902,0.9,2.73,3.11
af3,msa,6FU9,af3,seed-42_sample-0,93.08,0.91,0.9,3.4,3.88,0.8809,0.8893,0.8809,0.902,0.71,2.0,2.29
af3,msa,6FU9,af3,seed-42_sample-2,93.77,0.91,0.9,3.34,3.84,0.8886,0.8859,0.8859,0.902,1.06,1.69,2.09
af3,msa,6FU9,af3,seed-42_sample-3,93.94,0.91,0.9,3.26,3.75,0.8862,0.8875,0.8862,0.902,0.98,1.22,1.45
af3,msa,6FU9,af3,seed-42_sample-4,93.82,0.91,0.9,3.26,3.76,0.887,0.8859,0.8859,0.902,0.94,1.56,1.62
af3,msa,6FU9,af3,seed-456_sample-0,93.88,0.91,0.9,3.24,3.71,0.8865,0.8862,0.8862,0.902,0.59,1.11,1.24
af3,msa,6FU9,af3,seed-456_sample-1,93.77,0.91,0.9,3.33,3.81,0.8907,0.8894,0.8894,0.902,0.76,1.56,1.82
af3,msa,6FU9,af3,seed-456_sample-2,93.85,0.91,0.9,3.33,3.81,0.8897,0.8848,0.8848,0.902,0.57,1.12,1.25
af3,msa,6FU9,af3,seed-456_sample-3,93.53,0.91,0.9,3.42,3.91,0.8864,0.8877,0.8864,0.902,0.88,2.33,2.8
af3,msa,6FU9,af3,seed-789_sample-1,93.69,0.91,0.9,3.28,3.78,0.8833,0.8847,0.8833,0.902,0.89,0.75,0.89
af3,msa,6FU9,af3,seed-789_sample-2,93.45,0.91,0.9,3.38,3.86,0.8895,0.887,0.887,0.902,1.16,1.6,1.75
af3,msa,6FU9,af3,seed-789_sample-3,94.0,0.91,0.9,3.17,3.64,0.8897,0.8898,0.8897,0.902,0.74,1.02,1.1
af3,msa,6FU9,af3,seed-789_sample-4,93.74,0.91,0.9,3.33,3.81,0.882,0.8846,0.882,0.902,0.7,1.37,1.54
af3,msa,6FU9,af3,seed-1024_sample-1,93.63,0.91,0.89,3.31,3.79,0.8801,0.8834,0.8801,0.894,0.55,2.34,2.7
af3,msa,6FU9,af3,seed-1024_sample-2,93.76,0.91,0.89,3.36,3.86,0.8867,0.8841,0.8841,0.894,1.16,2.3,2.76
af3,msa,6FU9,af3,seed-123_sample-0,93.77,0.91,0.89,3.31,3.8,0.8842,0.883,0.883,0.894,0.83,1.52,1.69
af3,msa,6FU9,af3,seed-123_sample-4,93.73,0.91,0.89,3.39,3.88,0.8873,0.8798,0.8798,0.894,0.88,1.9,2.04
af3,msa,6FU9,af3,seed-42_sample-1,93.89,0.91,0.89,3.28,3.76,0.8861,0.884,0.884,0.894,0.59,1.2,1.31
af3,msa,6FU9,af3,seed-789_sample-0,93.22,0.91,0.89,3.37,3.86,0.8777,0.8835,0.8777,0.894,0.98,1.5,2.03
af3,no_msa,6FU9,af3_nomsa,seed-1024_sample-0,94.22,0.92,0.9,3.16,3.64,0.8905,0.8867,0.8867,0.904,1.02,1.06,1.4
af3,no_msa,6FU9,af3_nomsa,seed-1024_sample-1,94.57,0.92,0.9,2.98,3.43,0.894,0.8938,0.8938,0.904,0.72,1.88,2.18
af3,no_msa,6FU9,af3_nomsa,seed-1024_sample-3,94.13,0.92,0.9,3.13,3.6,0.891,0.8909,0.8909,0.904,1.19,0.81,0.97
af3,no_msa,6FU9,af3_nomsa,seed-1024_sample-4,94.58,0.92,0.9,2.98,3.44,0.8968,0.8944,0.8944,0.904,1.35,2.72,2.98
af3,no_msa,6FU9,af3_nomsa,seed-123_sample-0,94.37,0.92,0.9,3.13,3.61,0.8905,0.8874,0.8874,0.904,0.82,1.38,1.56
af3,no_msa,6FU9,af3_nomsa,seed-123_sample-1,94.36,0.92,0.9,3.1,3.57,0.8927,0.8898,0.8898,0.904,0.84,0.72,0.94
af3,no_msa,6FU9,af3_nomsa,seed-123_sample-2,94.12,0.92,0.9,3.21,3.69,0.8878,0.8876,0.8876,0.904,0.94,1.58,1.87
af3,no_msa,6FU9,af3_nomsa,seed-123_sample-3,94.4,0.92,0.9,3.11,3.58,0.889,0.8892,0.889,0.904,1.01,2.72,3.06
af3,no_msa,6FU9,af3_nomsa,seed-456_sample-3,94.25,0.92,0.9,3.18,3.65,0.8872,0.8908,0.8872,0.904,1.06,2.0,2.34
af3,no_msa,6FU9,af3_nomsa,seed-456_sample-4,94.45,0.92,0.9,2.96,3.41,0.8953,0.8921,0.8921,0.904,0.84,1.28,1.54
af3,no_msa,6FU9,af3_nomsa,seed-1024_sample-2,94.35,0.91,0.9,3.14,3.61,0.8876,0.8862,0.8862,0.902,1.24,2.02,2.31
af3,no_msa,6FU9,af3_nomsa,seed-456_sample-0,94.19,0.91,0.9,3.2,3.68,0.8856,0.8845,0.8845,0.902,0.56,1.1,1.34
af3,no_msa,6FU9,af3_nomsa,seed-123_sample-4,94.28,0.91,0.89,3.21,3.69,0.8852,0.8832,0.8832,0.894,1.0,1.81,2.07
af3,no_msa,6FU9,af3_nomsa,seed-42_sample-0,93.75,0.91,0.89,3.44,3.97,0.878,0.8742,0.8742,0.894,1.07,2.0,2.18
af3,no_msa,6FU9,af3_nomsa,seed-42_sample-2,93.74,0.91,0.89,3.37,3.92,0.8814,0.8784,0.8784,0.894,1.13,1.71,2.02
af3,no_msa,6FU9,af3_nomsa,seed-42_sample-3,93.46,0.91,0.89,3.43,3.98,0.879,0.8751,0.8751,0.894,0.97,1.15,1.28
af3,no_msa,6FU9,af3_nomsa,seed-42_sample-4,93.88,0.91,0.89,3.34,3.87,0.8832,0.8771,0.8771,0.894,1.34,0.8,1.0
af3,no_msa,6FU9,af3_nomsa,seed-456_sample-1,93.99,0.91,0.89,3.31,3.8,0.8818,0.8844,0.8818,0.894,0.96,1.64,1.85
af3,no_msa,6FU9,af3_nomsa,seed-456_sample-2,93.88,0.91,0.89,3.4,3.91,0.8764,0.8758,0.8758,0.894,0.65,1.2,1.37
af3,no_msa,6FU9,af3_nomsa,seed-789_sample-1,93.63,0.91,0.89,3.41,3.96,0.8813,0.8744,0.8744,0.894,1.16,0.82,1.04
af3,no_msa,6FU9,af3_nomsa,seed-789_sample-2,93.58,0.91,0.89,3.33,3.86,0.8848,0.8787,0.8787,0.894,1.09,0.69,0.83
af3,no_msa,6FU9,af3_nomsa,seed-789_sample-3,93.63,0.91,0.89,3.46,4.0,0.8791,0.8743,0.8743,0.894,0.96,1.12,1.25
af3,no_msa,6FU9,af3_nomsa,seed-42_sample-1,93.55,0.9,0.88,3.6,4.17,0.8755,0.8662,0.8662,0.884,0.87,1.25,1.34
af3,no_msa,6FU9,af3_nomsa,seed-789_sample-0,93.6,0.9,0.88,3.47,4.03,0.8775,0.8711,0.8711,0.884,1.33,1.27,1.68
af3,no_msa,6FU9,af3_nomsa,seed-789_sample-4,93.37,0.9,0.88,3.62,4.19,0.8733,0.8659,0.8659,0.884,1.13,1.1,1.27
boltz1,no_msa,6FU9,boltz1,input_model_0,0.74,0.5123,0.2503,12.73,19.15,0.0,0.0181,0.0,0.3027,1.29,11.11,23.78
boltz1,no_msa,6FU9,boltz1,input_model_0,0.73,0.5162,0.2461,13.15,19.05,0.0122,0.0346,0.0122,0.3001,1.3,11.84,24.39
boltz1,no_msa,6FU9,boltz1,input_model_0,0.73,0.5152,0.2184,13.19,19.02,0.0169,0.0358,0.0169,0.2778,1.37,11.63,24.78
boltz1,no_msa,6FU9,boltz1,input_model_1,0.73,0.4985,0.1998,12.31,19.28,0.0,0.0318,0.0,0.2595,1.23,11.23,25.03
boltz1,no_msa,6FU9,boltz1,input_model_0,0.74,0.5117,0.178,13.37,19.22,0.0196,0.0362,0.0196,0.2447,1.27,11.82,24.98
boltz1,no_msa,6FU9,boltz1,input_model_2,0.71,0.52,0.1509,12.84,18.47,0.0,0.0026,0.0,0.2247,1.63,11.54,19.68
boltz1,no_msa,6FU9,boltz1,input_model_2,0.73,0.5105,0.149,13.23,18.8,0.0182,0.0376,0.0182,0.2213,1.15,11.64,23.14
boltz1,no_msa,6FU9,boltz1,input_model_0,0.72,0.4943,0.1386,14.34,21.6,0.0,0.0,0.0,0.2097,1.25,10.42,24.15
boltz1,no_msa,6FU9,boltz1,input_model_1,0.73,0.4993,0.133,13.4,19.83,0.0,0.0163,0.0,0.2063,1.11,11.04,23.37
boltz1,no_msa,6FU9,boltz1,input_model_2,0.72,0.4868,0.131,13.66,21.02,0.0027,0.0312,0.0027,0.2022,1.45,5.88,26.42
boltz1,no_msa,6FU9,boltz1,input_model_4,0.71,0.4982,0.1263,14.74,22.13,0.0,0.0,0.0,0.2007,1.29,8.57,24.07
boltz1,no_msa,6FU9,boltz1,input_model_2,0.72,0.4912,0.1221,14.46,22.69,0.0,0.0,0.0,0.1959,1.56,10.73,27.14
boltz1,no_msa,6FU9,boltz1,input_model_1,0.74,0.5006,0.119,15.38,24.12,0.0,0.0,0.0,0.1953,1.34,9.75,27.64
boltz1,no_msa,6FU9,boltz1,input_model_1,0.72,0.4965,0.1169,15.11,24.05,0.0,0.0,0.0,0.1928,1.36,9.95,27.73
boltz1,no_msa,6FU9,boltz1,input_model_3,0.72,0.4976,0.1095,14.26,20.86,0.0,0.0,0.0,0.1871,1.32,9.87,27.73
boltz1,no_msa,6FU9,boltz1,input_model_3,0.71,0.4758,0.1064,14.64,22.32,0.0,0.0027,0.0,0.1803,1.47,6.71,32.16
boltz1,no_msa,6FU9,boltz1,input_model_3,0.72,0.4914,0.0998,15.63,24.4,0.0,0.0,0.0,0.1781,1.5,10.66,26.57
boltz1,no_msa,6FU9,boltz1,input_model_2,0.72,0.4847,0.0975,15.79,24.77,0.0,0.0,0.0,0.1749,1.48,9.71,27.23
boltz1,no_msa,6FU9,boltz1,input_model_3,0.72,0.4889,0.0961,15.84,25.03,0.0,0.0,0.0,0.1747,1.4,9.28,27.37
boltz1,no_msa,6FU9,boltz1,input_model_3,0.72,0.4837,0.0894,15.26,25.14,0.0,0.0,0.0,0.1683,1.53,6.45,27.88
boltz1,no_msa,6FU9,boltz1,input_model_1,0.73,0.4792,0.0836,15.78,25.43,0.0,0.0,0.0,0.1627,1.44,10.9,26.69
boltz1,no_msa,6FU9,boltz1,input_model_4,0.72,0.4792,0.0829,15.96,25.51,0.0,0.0,0.0,0.1622,1.33,9.23,27.38
boltz1,no_msa,6FU9,boltz1,input_model_4,0.71,0.4707,0.0737,16.19,25.88,0.0,0.0,0.0,0.1531,1.34,8.14,28.48
boltz1,no_msa,6FU9,boltz1,input_model_4,0.71,0.4734,0.0673,16.45,26.21,0.0,0.0,0.0,0.1485,1.32,9.35,27.91
boltz1,no_msa,6FU9,boltz1,input_model_4,0.71,0.4691,0.0615,16.8,26.7,0.0,0.0,0.0,0.143,1.63,8.59,27.71
boltz1,msa,6FU9,boltz1_msa,input_model_1,0.95,0.9436,0.9301,3.06,3.57,0.9292,0.9293,0.9292,0.9328,0.88,2.42,3.31
boltz1,msa,6FU9,boltz1_msa,input_model_0,0.95,0.9423,0.9299,3.05,3.56,0.936,0.929,0.929,0.9324,0.72,4.88,5.57
boltz1,msa,6FU9,boltz1_msa,input_model_1,0.95,0.9425,0.9299,3.03,3.57,0.9376,0.9287,0.9287,0.9324,0.97,1.02,2.34
boltz1,msa,6FU9,boltz1_msa,input_model_3,0.95,0.9456,0.9291,2.9,3.43,0.9256,0.9277,0.9256,0.9324,1.0,1.75,2.79
boltz1,msa,6FU9,boltz1_msa,input_model_1,0.95,0.9437,0.9293,3.01,3.54,0.9298,0.9284,0.9284,0.9322,0.72,2.97,4.1
boltz1,msa,6FU9,boltz1_msa,input_model_2,0.95,0.9426,0.9292,3.04,3.57,0.9356,0.9282,0.9282,0.9319,0.92,4.5,4.84
boltz1,msa,6FU9,boltz1_msa,input_model_2,0.95,0.9421,0.9289,3.07,3.6,0.9361,0.9279,0.9279,0.9315,0.72,5.09,5.66
boltz1,msa,6FU9,boltz1_msa,input_model_0,0.95,0.9412,0.9291,3.14,3.66,0.935,0.9282,0.9282,0.9315,0.72,5.33,5.94
boltz1,msa,6FU9,boltz1_msa,input_model_3,0.94,0.9392,0.9295,3.23,3.77,0.9332,0.9285,0.9285,0.9314,0.81,3.77,4.66
boltz1,msa,6FU9,boltz1_msa,input_model_0,0.95,0.9406,0.9287,3.18,3.71,0.9284,0.9277,0.9277,0.9311,0.73,3.53,4.42
boltz1,msa,6FU9,boltz1_msa,input_model_3,0.95,0.9393,0.9289,3.2,3.73,0.933,0.9279,0.9279,0.931,0.81,4.95,5.49
boltz1,msa,6FU9,boltz1_msa,input_model_0,0.95,0.9408,0.9286,3.12,3.65,0.936,0.9273,0.9273,0.931,0.95,4.54,5.44
boltz1,msa,6FU9,boltz1_msa,input_model_4,0.94,0.9419,0.9283,3.07,3.62,0.9375,0.9268,0.9268,0.931,1.1,2.39,3.55
boltz1,msa,6FU9,boltz1_msa,input_model_1,0.95,0.9409,0.9285,3.11,3.64,0.9344,0.9275,0.9275,0.931,0.71,5.07,5.81
boltz1,msa,6FU9,boltz1_msa,input_model_0,0.95,0.9394,0.9287,3.2,3.72,0.9342,0.9275,0.9275,0.9308,1.06,4.86,5.63
boltz1,msa,6FU9,boltz1_msa,input_model_2,0.95,0.9391,0.9287,3.24,3.77,0.9431,0.9273,0.9273,0.9308,1.08,3.52,4.54
boltz1,msa,6FU9,boltz1_msa,input_model_4,0.94,0.9397,0.9286,3.18,3.71,0.9344,0.9271,0.9271,0.9308,1.14,5.09,5.84
boltz1,msa,6FU9,boltz1_msa,input_model_2,0.95,0.9409,0.928,3.14,3.69,0.9363,0.9268,0.9268,0.9306,0.87,3.22,4.31
boltz1,msa,6FU9,boltz1_msa,input_model_4,0.94,0.9416,0.9272,3.11,3.65,0.936,0.926,0.926,0.9301,0.8,4.93,5.47
boltz1,msa,6FU9,boltz1_msa,input_model_2,0.95,0.9383,0.9279,3.29,3.82,0.9417,0.9264,0.9264,0.93,0.94,5.03,5.67
boltz1,msa,6FU9,boltz1_msa,input_model_4,0.94,0.9381,0.9278,3.27,3.81,0.9401,0.9266,0.9266,0.9299,0.79,4.81,5.41
boltz1,msa,6FU9,boltz1_msa,input_model_3,0.95,0.9379,0.9277,3.31,3.85,0.9412,0.9264,0.9264,0.9297,0.93,4.23,5.11
boltz1,msa,6FU9,boltz1_msa,input_model_4,0.95,0.9387,0.9275,3.23,3.77,0.9421,0.9259,0.9259,0.9297,1.09,4.85,5.37
boltz1,msa,6FU9,boltz1_msa,input_model_1,0.95,0.9372,0.9269,3.28,3.83,0.9402,0.9254,0.9254,0.929,0.98,4.72,5.51
boltz1,msa,6FU9,boltz1_msa,input_model_3,0.95,0.9368,0.9247,3.26,3.81,0.9394,0.9231,0.9231,0.9271,0.85,4.96,5.7
boltz2,no_msa,6FU9,boltz2,input_model_0,0.93,0.8959,0.8339,4.03,5.33,0.6719,0.6419,0.6419,0.8463,0.59,2.61,3.68
boltz2,no_msa,6FU9,boltz2,input_model_1,0.93,0.8366,0.7286,5.83,8.13,0.3971,0.3327,0.3327,0.7502,0.71,3.66,4.57
boltz2,no_msa,6FU9,boltz2,input_model_0,0.92,0.8318,0.7258,5.74,7.82,0.4141,0.4082,0.4082,0.747,0.74,3.37,3.78
boltz2,no_msa,6FU9,boltz2,input_model_0,0.91,0.8118,0.7165,5.91,8.22,0.3627,0.3799,0.3627,0.7356,0.79,0.83,1.49
boltz2,no_msa,6FU9,boltz2,input_model_1,0.92,0.8176,0.7068,6.08,8.41,0.3603,0.3636,0.3603,0.729,0.77,2.23,2.79
boltz2,no_msa,6FU9,boltz2,input_model_2,0.92,0.8183,0.6945,6.35,8.89,0.3346,0.2969,0.2969,0.7193,0.66,3.27,4.3
boltz2,no_msa,6FU9,boltz2,input_model_0,0.92,0.7993,0.676,6.48,9.2,0.289,0.3052,0.289,0.7007,0.7,3.24,3.65
boltz2,no_msa,6FU9,boltz2,input_model_1,0.92,0.8031,0.672,6.56,9.34,0.2895,0.2812,0.2812,0.6982,0.66,3.04,3.23
boltz2,no_msa,6FU9,boltz2,input_model_2,0.92,0.7772,0.6392,7.19,10.09,0.2524,0.2667,0.2524,0.6668,0.75,3.35,3.8
boltz2,no_msa,6FU9,boltz2,input_model_2,0.91,0.7796,0.6317,7.19,10.19,0.2434,0.2489,0.2434,0.6613,0.68,2.72,2.91
boltz2,no_msa,6FU9,boltz2,input_model_0,0.92,0.7358,0.5974,7.87,11.18,0.1817,0.2082,0.1817,0.6251,0.81,3.51,4.04
boltz2,no_msa,6FU9,boltz2,input_model_1,0.91,0.7329,0.5891,8.02,11.37,0.177,0.1983,0.177,0.6179,0.63,3.15,3.93
boltz2,no_msa,6FU9,boltz2,input_model_3,0.91,0.7386,0.5729,8.35,11.8,0.1656,0.173,0.1656,0.606,0.92,3.16,3.41
boltz2,no_msa,6FU9,boltz2,input_model_3,0.92,0.7493,0.5696,8.34,11.95,0.1821,0.0841,0.0841,0.6055,0.68,4.36,4.58
boltz2,no_msa,6FU9,boltz2,input_model_3,0.9,0.7439,0.5658,8.23,11.96,0.1378,0.116,0.116,0.6014,0.67,3.12,3.33
boltz2,no_msa,6FU9,boltz2,input_model_4,0.92,0.7154,0.5402,8.86,12.63,0.097,0.1151,0.097,0.5752,0.75,3.5,3.95
boltz2,no_msa,6FU9,boltz2,input_model_4,0.92,0.7055,0.4898,9.4,13.56,0.0695,0.0216,0.0216,0.5329,0.71,3.76,4.38
boltz2,no_msa,6FU9,boltz2,input_model_2,0.9,0.6526,0.4677,9.9,14.29,0.0078,0.0323,0.0078,0.5047,0.67,2.7,3.17
boltz2,no_msa,6FU9,boltz2,input_model_4,0.91,0.669,0.4366,10.23,15.02,0.0,0.0079,0.0,0.4831,0.75,4.17,4.97
boltz2,no_msa,6FU9,boltz2,input_model_2,0.91,0.6439,0.4378,10.21,14.88,0.0,0.0158,0.0,0.479,0.62,3.13,3.5
boltz2,no_msa,6FU9,boltz2,input_model_1,0.91,0.6414,0.4285,10.27,15.03,0.0,0.0183,0.0,0.4711,0.85,3.17,3.38
boltz2,no_msa,6FU9,boltz2,input_model_3,0.91,0.6209,0.4037,10.88,15.77,0.0,0.0051,0.0,0.4471,0.64,3.59,3.97
boltz2,no_msa,6FU9,boltz2,input_model_3,0.9,0.6134,0.3994,10.84,15.95,0.0,0.0051,0.0,0.4422,0.57,3.15,3.58
boltz2,no_msa,6FU9,boltz2,input_model_4,0.9,0.5852,0.3662,11.55,16.83,0.0,0.0,0.0,0.41,0.92,2.49,3.09
boltz2,no_msa,6FU9,boltz2,input_model_4,0.9,0.5944,0.3615,11.54,16.99,0.0,0.0,0.0,0.4081,0.8,2.98,3.15
boltz2,msa,6FU9,boltz2_msa,input_model_0,0.95,0.957,0.9356,2.14,2.67,0.9301,0.9264,0.9264,0.9399,0.9,1.61,2.02
boltz2,msa,6FU9,boltz2_msa,input_model_1,0.95,0.9551,0.9346,2.2,2.76,0.9263,0.9168,0.9168,0.9387,0.69,0.94,1.02
boltz2,msa,6FU9,boltz2_msa,input_model_0,0.95,0.9554,0.9333,2.18,2.74,0.926,0.9209,0.9209,0.9377,0.83,1.26,1.43
boltz2,msa,6FU9,boltz2_msa,input_model_3,0.95,0.9533,0.9307,2.23,2.8,0.9226,0.9183,0.9183,0.9352,0.91,1.49,1.84
boltz2,msa,6FU9,boltz2_msa,input_model_2,0.95,0.953,0.9304,2.23,2.82,0.9214,0.9159,0.9159,0.9349,0.92,1.51,1.73
boltz2,msa,6FU9,boltz2_msa,input_model_0,0.95,0.9513,0.9288,2.39,2.99,0.9219,0.9098,0.9098,0.9333,0.8,1.18,1.29
boltz2,msa,6FU9,boltz2_msa,input_model_2,0.95,0.9512,0.9278,2.33,2.93,0.9189,0.9141,0.9141,0.9325,0.91,1.48,1.81
boltz2,msa,6FU9,boltz2_msa,input_model_0,0.95,0.9509,0.927,2.31,2.92,0.9161,0.9107,0.9107,0.9318,0.85,1.2,1.38
boltz2,msa,6FU9,boltz2_msa,input_model_3,0.95,0.9503,0.9272,2.4,3.0,0.9188,0.9068,0.9068,0.9318,0.72,1.59,1.85
boltz2,msa,6FU9,boltz2_msa,input_model_4,0.95,0.95,0.9272,2.42,3.03,0.9183,0.9035,0.9035,0.9318,0.69,1.38,1.48
boltz2,msa,6FU9,boltz2_msa,input_model_2,0.95,0.949,0.9253,2.45,3.06,0.917,0.9033,0.9033,0.93,0.83,1.19,1.38
boltz2,msa,6FU9,boltz2_msa,input_model_1,0.95,0.9495,0.9243,2.41,3.03,0.9144,0.9049,0.9049,0.9293,1.0,1.29,1.54
boltz2,msa,6FU9,boltz2_msa,input_model_0,0.95,0.9482,0.9238,2.45,3.08,0.9104,0.9033,0.9033,0.9287,0.78,1.32,1.61
boltz2,msa,6FU9,boltz2_msa,input_model_3,0.95,0.948,0.9238,2.42,3.04,0.9129,0.9063,0.9063,0.9286,0.74,1.03,1.14
boltz2,msa,6FU9,boltz2_msa,input_model_1,0.95,0.9484,0.9226,2.4,3.04,0.9054,0.9042,0.9042,0.9278,0.75,1.76,1.96
boltz2,msa,6FU9,boltz2_msa,input_model_1,0.95,0.9481,0.9227,2.4,3.03,0.9108,0.9046,0.9046,0.9278,0.81,1.6,2.08
boltz2,msa,6FU9,boltz2_msa,input_model_1,0.95,0.9471,0.9223,2.5,3.14,0.9085,0.8993,0.8993,0.9273,0.67,1.51,1.91
boltz2,msa,6FU9,boltz2_msa,input_model_3,0.95,0.9474,0.9212,2.47,3.11,0.9079,0.9031,0.9031,0.9264,0.92,1.39,1.77
boltz2,msa,6FU9,boltz2_msa,input_model_2,0.95,0.9458,0.9204,2.49,3.14,0.9041,0.8958,0.8958,0.9255,0.69,1.25,1.32
boltz2,msa,6FU9,boltz2_msa,input_model_4,0.95,0.9453,0.9189,2.5,3.16,0.9012,0.8959,0.8959,0.9242,0.65,1.74,1.94
boltz2,msa,6FU9,boltz2_msa,input_model_4,0.95,0.9412,0.9129,2.6,3.31,0.8904,0.8843,0.8843,0.9186,0.72,1.36,1.76
boltz2,msa,6FU9,boltz2_msa,input_model_2,0.95,0.9385,0.9089,2.73,3.47,0.8806,0.8738,0.8738,0.9148,0.69,1.15,1.26
boltz2,msa,6FU9,boltz2_msa,input_model_3,0.91,0.8491,0.7378,5.11,7.81,0.3726,0.3941,0.3726,0.7601,0.76,1.44,29.31
boltz2,msa,6FU9,boltz2_msa,input_model_4,0.88,0.8185,0.673,6.0,9.54,0.2262,0.2953,0.2262,0.7021,0.74,1.58,30.78
boltz2,msa,6FU9,boltz2_msa,input_model_4,0.88,0.7838,0.5975,6.92,11.39,0.0894,0.2048,0.0894,0.6348,0.75,1.51,28.04
chai1,no_msa,6FU9,chai1,pred.model_idx_3,77.72,0.5402,0.1663,0.0,0.0,0.0,0.0,0.0,0.2411,1.13,11.87,13.97
chai1,no_msa,6FU9,chai1,pred.model_idx_2,77.68,0.5405,0.1658,0.0,0.0,0.0,0.0,0.0,0.2407,1.14,11.65,14.1
chai1,no_msa,6FU9,chai1,pred.model_idx_4,77.73,0.54,0.1652,0.0,0.0,0.0,0.0,0.0,0.2402,1.21,11.39,13.64
chai1,no_msa,6FU9,chai1,pred.model_idx_1,77.71,0.5398,0.1643,0.0,0.0,0.0,0.0,0.0,0.2394,1.18,11.57,13.68
chai1,no_msa,6FU9,chai1,pred.model_idx_0,78.07,0.5378,0.1643,0.0,0.0,0.0,0.0,0.0,0.239,1.04,11.05,12.03
chai1,no_msa,6FU9,chai1,pred.model_idx_0,77.66,0.54,0.1631,0.0,0.0,0.0,0.0,0.0,0.2385,0.99,11.53,13.86
chai1,no_msa,6FU9,chai1,pred.model_idx_2,77.83,0.5395,0.1619,0.0,0.0,0.0,0.0,0.0,0.2374,0.62,11.63,13.88
chai1,no_msa,6FU9,chai1,pred.model_idx_4,77.64,0.537,0.1617,0.0,0.0,0.0,0.0,0.0,0.2368,1.28,10.45,11.73
chai1,no_msa,6FU9,chai1,pred.model_idx_1,77.9,0.5385,0.1605,0.0,0.0,0.0,0.0,0.0,0.2361,1.01,11.84,13.91
chai1,no_msa,6FU9,chai1,pred.model_idx_3,77.84,0.5382,0.1602,0.0,0.0,0.0,0.0,0.0,0.2358,0.89,11.55,13.83
chai1,no_msa,6FU9,chai1,pred.model_idx_3,77.67,0.5338,0.1528,0.0,0.0,0.0,0.0,0.0,0.229,0.89,11.59,13.82
chai1,no_msa,6FU9,chai1,pred.model_idx_4,77.7,0.5333,0.1521,0.0,0.0,0.0,0.0,0.0,0.2283,1.2,11.74,13.99
chai1,no_msa,6FU9,chai1,pred.model_idx_0,77.64,0.5333,0.1516,0.0,0.0,0.0,0.0,0.0,0.2279,1.09,11.85,13.8
chai1,no_msa,6FU9,chai1,pred.model_idx_1,77.66,0.5331,0.1505,0.0,0.0,0.0,0.0,0.0,0.227,1.1,11.38,13.57
chai1,no_msa,6FU9,chai1,pred.model_idx_2,77.54,0.5302,0.1473,0.0,0.0,0.0,0.0,0.0,0.2239,1.07,11.83,14.12
chai1,no_msa,6FU9,chai1,pred.model_idx_1,77.61,0.5299,0.1465,0.0,0.0,0.0,0.0,0.0,0.2232,1.05,11.6,13.8
chai1,no_msa,6FU9,chai1,pred.model_idx_1,77.68,0.5293,0.1467,0.0,0.0,0.0,0.0,0.0,0.2232,1.02,11.65,13.73
chai1,no_msa,6FU9,chai1,pred.model_idx_0,77.62,0.5296,0.1463,0.0,0.0,0.0,0.0,0.0,0.223,1.15,11.53,13.74
chai1,no_msa,6FU9,chai1,pred.model_idx_3,77.64,0.5298,0.1457,0.0,0.0,0.0,0.0,0.0,0.2225,1.05,11.55,13.79
chai1,no_msa,6FU9,chai1,pred.model_idx_0,77.77,0.5293,0.1458,0.0,0.0,0.0,0.0,0.0,0.2225,1.03,11.55,13.68
chai1,no_msa,6FU9,chai1,pred.model_idx_3,78.17,0.5321,0.1394,0.0,0.0,0.0,0.0,0.0,0.2179,1.22,9.91,27.3
chai1,no_msa,6FU9,chai1,pred.model_idx_2,78.09,0.5319,0.1387,0.0,0.0,0.0,0.0,0.0,0.2173,1.07,8.43,26.31
chai1,no_msa,6FU9,chai1,pred.model_idx_4,77.82,0.5269,0.135,0.0,0.0,0.0,0.0,0.0,0.2134,0.71,3.81,27.83
chai1,no_msa,6FU9,chai1,pred.model_idx_4,77.73,0.5277,0.1326,0.0,0.0,0.0,0.0,0.0,0.2116,1.04,4.23,28.5
chai1,no_msa,6FU9,chai1,pred.model_idx_2,77.8,0.5284,0.131,0.0,0.0,0.0,0.0,0.0,0.2105,1.13,9.46,26.98
colabfold,msa,6FU9,colabfold,complex_unrelaxed_rank_001_alphafold2_multimer_v3_model_1_seed_001,87.41,0.81,0.72,5.49,6.98,0.6159,0.6435,0.6159,0.738,1.34,0.93,24.34
colabfold,msa,6FU9,colabfold,complex_unrelaxed_rank_002_alphafold2_multimer_v3_model_1_seed_002,85.93,0.77,0.64,6.33,8.6,0.4191,0.4823,0.4191,0.666,1.28,1.02,24.47
colabfold,msa,6FU9,colabfold,complex_unrelaxed_rank_003_alphafold2_multimer_v3_model_4_seed_000,78.79,0.63,0.36,9.07,13.87,0.0186,0.1541,0.0186,0.414,0.97,2.07,3.65
colabfold,msa,6FU9,colabfold,complex_unrelaxed_rank_004_alphafold2_multimer_v3_model_2_seed_004,81.23,0.63,0.36,9.5,14.81,0.014,0.1155,0.014,0.414,0.88,1.63,2.94
colabfold,msa,6FU9,colabfold,complex_unrelaxed_rank_005_alphafold2_multimer_v3_model_4_seed_003,77.29,0.59,0.27,10.28,16.28,0.0025,0.0742,0.0025,0.334,0.98,2.17,28.5
colabfold,msa,6FU9,colabfold,complex_unrelaxed_rank_006_alphafold2_multimer_v3_model_4_seed_001,75.41,0.57,0.25,10.61,16.84,0.0,0.0603,0.0,0.314,1.03,2.18,29.63
colabfold,msa,6FU9,colabfold,complex_unrelaxed_rank_007_alphafold2_multimer_v3_model_4_seed_004,76.55,0.56,0.21,11.25,18.23,0.0,0.035,0.0,0.28,0.95,1.94,22.27
colabfold,msa,6FU9,colabfold,complex_unrelaxed_rank_008_alphafold2_multimer_v3_model_3_seed_001,74.72,0.56,0.21,11.5,18.35,0.0,0.0352,0.0,0.28,1.15,2.06,23.19
colabfold,msa,6FU9,colabfold,complex_unrelaxed_rank_009_alphafold2_multimer_v3_model_4_seed_002,76.16,0.56,0.21,11.32,18.35,0.0,0.0316,0.0,0.28,0.99,2.09,28.03
colabfold,msa,6FU9,colabfold,complex_unrelaxed_rank_010_alphafold2_multimer_v3_model_3_seed_002,75.29,0.56,0.2,11.58,18.6,0.0,0.0321,0.0,0.272,1.12,2.01,22.97
colabfold,msa,6FU9,colabfold,complex_unrelaxed_rank_011_alphafold2_multimer_v3_model_3_seed_003,74.75,0.56,0.2,11.6,18.59,0.0,0.0282,0.0,0.272,1.18,2.09,23.87
colabfold,msa,6FU9,colabfold,complex_unrelaxed_rank_012_alphafold2_multimer_v3_model_3_seed_000,74.99,0.55,0.2,11.62,18.64,0.0,0.0262,0.0,0.27,1.15,2.08,24.94
colabfold,msa,6FU9,colabfold,complex_unrelaxed_rank_013_alphafold2_multimer_v3_model_3_seed_004,74.06,0.55,0.19,11.94,19.11,0.0,0.0234,0.0,0.262,1.17,2.1,23.82
colabfold,msa,6FU9,colabfold,complex_unrelaxed_rank_015_alphafold2_multimer_v3_model_2_seed_002,77.28,0.55,0.18,11.73,19.34,0.0,0.0215,0.0,0.254,1.14,1.91,6.87
colabfold,msa,6FU9,colabfold,complex_unrelaxed_rank_014_alphafold2_multimer_v3_model_5_seed_000,74.38,0.54,0.18,12.09,19.87,0.0,0.0149,0.0,0.252,0.94,1.99,38.69
colabfold,msa,6FU9,colabfold,complex_unrelaxed_rank_016_alphafold2_multimer_v3_model_1_seed_004,74.95,0.54,0.18,11.89,19.51,0.0,0.0216,0.0,0.252,1.04,2.1,22.84
colabfold,msa,6FU9,colabfold,complex_unrelaxed_rank_017_alphafold2_multimer_v3_model_1_seed_003,75.68,0.54,0.18,11.83,19.43,0.0,0.0222,0.0,0.252,1.07,1.95,22.12
colabfold,msa,6FU9,colabfold,complex_unrelaxed_rank_018_alphafold2_multimer_v3_model_1_seed_000,76.13,0.54,0.18,11.79,19.44,0.0,0.0214,0.0,0.252,0.95,2.01,22.91
colabfold,msa,6FU9,colabfold,complex_unrelaxed_rank_019_alphafold2_multimer_v3_model_2_seed_000,77.46,0.54,0.17,11.9,19.6,0.0,0.0217,0.0,0.244,1.13,1.69,10.97
colabfold,msa,6FU9,colabfold,complex_unrelaxed_rank_020_alphafold2_multimer_v3_model_2_seed_001,76.86,0.54,0.17,12.01,19.87,0.0,0.0188,0.0,0.244,1.25,1.67,26.93
colabfold,msa,6FU9,colabfold,complex_unrelaxed_rank_021_alphafold2_multimer_v3_model_5_seed_002,73.06,0.53,0.15,12.59,20.76,0.0,0.0108,0.0,0.226,1.17,2.01,23.07
colabfold,msa,6FU9,colabfold,complex_unrelaxed_rank_022_alphafold2_multimer_v3_model_5_seed_003,73.07,0.53,0.15,12.59,20.88,0.0,0.0113,0.0,0.226,1.2,2.06,23.7
colabfold,msa,6FU9,colabfold,complex_unrelaxed_rank_023_alphafold2_multimer_v3_model_5_seed_001,73.6,0.53,0.15,12.6,20.91,0.0,0.0086,0.0,0.226,1.16,2.01,24.1
colabfold,msa,6FU9,colabfold,complex_unrelaxed_rank_024_alphafold2_multimer_v3_model_5_seed_004,72.99,0.53,0.15,12.58,20.88,0.0,0.0088,0.0,0.226,1.25,1.98,30.84
colabfold,msa,6FU9,colabfold,complex_unrelaxed_rank_025_alphafold2_multimer_v3_model_2_seed_003,74.29,0.5,0.09,13.5,22.82,0.0,0.0,0.0,0.172,1.15,1.29,15.75
colabfold,no_msa,6FU9,colabfold_nomsa,complex_unrelaxed_rank_001_alphafold2_multimer_v3_model_3_seed_000,42.51,0.31,0.14,17.78,22.02,0.0,0.0,0.0,0.174,1.78,7.35,27.78
colabfold,no_msa,6FU9,colabfold_nomsa,complex_unrelaxed_rank_005_alphafold2_multimer_v3_model_5_seed_002,52.28,0.39,0.1,16.8,23.35,0.0,0.0,0.0,0.158,1.79,4.63,25.11
colabfold,no_msa,6FU9,colabfold_nomsa,complex_unrelaxed_rank_002_alphafold2_multimer_v3_model_3_seed_001,40.81,0.28,0.11,18.52,23.62,0.0,0.0,0.0,0.144,2.2,9.48,26.98
colabfold,no_msa,6FU9,colabfold_nomsa,complex_unrelaxed_rank_004_alphafold2_multimer_v3_model_4_seed_002,40.44,0.27,0.11,18.83,23.27,0.0,0.0,0.0,0.142,3.01,16.17,31.99
colabfold,no_msa,6FU9,colabfold_nomsa,complex_unrelaxed_rank_003_alphafold2_multimer_v3_model_4_seed_003,38.25,0.24,0.11,19.53,23.94,0.0,0.0,0.0,0.136,3.26,14.31,30.61
colabfold,no_msa,6FU9,colabfold_nomsa,complex_unrelaxed_rank_008_alphafold2_multimer_v3_model_5_seed_004,44.7,0.32,0.09,18.12,24.05,0.0,0.0,0.0,0.136,2.23,4.98,27.13
colabfold,no_msa,6FU9,colabfold_nomsa,complex_unrelaxed_rank_006_alphafold2_multimer_v3_model_4_seed_004,39.01,0.27,0.1,19.35,23.81,0.0,0.0,0.0,0.134,3.47,15.09,31.01
colabfold,no_msa,6FU9,colabfold_nomsa,complex_unrelaxed_rank_009_alphafold2_multimer_v3_model_3_seed_002,40.14,0.28,0.09,19.02,23.97,0.0,0.0,0.0,0.128,1.93,14.95,24.15
colabfold,no_msa,6FU9,colabfold_nomsa,complex_unrelaxed_rank_014_alphafold2_multimer_v3_model_5_seed_001,42.23,0.28,0.09,18.94,25.09,0.0,0.0,0.0,0.128,2.28,10.68,22.2
colabfold,no_msa,6FU9,colabfold_nomsa,complex_unrelaxed_rank_010_alphafold2_multimer_v3_model_1_seed_002,38.98,0.27,0.09,19.49,24.63,0.0,0.0,0.0,0.126,2.54,15.15,30.96
colabfold,no_msa,6FU9,colabfold_nomsa,complex_unrelaxed_rank_011_alphafold2_multimer_v3_model_3_seed_004,39.73,0.27,0.09,19.0,24.16,0.0,0.0,0.0,0.126,2.02,13.5,29.03
colabfold,no_msa,6FU9,colabfold_nomsa,complex_unrelaxed_rank_017_alphafold2_multimer_v3_model_5_seed_003,42.24,0.3,0.08,18.81,24.59,0.0,0.0,0.0,0.124,1.79,8.42,27.34
colabfold,no_msa,6FU9,colabfold_nomsa,complex_unrelaxed_rank_012_alphafold2_multimer_v3_model_4_seed_000,38.38,0.25,0.09,19.71,24.4,0.0,0.0,0.0,0.122,3.2,15.78,30.22
colabfold,no_msa,6FU9,colabfold_nomsa,complex_unrelaxed_rank_016_alphafold2_multimer_v3_model_5_seed_000,41.08,0.29,0.08,19.36,25.35,0.0,0.0,0.0,0.122,2.73,11.06,32.35
colabfold,no_msa,6FU9,colabfold_nomsa,complex_unrelaxed_rank_007_alphafold2_multimer_v3_model_1_seed_001,37.31,0.24,0.09,19.95,24.79,0.0,0.0,0.0,0.12,2.73,14.5,30.06
colabfold,no_msa,6FU9,colabfold_nomsa,complex_unrelaxed_rank_015_alphafold2_multimer_v3_model_3_seed_003,40.95,0.28,0.08,19.46,25.36,0.0,0.0,0.0,0.12,2.22,10.46,29.78
colabfold,no_msa,6FU9,colabfold_nomsa,complex_unrelaxed_rank_013_alphafold2_multimer_v3_model_1_seed_004,33.25,0.19,0.09,20.62,24.61,0.0,0.0,0.0,0.11,6.65,14.67,36.45
colabfold,no_msa,6FU9,colabfold_nomsa,complex_unrelaxed_rank_018_alphafold2_multimer_v3_model_1_seed_003,36.01,0.24,0.07,20.42,25.16,0.0,0.0,0.0,0.104,2.85,15.27,32.09
colabfold,no_msa,6FU9,colabfold_nomsa,complex_unrelaxed_rank_021_alphafold2_multimer_v3_model_2_seed_002,37.45,0.24,0.07,20.35,25.94,0.0,0.0,0.0,0.104,2.84,12.19,31.8
colabfold,no_msa,6FU9,colabfold_nomsa,complex_unrelaxed_rank_020_alphafold2_multimer_v3_model_2_seed_004,36.88,0.23,0.07,20.71,26.05,0.0,0.0,0.0,0.102,2.84,10.5,34.28
colabfold,no_msa,6FU9,colabfold_nomsa,complex_unrelaxed_rank_022_alphafold2_multimer_v3_model_2_seed_000,37.55,0.23,0.07,20.41,26.01,0.0,0.0,0.0,0.102,3.04,12.32,30.67
colabfold,no_msa,6FU9,colabfold_nomsa,complex_unrelaxed_rank_023_alphafold2_multimer_v3_model_2_seed_001,37.98,0.23,0.07,20.37,26.11,0.0,0.0,0.0,0.102,2.89,12.41,32.36
colabfold,no_msa,6FU9,colabfold_nomsa,complex_unrelaxed_rank_024_alphafold2_multimer_v3_model_2_seed_003,36.93,0.23,0.07,20.47,26.06,0.0,0.0,0.0,0.102,2.8,12.38,33.61
colabfold,no_msa,6FU9,colabfold_nomsa,complex_unrelaxed_rank_025_alphafold2_multimer_v3_model_4_seed_001,32.15,0.17,0.07,22.67,26.62,0.0,0.0,0.0,0.09,3.93,17.15,40.74
colabfold,no_msa,6FU9,colabfold_nomsa,complex_unrelaxed_rank_019_alphafold2_multimer_v3_model_1_seed_000,30.77,0.15,0.07,21.73,25.88,0.0,0.0,0.0,0.086,9.46,13.98,40.18
esmfold2,no_msa,6FU9,esmfold2,output_seed123_esmfold2_pred,78.92,0.6418,0.4422,10.94,16.21,0.0029,0.0029,0.0029,0.4821,1.48,6.92,29.29
esmfold2,no_msa,6FU9,esmfold2,output_esmfold2_pred,72.57,0.5087,0.1693,14.78,23.18,0.0,0.0,0.0,0.2372,1.44,7.06,27.8
esmfold2,no_msa,6FU9,esmfold2,output_seed456_esmfold2_pred,73.14,0.5008,0.1543,14.95,23.82,0.0,0.0,0.0,0.2236,1.3,7.08,31.98
esmfold2,no_msa,6FU9,esmfold2,output_seed1024_esmfold2_pred,72.68,0.4969,0.142,14.97,23.78,0.0,0.0,0.0,0.213,1.17,6.91,28.32
esmfold2,no_msa,6FU9,esmfold2,output_seed789_esmfold2_pred,69.6,0.4724,0.1018,16.02,24.34,0.0,0.0,0.0,0.1759,1.36,13.44,26.95
af2m,msa,6FUB,af2m,ranked_0,88.74,0.8195,0.772,6.2,7.4,0.6192,0.7079,0.6192,0.7815,2.21,3.15,5.47
af2m,msa,6FUB,af2m,ranked_1,79.42,0.6205,0.3554,10.32,15.17,0.0325,0.0771,0.0325,0.4084,2.3,2.57,31.48
af2m,msa,6FUB,af2m,ranked_2,76.15,0.5479,0.1985,12.52,19.61,0.0,0.0155,0.0,0.2684,2.2,2.97,32.48
af2m,msa,6FUB,af2m,ranked_3,73.35,0.5285,0.1789,13.26,20.53,0.0,0.0108,0.0,0.2488,2.37,2.91,34.25
af2m,msa,6FUB,af2m,ranked_4,73.16,0.5252,0.1748,13.43,20.85,0.0,0.0028,0.0,0.2449,2.34,2.99,35.14
af2m,msa,6FUB,af2m,ranked_5,74.77,0.5333,0.1702,13.07,20.74,0.0,0.0143,0.0,0.2428,2.22,3.11,34.56
af2m,msa,6FUB,af2m,ranked_6,74.69,0.5342,0.1694,12.99,20.49,0.0,0.0146,0.0,0.2424,2.16,1.93,24.21
af2m,msa,6FUB,af2m,ranked_7,75.08,0.5339,0.1673,13.06,20.69,0.0,0.0122,0.0,0.2406,2.22,2.03,27.87
af2m,msa,6FUB,af2m,ranked_8,76.65,0.5298,0.1677,13.21,20.92,0.0,0.0063,0.0,0.2401,2.31,2.34,8.31
af2m,msa,6FUB,af2m,ranked_9,73.89,0.5312,0.1653,13.16,20.85,0.0,0.014,0.0,0.2385,2.45,1.89,28.24
af2m,msa,6FUB,af2m,ranked_10,75.47,0.5293,0.1632,12.98,20.69,0.0,0.0138,0.0,0.2364,2.27,3.1,26.95
af2m,msa,6FUB,af2m,ranked_11,74.21,0.5301,0.1606,13.2,20.97,0.0,0.0086,0.0,0.2345,2.42,2.37,30.48
af2m,msa,6FUB,af2m,ranked_12,72.51,0.5179,0.1598,13.61,21.29,0.0,0.003,0.0,0.2314,2.44,3.1,19.09
af2m,msa,6FUB,af2m,ranked_13,74.77,0.5251,0.1552,13.28,21.28,0.0,0.014,0.0,0.2292,2.42,3.15,32.53
af2m,msa,6FUB,af2m,ranked_14,76.39,0.5231,0.1521,13.31,21.23,0.0,0.0057,0.0,0.2263,2.33,2.46,28.03
af2m,msa,6FUB,af2m,ranked_15,71.81,0.5109,0.1512,13.8,21.67,0.0,0.0,0.0,0.2231,2.33,2.78,34.25
af2m,msa,6FUB,af2m,ranked_16,74.27,0.5231,0.1474,13.57,21.67,0.0,0.0053,0.0,0.2225,2.28,2.09,25.35
af2m,msa,6FUB,af2m,ranked_17,71.99,0.5065,0.1505,13.93,22.04,0.0,0.0,0.0,0.2217,2.12,3.51,31.09
af2m,msa,6FUB,af2m,ranked_18,72.08,0.4991,0.1245,14.23,22.64,0.0,0.0,0.0,0.1994,2.31,2.84,32.33
af2m,msa,6FUB,af2m,ranked_19,71.16,0.5015,0.1183,14.44,23.11,0.0,0.0,0.0,0.1949,2.26,3.24,30.03
af2m,msa,6FUB,af2m,ranked_20,69.89,0.4958,0.111,14.69,23.6,0.0,0.0,0.0,0.188,2.38,3.45,29.85
af2m,msa,6FUB,af2m,ranked_21,75.13,0.4953,0.1046,14.41,23.32,0.0,0.0,0.0,0.1827,2.26,2.59,32.04
af2m,msa,6FUB,af2m,ranked_22,74.19,0.4911,0.096,14.56,23.73,0.0,0.0,0.0,0.175,2.31,2.89,32.38
af2m,msa,6FUB,af2m,ranked_23,71.38,0.4763,0.0806,15.12,24.45,0.0,0.0,0.0,0.1597,2.12,3.73,30.22
af2m,msa,6FUB,af2m,ranked_24,69.92,0.4743,0.0787,15.09,24.33,0.0,0.0,0.0,0.1578,2.22,3.37,29.25
af3,msa,6FUB,af3,seed-1024_sample-4,91.38,0.89,0.89,4.57,5.13,0.8775,0.8717,0.8717,0.89,1.5,3.81,5.04
af3,msa,6FUB,af3,seed-456_sample-2,91.46,0.89,0.89,4.38,4.94,0.8691,0.8749,0.8691,0.89,1.74,7.11,9.1
af3,msa,6FUB,af3,seed-123_sample-0,91.04,0.88,0.89,4.85,5.41,0.885,0.8737,0.8737,0.888,2.25,3.64,4.45
af3,msa,6FUB,af3,seed-456_sample-0,91.23,0.88,0.89,4.64,5.18,0.8824,0.87,0.87,0.888,1.94,6.91,9.32
af3,msa,6FUB,af3,seed-1024_sample-1,90.72,0.88,0.88,4.82,5.39,0.8785,0.8685,0.8685,0.88,1.2,5.66,7.5
af3,msa,6FUB,af3,seed-1024_sample-2,91.34,0.88,0.88,4.84,5.39,0.8771,0.8623,0.8623,0.88,1.69,3.56,5.67
af3,msa,6FUB,af3,seed-1024_sample-3,91.23,0.88,0.88,4.88,5.46,0.8832,0.8628,0.8628,0.88,1.73,3.32,3.49
af3,msa,6FUB,af3,seed-123_sample-1,90.94,0.88,0.88,4.7,5.23,0.8683,0.8632,0.8632,0.88,1.58,8.76,11.44
af3,msa,6FUB,af3,seed-123_sample-2,91.83,0.88,0.88,4.75,5.3,0.8792,0.8676,0.8676,0.88,1.89,2.6,4.36
af3,msa,6FUB,af3,seed-123_sample-4,90.98,0.88,0.88,4.92,5.46,0.8816,0.866,0.866,0.88,1.49,6.52,8.98
af3,msa,6FUB,af3,seed-42_sample-0,92.07,0.88,0.88,4.6,5.12,0.8762,0.8675,0.8675,0.88,2.22,2.24,4.46
af3,msa,6FUB,af3,seed-42_sample-1,90.72,0.88,0.88,4.85,5.43,0.8736,0.8597,0.8597,0.88,1.96,5.2,7.36
af3,msa,6FUB,af3,seed-42_sample-3,91.1,0.88,0.88,4.83,5.37,0.8786,0.8651,0.8651,0.88,1.88,6.83,9.73
af3,msa,6FUB,af3,seed-42_sample-4,90.75,0.88,0.88,4.89,5.44,0.8821,0.867,0.867,0.88,1.95,5.95,6.77
af3,msa,6FUB,af3,seed-456_sample-3,91.66,0.88,0.88,4.64,5.19,0.8829,0.8672,0.8672,0.88,1.42,4.91,6.04
af3,msa,6FUB,af3,seed-789_sample-0,91.43,0.88,0.88,4.76,5.31,0.8864,0.8685,0.8685,0.88,1.52,6.1,7.9
af3,msa,6FUB,af3,seed-789_sample-1,90.56,0.88,0.88,4.93,5.48,0.8786,0.8682,0.8682,0.88,2.0,6.15,8.72
af3,msa,6FUB,af3,seed-789_sample-2,91.04,0.88,0.88,5.03,5.6,0.8808,0.8623,0.8623,0.88,1.17,2.77,2.99
af3,msa,6FUB,af3,seed-789_sample-4,91.0,0.88,0.88,4.79,5.36,0.8713,0.8658,0.8658,0.88,1.78,5.88,7.62
af3,msa,6FUB,af3,seed-1024_sample-0,90.93,0.87,0.88,5.1,5.66,0.8797,0.8581,0.8581,0.878,2.23,5.58,8.62
af3,msa,6FUB,af3,seed-123_sample-3,90.78,0.87,0.88,4.99,5.58,0.8716,0.8588,0.8588,0.878,1.5,2.96,3.43
af3,msa,6FUB,af3,seed-42_sample-2,90.95,0.87,0.88,5.13,5.69,0.8787,0.8611,0.8611,0.878,1.44,1.77,2.37
af3,msa,6FUB,af3,seed-456_sample-1,90.75,0.87,0.88,5.02,5.6,0.8793,0.8612,0.8612,0.878,1.78,4.92,6.66
af3,msa,6FUB,af3,seed-456_sample-4,91.08,0.87,0.87,4.98,5.53,0.8719,0.8551,0.8551,0.87,2.0,5.86,8.92
af3,msa,6FUB,af3,seed-789_sample-3,90.71,0.87,0.87,5.26,5.8,0.8746,0.8528,0.8528,0.87,2.06,3.81,6.72
af3,no_msa,6FUB,af3_nomsa,seed-42_sample-4,90.37,0.88,0.88,4.53,5.2,0.8418,0.8558,0.8418,0.88,1.81,8.11,8.69
af3,no_msa,6FUB,af3_nomsa,seed-42_sample-0,91.26,0.87,0.87,4.98,5.59,0.8583,0.85,0.85,0.87,2.35,2.68,3.73
af3,no_msa,6FUB,af3_nomsa,seed-42_sample-1,89.79,0.86,0.86,5.55,6.16,0.8597,0.8354,0.8354,0.86,2.06,4.7,6.65
af3,no_msa,6FUB,af3_nomsa,seed-42_sample-2,90.17,0.86,0.86,5.47,6.06,0.8648,0.8419,0.8419,0.86,1.78,1.87,2.63
af3,no_msa,6FUB,af3_nomsa,seed-42_sample-3,90.03,0.86,0.86,5.45,6.05,0.8585,0.839,0.839,0.86,2.09,4.81,7.18
af3,no_msa,6FUB,af3_nomsa,seed-1024_sample-0,88.7,0.86,0.85,5.58,6.43,0.8418,0.8091,0.8091,0.852,2.16,6.93,9.58
af3,no_msa,6FUB,af3_nomsa,seed-1024_sample-4,89.38,0.86,0.84,5.43,6.26,0.8456,0.8137,0.8137,0.844,1.62,3.3,4.09
af3,no_msa,6FUB,af3_nomsa,seed-456_sample-2,89.11,0.86,0.84,5.54,6.41,0.8316,0.8014,0.8014,0.844,2.07,6.07,7.6
af3,no_msa,6FUB,af3_nomsa,seed-1024_sample-1,88.73,0.85,0.84,5.61,6.46,0.8421,0.8064,0.8064,0.842,1.57,5.27,6.87
af3,no_msa,6FUB,af3_nomsa,seed-456_sample-1,88.37,0.85,0.84,5.9,6.77,0.8406,0.8018,0.8018,0.842,2.31,4.95,6.47
af3,no_msa,6FUB,af3_nomsa,seed-789_sample-1,88.49,0.85,0.84,5.62,6.42,0.8412,0.8108,0.8108,0.842,2.05,4.93,7.95
af3,no_msa,6FUB,af3_nomsa,seed-789_sample-2,88.83,0.85,0.84,5.92,6.72,0.8369,0.804,0.804,0.842,1.69,3.4,4.71
af3,no_msa,6FUB,af3_nomsa,seed-123_sample-4,88.46,0.86,0.83,5.48,6.57,0.8043,0.7708,0.7708,0.836,1.89,7.85,8.09
af3,no_msa,6FUB,af3_nomsa,seed-1024_sample-2,89.14,0.85,0.83,5.91,6.76,0.8193,0.7918,0.7918,0.834,2.01,3.26,5.12
af3,no_msa,6FUB,af3_nomsa,seed-123_sample-3,88.82,0.84,0.83,5.97,6.77,0.8292,0.7998,0.7998,0.832,1.68,3.1,3.39
af3,no_msa,6FUB,af3_nomsa,seed-456_sample-3,88.86,0.84,0.83,5.99,6.87,0.8321,0.7876,0.7876,0.832,1.66,6.0,7.36
af3,no_msa,6FUB,af3_nomsa,seed-789_sample-0,88.59,0.84,0.83,6.02,6.89,0.8204,0.7858,0.7858,0.832,1.76,6.27,7.9
af3,no_msa,6FUB,af3_nomsa,seed-456_sample-0,88.15,0.85,0.82,5.86,6.91,0.8238,0.7741,0.7741,0.826,2.02,6.72,7.32
af3,no_msa,6FUB,af3_nomsa,seed-1024_sample-3,88.57,0.84,0.82,6.3,7.27,0.8189,0.7699,0.7699,0.824,1.54,3.59,3.87
af3,no_msa,6FUB,af3_nomsa,seed-123_sample-0,88.08,0.84,0.82,6.04,6.92,0.8295,0.7886,0.7886,0.824,2.2,3.76,6.2
af3,no_msa,6FUB,af3_nomsa,seed-123_sample-1,88.19,0.84,0.82,6.03,7.03,0.8112,0.7608,0.7608,0.824,1.83,6.64,10.1
af3,no_msa,6FUB,af3_nomsa,seed-123_sample-2,88.84,0.84,0.82,6.12,7.06,0.7899,0.7693,0.7693,0.824,2.14,3.39,5.27
af3,no_msa,6FUB,af3_nomsa,seed-456_sample-4,88.32,0.84,0.82,6.37,7.32,0.8049,0.7693,0.7693,0.824,2.14,5.49,8.0
af3,no_msa,6FUB,af3_nomsa,seed-789_sample-3,88.08,0.84,0.82,6.44,7.37,0.8174,0.7726,0.7726,0.824,2.28,3.78,6.32
af3,no_msa,6FUB,af3_nomsa,seed-789_sample-4,87.58,0.83,0.81,6.38,7.38,0.8169,0.7615,0.7615,0.814,1.97,5.02,5.88
boltz1,no_msa,6FUB,boltz1,input_model_0,0.61,0.4513,0.2967,15.45,20.53,0.0182,0.0215,0.0182,0.3276,4.02,14.57,30.09
boltz1,no_msa,6FUB,boltz1,input_model_0,0.6,0.4594,0.2264,15.76,20.63,0.0113,0.0087,0.0087,0.273,4.15,13.4,30.08
boltz1,no_msa,6FUB,boltz1,input_model_0,0.6,0.4369,0.2256,16.11,22.09,0.0,0.0,0.0,0.2679,3.4,14.23,31.87
boltz1,no_msa,6FUB,boltz1,input_model_0,0.6,0.4412,0.1904,16.13,21.77,0.0,0.0,0.0,0.2406,3.79,15.32,30.26
boltz1,no_msa,6FUB,boltz1,input_model_1,0.61,0.4376,0.1821,16.35,22.11,0.0,0.0,0.0,0.2332,3.61,14.64,31.15
boltz1,no_msa,6FUB,boltz1,input_model_2,0.6,0.4508,0.169,15.92,21.36,0.0,0.0,0.0,0.2254,5.49,17.07,31.83
boltz1,no_msa,6FUB,boltz1,input_model_0,0.6,0.454,0.165,15.8,21.27,0.0,0.0,0.0,0.2228,3.34,14.42,30.39
boltz1,no_msa,6FUB,boltz1,input_model_2,0.6,0.4521,0.163,16.25,22.18,0.0,0.0,0.0,0.2208,4.24,15.51,31.43
boltz1,no_msa,6FUB,boltz1,input_model_1,0.6,0.4512,0.1631,16.02,21.85,0.0,0.0,0.0,0.2207,4.18,17.2,30.25
boltz1,no_msa,6FUB,boltz1,input_model_1,0.6,0.4497,0.1547,16.47,21.82,0.0,0.0,0.0,0.2137,2.99,13.9,29.26
boltz1,no_msa,6FUB,boltz1,input_model_1,0.61,0.4529,0.1512,16.01,22.05,0.0,0.0,0.0,0.2115,3.88,15.83,31.03
boltz1,no_msa,6FUB,boltz1,input_model_3,0.59,0.4526,0.1504,16.14,21.85,0.0,0.0,0.0,0.2108,3.62,17.81,29.14
boltz1,no_msa,6FUB,boltz1,input_model_4,0.59,0.4493,0.1503,16.17,21.6,0.0,0.0,0.0,0.2101,3.76,18.63,29.68
boltz1,no_msa,6FUB,boltz1,input_model_2,0.6,0.4491,0.1503,16.16,21.78,0.0,0.0,0.0,0.2101,3.73,14.69,30.15
boltz1,no_msa,6FUB,boltz1,input_model_2,0.59,0.4383,0.1508,16.54,22.38,0.0,0.0,0.0,0.2083,3.39,15.09,30.56
boltz1,no_msa,6FUB,boltz1,input_model_4,0.59,0.4459,0.1449,16.47,22.11,0.0,0.0,0.0,0.2051,3.81,18.33,29.76
boltz1,no_msa,6FUB,boltz1,input_model_3,0.59,0.448,0.1365,16.19,22.23,0.0,0.0,0.0,0.1988,2.73,16.49,28.74
boltz1,no_msa,6FUB,boltz1,input_model_4,0.59,0.448,0.1359,16.31,22.27,0.0,0.0,0.0,0.1983,3.17,13.48,32.56
boltz1,no_msa,6FUB,boltz1,input_model_3,0.59,0.4432,0.137,16.16,22.43,0.0,0.0,0.0,0.1982,3.46,16.19,30.01
boltz1,no_msa,6FUB,boltz1,input_model_2,0.6,0.4407,0.1338,16.09,22.36,0.0,0.0,0.0,0.1952,2.79,11.86,33.41
boltz1,no_msa,6FUB,boltz1,input_model_4,0.59,0.4438,0.1309,16.54,22.53,0.0,0.0,0.0,0.1935,3.28,13.92,30.3
boltz1,no_msa,6FUB,boltz1,input_model_3,0.6,0.4368,0.1279,16.58,22.68,0.0,0.0,0.0,0.1897,3.27,15.39,30.27
boltz1,no_msa,6FUB,boltz1,input_model_4,0.59,0.4361,0.1247,16.55,22.67,0.0,0.0,0.0,0.187,2.8,13.95,31.11
boltz1,no_msa,6FUB,boltz1,input_model_1,0.61,0.4356,0.1217,15.93,22.38,0.0,0.0,0.0,0.1845,2.64,12.95,31.83
boltz1,no_msa,6FUB,boltz1,input_model_3,0.61,0.4238,0.1134,16.65,22.97,0.0,0.0,0.0,0.1755,3.84,15.45,30.85
boltz1,msa,6FUB,boltz1_msa,input_model_3,0.92,0.908,0.9209,4.82,5.41,0.9322,0.9138,0.9138,0.9183,1.52,8.82,10.35
boltz1,msa,6FUB,boltz1_msa,input_model_3,0.92,0.9144,0.9178,4.43,5.08,0.9221,0.911,0.911,0.9171,1.56,8.08,9.59
boltz1,msa,6FUB,boltz1_msa,input_model_0,0.92,0.9068,0.9175,4.89,5.5,0.9318,0.9105,0.9105,0.9154,1.74,9.06,10.59
boltz1,msa,6FUB,boltz1_msa,input_model_1,0.92,0.9056,0.9178,4.96,5.54,0.9226,0.9123,0.9123,0.9154,2.21,9.56,10.67
boltz1,msa,6FUB,boltz1_msa,input_model_3,0.92,0.9142,0.9157,4.48,5.12,0.9223,0.9094,0.9094,0.9154,1.86,7.6,8.93
boltz1,msa,6FUB,boltz1_msa,input_model_1,0.92,0.9098,0.9164,4.73,5.34,0.9281,0.9111,0.9111,0.9151,2.07,9.16,10.21
boltz1,msa,6FUB,boltz1_msa,input_model_2,0.92,0.9057,0.9173,4.92,5.51,0.9318,0.9109,0.9109,0.915,1.74,8.81,10.26
boltz1,msa,6FUB,boltz1_msa,input_model_4,0.92,0.9071,0.9167,4.86,5.46,0.9325,0.91,0.91,0.9148,1.67,8.68,10.11
boltz1,msa,6FUB,boltz1_msa,input_model_0,0.92,0.9063,0.9165,4.88,5.48,0.9237,0.9108,0.9108,0.9145,2.24,8.55,9.7
boltz1,msa,6FUB,boltz1_msa,input_model_1,0.92,0.9063,0.9163,4.91,5.5,0.9335,0.9098,0.9098,0.9143,1.68,8.76,9.96
boltz1,msa,6FUB,boltz1_msa,input_model_0,0.92,0.9049,0.9161,4.96,5.55,0.9323,0.9092,0.9092,0.9139,1.8,9.46,11.14
boltz1,msa,6FUB,boltz1_msa,input_model_4,0.92,0.9057,0.9158,4.91,5.51,0.9326,0.9102,0.9102,0.9138,2.42,8.67,9.9
boltz1,msa,6FUB,boltz1_msa,input_model_1,0.92,0.9063,0.9156,4.9,5.5,0.9313,0.9179,0.9179,0.9137,2.61,8.96,10.35
boltz1,msa,6FUB,boltz1_msa,input_model_4,0.92,0.9116,0.9142,4.57,5.2,0.921,0.9092,0.9092,0.9137,1.95,6.11,7.25
boltz1,msa,6FUB,boltz1_msa,input_model_0,0.92,0.9054,0.9158,4.92,5.52,0.93,0.9189,0.9189,0.9137,2.6,9.01,10.36
boltz1,msa,6FUB,boltz1_msa,input_model_0,0.92,0.905,0.9157,4.9,5.49,0.9329,0.9191,0.9191,0.9136,2.42,6.6,9.13
boltz1,msa,6FUB,boltz1_msa,input_model_3,0.92,0.9043,0.9158,5.02,5.61,0.9318,0.9186,0.9186,0.9135,2.54,9.82,11.13
boltz1,msa,6FUB,boltz1_msa,input_model_1,0.92,0.9053,0.9148,4.93,5.53,0.9239,0.9175,0.9175,0.9129,2.75,8.78,10.03
boltz1,msa,6FUB,boltz1_msa,input_model_2,0.92,0.9046,0.9142,4.96,5.56,0.9309,0.9083,0.9083,0.9123,2.19,8.58,9.67
boltz1,msa,6FUB,boltz1_msa,input_model_4,0.92,0.9063,0.9137,4.85,5.46,0.9262,0.9077,0.9077,0.9122,1.78,8.76,9.94
boltz1,msa,6FUB,boltz1_msa,input_model_2,0.92,0.9046,0.9131,4.94,5.54,0.9226,0.9156,0.9156,0.9114,2.51,8.68,9.94
boltz1,msa,6FUB,boltz1_msa,input_model_3,0.92,0.9048,0.9129,4.95,5.56,0.9241,0.9075,0.9075,0.9113,1.95,8.64,10.08
boltz1,msa,6FUB,boltz1_msa,input_model_2,0.92,0.9072,0.9119,4.79,5.42,0.9266,0.915,0.915,0.911,2.6,8.47,9.79
boltz1,msa,6FUB,boltz1_msa,input_model_2,0.92,0.9051,0.9124,4.98,5.59,0.9241,0.9152,0.9152,0.9109,2.47,9.91,11.25
boltz1,msa,6FUB,boltz1_msa,input_model_4,0.92,0.9023,0.9105,5.02,5.62,0.9302,0.9136,0.9136,0.9089,2.62,8.65,9.96
boltz2,no_msa,6FUB,boltz2,input_model_0,0.88,0.8703,0.846,4.75,5.93,0.6845,0.6755,0.6755,0.8509,3.0,2.99,8.4
boltz2,no_msa,6FUB,boltz2,input_model_0,0.9,0.8737,0.8255,4.92,6.24,0.6789,0.6431,0.6431,0.8351,1.74,6.28,7.99
boltz2,no_msa,6FUB,boltz2,input_model_1,0.9,0.8652,0.8153,5.26,6.65,0.6504,0.6132,0.6132,0.8253,2.17,2.91,4.64
boltz2,no_msa,6FUB,boltz2,input_model_1,0.86,0.8281,0.7717,5.96,7.88,0.4619,0.4641,0.4619,0.783,1.95,2.32,32.71
boltz2,no_msa,6FUB,boltz2,input_model_0,0.88,0.8236,0.7587,6.04,7.94,0.4622,0.4626,0.4622,0.7717,1.49,3.72,5.01
boltz2,no_msa,6FUB,boltz2,input_model_3,0.85,0.8121,0.7355,6.47,8.58,0.4276,0.4051,0.4051,0.7508,1.39,9.87,32.35
boltz2,no_msa,6FUB,boltz2,input_model_2,0.87,0.7808,0.723,7.57,9.84,0.3697,0.3792,0.3697,0.7346,1.71,9.05,30.43
boltz2,no_msa,6FUB,boltz2,input_model_0,0.87,0.764,0.6652,7.86,10.3,0.2553,0.3212,0.2553,0.685,2.43,4.59,5.53
boltz2,no_msa,6FUB,boltz2,input_model_0,0.87,0.7465,0.6334,8.67,11.51,0.1786,0.271,0.1786,0.656,2.78,4.41,7.53
boltz2,no_msa,6FUB,boltz2,input_model_2,0.85,0.7316,0.6317,8.61,11.62,0.2368,0.2392,0.2368,0.6517,2.11,8.94,30.38
boltz2,no_msa,6FUB,boltz2,input_model_1,0.83,0.7162,0.5979,8.92,12.26,0.1776,0.1963,0.1776,0.6216,1.92,6.09,33.47
boltz2,no_msa,6FUB,boltz2,input_model_1,0.86,0.7187,0.5852,9.51,12.77,0.0669,0.1943,0.0669,0.6119,2.06,4.5,6.97
boltz2,no_msa,6FUB,boltz2,input_model_2,0.85,0.704,0.5786,9.64,12.7,0.1331,0.1821,0.1331,0.6037,2.18,6.36,7.36
boltz2,no_msa,6FUB,boltz2,input_model_1,0.86,0.6644,0.5082,10.67,14.35,0.019,0.0849,0.019,0.5394,2.26,7.1,8.98
boltz2,no_msa,6FUB,boltz2,input_model_4,0.84,0.6334,0.4684,11.3,15.62,0.0831,0.0136,0.0136,0.5014,1.74,9.84,31.1
boltz2,no_msa,6FUB,boltz2,input_model_2,0.85,0.6219,0.4399,11.12,15.59,0.0129,0.0,0.0,0.4763,1.61,6.41,15.06
boltz2,no_msa,6FUB,boltz2,input_model_3,0.86,0.616,0.4158,12.37,16.91,0.0,0.0162,0.0,0.4558,2.28,3.6,5.34
boltz2,no_msa,6FUB,boltz2,input_model_4,0.77,0.5687,0.3959,13.23,17.55,0.0053,0.0108,0.0053,0.4305,1.81,3.69,34.19
boltz2,no_msa,6FUB,boltz2,input_model_3,0.87,0.5864,0.3541,12.75,18.07,0.0,0.0,0.0,0.4006,1.85,7.61,8.11
boltz2,no_msa,6FUB,boltz2,input_model_3,0.83,0.5461,0.3411,13.6,18.52,0.0,0.0,0.0,0.3821,2.51,8.13,10.41
boltz2,no_msa,6FUB,boltz2,input_model_3,0.8,0.5534,0.3335,13.25,18.64,0.0,0.0,0.0,0.3775,2.06,9.43,31.62
boltz2,no_msa,6FUB,boltz2,input_model_2,0.85,0.5234,0.2904,14.35,19.66,0.0,0.0,0.0,0.337,1.99,6.61,8.19
boltz2,no_msa,6FUB,boltz2,input_model_4,0.77,0.5183,0.28,14.2,20.04,0.0,0.0,0.0,0.3277,1.5,9.88,30.34
boltz2,no_msa,6FUB,boltz2,input_model_4,0.76,0.538,0.2373,14.02,20.68,0.0,0.0,0.0,0.2974,2.15,10.33,18.67
boltz2,no_msa,6FUB,boltz2,input_model_4,0.84,0.4752,0.2207,16.01,21.82,0.0,0.0,0.0,0.2716,2.64,4.93,6.45
boltz2,msa,6FUB,boltz2_msa,input_model_0,0.91,0.9275,0.9188,3.55,4.2,0.9007,0.8795,0.8795,0.9205,2.07,3.36,38.36
boltz2,msa,6FUB,boltz2_msa,input_model_0,0.92,0.9266,0.9156,3.64,4.24,0.898,0.8869,0.8869,0.9178,1.92,3.7,38.23
boltz2,msa,6FUB,boltz2_msa,input_model_0,0.92,0.926,0.9155,3.68,4.26,0.8969,0.8834,0.8834,0.9176,1.82,3.39,38.6
boltz2,msa,6FUB,boltz2_msa,input_model_1,0.91,0.925,0.914,3.65,4.3,0.8945,0.8839,0.8839,0.9162,1.8,3.04,38.46
boltz2,msa,6FUB,boltz2_msa,input_model_1,0.91,0.9208,0.9086,3.91,4.54,0.8857,0.8757,0.8757,0.911,1.71,3.3,38.52
boltz2,msa,6FUB,boltz2_msa,input_model_1,0.91,0.9193,0.9075,3.85,4.52,0.8852,0.8719,0.8719,0.9099,1.72,3.18,38.4
boltz2,msa,6FUB,boltz2_msa,input_model_3,0.91,0.9191,0.9058,3.91,4.56,0.882,0.8745,0.8745,0.9085,1.99,3.02,38.4
boltz2,msa,6FUB,boltz2_msa,input_model_0,0.91,0.9181,0.904,4.0,4.61,0.8887,0.8782,0.8782,0.9068,1.23,3.46,38.82
boltz2,msa,6FUB,boltz2_msa,input_model_1,0.91,0.9177,0.9029,3.98,4.62,0.8763,0.873,0.873,0.9059,1.79,3.24,38.31
boltz2,msa,6FUB,boltz2_msa,input_model_2,0.91,0.9173,0.9027,3.99,4.63,0.8779,0.8728,0.8728,0.9056,2.07,3.26,38.38
boltz2,msa,6FUB,boltz2_msa,input_model_4,0.9,0.9195,0.9021,3.84,4.46,0.8782,0.8757,0.8757,0.9056,1.5,3.43,39.61
boltz2,msa,6FUB,boltz2_msa,input_model_3,0.9,0.9159,0.9011,4.03,4.69,0.8736,0.8682,0.8682,0.9041,1.57,3.52,38.69
boltz2,msa,6FUB,boltz2_msa,input_model_0,0.91,0.916,0.9011,3.99,4.67,0.8742,0.8724,0.8724,0.9041,1.73,3.01,38.51
boltz2,msa,6FUB,boltz2_msa,input_model_2,0.9,0.9158,0.9012,4.03,4.69,0.8739,0.8675,0.8675,0.9041,1.28,3.79,38.99
boltz2,msa,6FUB,boltz2_msa,input_model_1,0.91,0.9165,0.9009,4.02,4.68,0.8737,0.8702,0.8702,0.904,1.88,3.33,38.52
boltz2,msa,6FUB,boltz2_msa,input_model_2,0.91,0.9161,0.9007,4.03,4.67,0.8735,0.8682,0.8682,0.9038,1.95,3.27,38.83
boltz2,msa,6FUB,boltz2_msa,input_model_4,0.9,0.9125,0.8975,4.19,4.87,0.8692,0.8618,0.8618,0.9005,1.84,3.25,38.55
boltz2,msa,6FUB,boltz2_msa,input_model_2,0.91,0.9121,0.8972,4.2,4.86,0.876,0.8696,0.8696,0.9002,2.23,3.22,38.35
boltz2,msa,6FUB,boltz2_msa,input_model_4,0.9,0.9125,0.897,4.14,4.84,0.8674,0.8632,0.8632,0.9001,1.26,3.11,38.86
boltz2,msa,6FUB,boltz2_msa,input_model_3,0.9,0.9119,0.895,4.2,4.86,0.8647,0.8621,0.8621,0.8984,1.72,3.43,38.61
boltz2,msa,6FUB,boltz2_msa,input_model_2,0.91,0.9105,0.8949,4.27,4.94,0.8779,0.8642,0.8642,0.898,1.4,3.27,38.83
boltz2,msa,6FUB,boltz2_msa,input_model_3,0.91,0.9102,0.8938,4.26,4.94,0.873,0.8602,0.8602,0.8971,1.94,3.25,38.59
boltz2,msa,6FUB,boltz2_msa,input_model_3,0.91,0.909,0.8933,4.33,4.99,0.8795,0.8648,0.8648,0.8964,2.06,3.39,38.53
boltz2,msa,6FUB,boltz2_msa,input_model_4,0.9,0.9054,0.8918,4.49,5.15,0.8791,0.8618,0.8618,0.8945,1.89,3.3,38.6
boltz2,msa,6FUB,boltz2_msa,input_model_4,0.9,0.9071,0.889,4.38,5.08,0.8732,0.8559,0.8559,0.8926,1.76,3.2,38.67
chai1,no_msa,6FUB,chai1,pred.model_idx_2,75.75,0.4992,0.1306,0.0,0.0,0.0,0.0,0.0,0.2043,2.96,11.88,20.14
chai1,no_msa,6FUB,chai1,pred.model_idx_4,76.19,0.4972,0.1304,0.0,0.0,0.0,0.0,0.0,0.2038,2.42,8.52,12.02
chai1,no_msa,6FUB,chai1,pred.model_idx_2,75.45,0.4985,0.13,0.0,0.0,0.0,0.0,0.0,0.2037,2.53,13.38,19.48
chai1,no_msa,6FUB,chai1,pred.model_idx_3,75.67,0.4999,0.1293,0.0,0.0,0.0,0.0,0.0,0.2034,2.55,15.0,21.86
chai1,no_msa,6FUB,chai1,pred.model_idx_3,75.44,0.4995,0.1292,0.0,0.0,0.0,0.0,0.0,0.2033,2.44,16.17,21.8
chai1,no_msa,6FUB,chai1,pred.model_idx_1,75.79,0.4994,0.1292,0.0,0.0,0.0,0.0,0.0,0.2032,2.31,16.5,22.09
chai1,no_msa,6FUB,chai1,pred.model_idx_1,75.62,0.4998,0.129,0.0,0.0,0.0,0.0,0.0,0.2032,2.57,13.52,21.1
chai1,no_msa,6FUB,chai1,pred.model_idx_1,75.88,0.5,0.1287,0.0,0.0,0.0,0.0,0.0,0.203,2.89,15.16,21.72
chai1,no_msa,6FUB,chai1,pred.model_idx_0,75.6,0.5026,0.128,0.0,0.0,0.0,0.0,0.0,0.2029,2.79,12.78,26.45
chai1,no_msa,6FUB,chai1,pred.model_idx_0,75.47,0.4997,0.1282,0.0,0.0,0.0,0.0,0.0,0.2025,2.41,16.24,22.33
chai1,no_msa,6FUB,chai1,pred.model_idx_4,75.94,0.4999,0.1248,0.0,0.0,0.0,0.0,0.0,0.1998,2.3,12.78,24.69
chai1,no_msa,6FUB,chai1,pred.model_idx_4,75.59,0.5022,0.1238,0.0,0.0,0.0,0.0,0.0,0.1995,2.75,14.21,26.02
chai1,no_msa,6FUB,chai1,pred.model_idx_1,75.25,0.5003,0.122,0.0,0.0,0.0,0.0,0.0,0.1977,2.54,14.32,27.05
chai1,no_msa,6FUB,chai1,pred.model_idx_0,75.58,0.5001,0.1219,0.0,0.0,0.0,0.0,0.0,0.1975,2.72,14.06,25.99
chai1,no_msa,6FUB,chai1,pred.model_idx_4,75.66,0.5,0.1218,0.0,0.0,0.0,0.0,0.0,0.1974,2.41,12.89,25.15
chai1,no_msa,6FUB,chai1,pred.model_idx_1,75.55,0.4995,0.1217,0.0,0.0,0.0,0.0,0.0,0.1973,2.92,13.35,25.22
chai1,no_msa,6FUB,chai1,pred.model_idx_2,75.56,0.5,0.1215,0.0,0.0,0.0,0.0,0.0,0.1972,2.75,13.85,25.2
chai1,no_msa,6FUB,chai1,pred.model_idx_4,75.36,0.5002,0.1211,0.0,0.0,0.0,0.0,0.0,0.1969,2.64,13.7,26.27
chai1,no_msa,6FUB,chai1,pred.model_idx_2,75.82,0.4992,0.1211,0.0,0.0,0.0,0.0,0.0,0.1967,2.83,13.54,25.6
chai1,no_msa,6FUB,chai1,pred.model_idx_3,75.7,0.4989,0.121,0.0,0.0,0.0,0.0,0.0,0.1966,2.43,13.23,24.93
chai1,no_msa,6FUB,chai1,pred.model_idx_0,75.79,0.4999,0.1207,0.0,0.0,0.0,0.0,0.0,0.1965,2.63,13.14,27.4
chai1,no_msa,6FUB,chai1,pred.model_idx_3,75.82,0.4996,0.1206,0.0,0.0,0.0,0.0,0.0,0.1964,2.59,13.29,24.81
chai1,no_msa,6FUB,chai1,pred.model_idx_0,75.58,0.4997,0.1199,0.0,0.0,0.0,0.0,0.0,0.1959,2.68,13.61,24.82
chai1,no_msa,6FUB,chai1,pred.model_idx_3,75.92,0.4978,0.1157,0.0,0.0,0.0,0.0,0.0,0.1921,2.75,13.66,27.31
chai1,no_msa,6FUB,chai1,pred.model_idx_2,75.32,0.4996,0.1151,0.0,0.0,0.0,0.0,0.0,0.192,2.38,13.27,28.56
colabfold,msa,6FUB,colabfold,complex_unrelaxed_rank_001_alphafold2_multimer_v3_model_1_seed_004,84.3,0.77,0.68,6.82,8.43,0.5548,0.5938,0.5548,0.698,2.19,3.7,29.04
colabfold,msa,6FUB,colabfold,complex_unrelaxed_rank_002_alphafold2_multimer_v3_model_5_seed_003,83.51,0.77,0.67,6.95,8.67,0.5075,0.5681,0.5075,0.69,1.89,3.47,28.68
colabfold,msa,6FUB,colabfold,complex_unrelaxed_rank_003_alphafold2_multimer_v3_model_1_seed_000,81.93,0.73,0.59,8.09,10.67,0.3151,0.407,0.3151,0.618,1.98,2.98,29.28
colabfold,msa,6FUB,colabfold,complex_unrelaxed_rank_004_alphafold2_multimer_v3_model_4_seed_001,74.61,0.56,0.27,11.63,17.4,0.005,0.0827,0.005,0.328,2.02,4.14,21.92
colabfold,msa,6FUB,colabfold,complex_unrelaxed_rank_005_alphafold2_multimer_v3_model_4_seed_000,74.89,0.56,0.25,11.76,17.74,0.0,0.0635,0.0,0.312,2.04,3.93,21.16
colabfold,msa,6FUB,colabfold,complex_unrelaxed_rank_006_alphafold2_multimer_v3_model_4_seed_003,72.65,0.55,0.24,11.98,18.06,0.0,0.0509,0.0,0.302,2.01,4.14,33.79
colabfold,msa,6FUB,colabfold,complex_unrelaxed_rank_007_alphafold2_multimer_v3_model_5_seed_000,68.43,0.55,0.23,12.51,19.1,0.0,0.0281,0.0,0.294,2.02,4.9,35.46
colabfold,msa,6FUB,colabfold,complex_unrelaxed_rank_008_alphafold2_multimer_v3_model_4_seed_002,73.29,0.54,0.22,12.46,19.08,0.0,0.039,0.0,0.284,1.96,4.32,22.03
colabfold,msa,6FUB,colabfold,complex_unrelaxed_rank_009_alphafold2_multimer_v3_model_3_seed_001,70.76,0.54,0.21,12.77,19.14,0.0,0.0319,0.0,0.276,2.27,5.05,26.5
colabfold,msa,6FUB,colabfold,complex_unrelaxed_rank_010_alphafold2_multimer_v3_model_3_seed_003,71.32,0.54,0.21,12.76,19.22,0.0,0.0325,0.0,0.276,2.31,4.77,27.92
colabfold,msa,6FUB,colabfold,complex_unrelaxed_rank_011_alphafold2_multimer_v3_model_4_seed_004,72.91,0.54,0.21,12.53,19.29,0.0,0.0352,0.0,0.276,2.16,4.46,23.56
colabfold,msa,6FUB,colabfold,complex_unrelaxed_rank_012_alphafold2_multimer_v3_model_3_seed_000,70.64,0.54,0.2,12.83,19.33,0.0,0.0313,0.0,0.268,2.28,4.88,28.97
colabfold,msa,6FUB,colabfold,complex_unrelaxed_rank_014_alphafold2_multimer_v3_model_1_seed_003,73.66,0.54,0.2,12.7,19.67,0.0,0.0256,0.0,0.268,1.91,2.79,24.09
colabfold,msa,6FUB,colabfold,complex_unrelaxed_rank_013_alphafold2_multimer_v3_model_3_seed_002,71.03,0.53,0.2,13.03,19.72,0.0,0.0261,0.0,0.266,2.3,4.87,27.43
colabfold,msa,6FUB,colabfold,complex_unrelaxed_rank_015_alphafold2_multimer_v3_model_1_seed_002,72.53,0.53,0.19,12.81,19.82,0.0,0.0257,0.0,0.258,2.19,3.28,24.54
colabfold,msa,6FUB,colabfold,complex_unrelaxed_rank_016_alphafold2_multimer_v3_model_2_seed_001,75.06,0.53,0.19,12.71,19.74,0.0,0.0299,0.0,0.258,2.19,2.83,24.79
colabfold,msa,6FUB,colabfold,complex_unrelaxed_rank_017_alphafold2_multimer_v3_model_1_seed_001,73.14,0.53,0.19,12.89,20.01,0.0,0.0224,0.0,0.258,2.2,2.93,25.6
colabfold,msa,6FUB,colabfold,complex_unrelaxed_rank_018_alphafold2_multimer_v3_model_2_seed_000,74.53,0.53,0.19,12.91,20.12,0.0,0.0221,0.0,0.258,2.29,2.41,26.53
colabfold,msa,6FUB,colabfold,complex_unrelaxed_rank_019_alphafold2_multimer_v3_model_2_seed_002,74.56,0.53,0.18,12.89,20.08,0.0,0.0241,0.0,0.25,2.21,2.68,24.95
colabfold,msa,6FUB,colabfold,complex_unrelaxed_rank_020_alphafold2_multimer_v3_model_2_seed_004,74.83,0.53,0.18,12.95,20.19,0.0,0.0237,0.0,0.25,2.23,2.45,23.69
colabfold,msa,6FUB,colabfold,complex_unrelaxed_rank_021_alphafold2_multimer_v3_model_5_seed_004,70.56,0.52,0.17,13.41,20.85,0.0,0.014,0.0,0.24,2.11,4.94,43.08
colabfold,msa,6FUB,colabfold,complex_unrelaxed_rank_022_alphafold2_multimer_v3_model_2_seed_003,73.31,0.52,0.17,12.9,20.42,0.0,0.0168,0.0,0.24,2.24,8.26,22.7
colabfold,msa,6FUB,colabfold,complex_unrelaxed_rank_023_alphafold2_multimer_v3_model_3_seed_004,70.07,0.52,0.17,13.57,20.75,0.0,0.017,0.0,0.24,2.31,4.78,27.92
colabfold,msa,6FUB,colabfold,complex_unrelaxed_rank_024_alphafold2_multimer_v3_model_5_seed_001,68.78,0.52,0.17,13.44,20.94,0.0,0.0111,0.0,0.24,2.1,5.89,36.77
colabfold,msa,6FUB,colabfold,complex_unrelaxed_rank_025_alphafold2_multimer_v3_model_5_seed_002,70.67,0.52,0.16,13.64,21.39,0.0,0.0117,0.0,0.232,2.37,5.43,32.77
colabfold,no_msa,6FUB,colabfold_nomsa,complex_unrelaxed_rank_001_alphafold2_multimer_v3_model_4_seed_000,49.43,0.39,0.12,18.05,23.49,0.0,0.0,0.0,0.174,3.09,15.6,34.71
colabfold,no_msa,6FUB,colabfold_nomsa,complex_unrelaxed_rank_002_alphafold2_multimer_v3_model_5_seed_001,51.62,0.41,0.11,17.13,23.42,0.0,0.0,0.0,0.17,2.75,9.25,23.38
colabfold,no_msa,6FUB,colabfold_nomsa,complex_unrelaxed_rank_003_alphafold2_multimer_v3_model_5_seed_000,51.77,0.41,0.11,17.06,23.23,0.0,0.0,0.0,0.17,2.71,9.19,23.43
colabfold,no_msa,6FUB,colabfold_nomsa,complex_unrelaxed_rank_004_alphafold2_multimer_v3_model_5_seed_003,52.11,0.41,0.11,17.11,23.35,0.0,0.0,0.0,0.17,2.84,9.37,22.64
colabfold,no_msa,6FUB,colabfold_nomsa,complex_unrelaxed_rank_005_alphafold2_multimer_v3_model_5_seed_004,54.14,0.38,0.1,16.34,23.33,0.0,0.0,0.0,0.156,2.27,9.15,28.2
colabfold,no_msa,6FUB,colabfold_nomsa,complex_unrelaxed_rank_021_alphafold2_multimer_v3_model_1_seed_000,40.53,0.34,0.08,19.95,25.25,0.0,0.0,0.0,0.132,2.8,15.41,25.73
colabfold,no_msa,6FUB,colabfold_nomsa,complex_unrelaxed_rank_012_alphafold2_multimer_v3_model_3_seed_003,39.02,0.29,0.09,19.62,24.55,0.0,0.0,0.0,0.13,2.82,15.25,34.79
colabfold,no_msa,6FUB,colabfold_nomsa,complex_unrelaxed_rank_019_alphafold2_multimer_v3_model_1_seed_002,41.26,0.33,0.08,19.72,25.11,0.0,0.0,0.0,0.13,3.02,11.84,26.69
colabfold,no_msa,6FUB,colabfold_nomsa,complex_unrelaxed_rank_008_alphafold2_multimer_v3_model_4_seed_004,38.58,0.24,0.1,19.76,24.14,0.0,0.0,0.0,0.128,3.61,16.88,38.38
colabfold,no_msa,6FUB,colabfold_nomsa,complex_unrelaxed_rank_015_alphafold2_multimer_v3_model_3_seed_004,36.11,0.28,0.09,20.65,25.14,0.0,0.0,0.0,0.128,6.38,10.82,42.64
colabfold,no_msa,6FUB,colabfold_nomsa,complex_unrelaxed_rank_009_alphafold2_multimer_v3_model_3_seed_001,40.28,0.27,0.09,19.57,25.05,0.0,0.0,0.0,0.126,3.25,9.21,31.3
colabfold,no_msa,6FUB,colabfold_nomsa,complex_unrelaxed_rank_011_alphafold2_multimer_v3_model_3_seed_002,40.76,0.27,0.09,19.5,24.91,0.0,0.0,0.0,0.126,2.86,14.05,26.81
colabfold,no_msa,6FUB,colabfold_nomsa,complex_unrelaxed_rank_007_alphafold2_multimer_v3_model_4_seed_001,36.61,0.22,0.1,20.21,24.26,0.0,0.0,0.0,0.124,3.5,16.37,32.96
colabfold,no_msa,6FUB,colabfold_nomsa,complex_unrelaxed_rank_010_alphafold2_multimer_v3_model_3_seed_000,37.41,0.26,0.09,19.96,24.31,0.0,0.0,0.0,0.124,3.01,15.41,27.72
colabfold,no_msa,6FUB,colabfold_nomsa,complex_unrelaxed_rank_006_alphafold2_multimer_v3_model_1_seed_003,32.49,0.21,0.1,21.18,24.59,0.0,0.0,0.0,0.122,11.78,16.37,29.01
colabfold,no_msa,6FUB,colabfold_nomsa,complex_unrelaxed_rank_014_alphafold2_multimer_v3_model_1_seed_004,38.93,0.25,0.09,19.95,24.71,0.0,0.0,0.0,0.122,3.53,14.26,39.94
colabfold,no_msa,6FUB,colabfold_nomsa,complex_unrelaxed_rank_020_alphafold2_multimer_v3_model_5_seed_002,42.95,0.29,0.08,18.85,24.86,0.0,0.0,0.0,0.122,3.04,10.02,35.92
colabfold,no_msa,6FUB,colabfold_nomsa,complex_unrelaxed_rank_016_alphafold2_multimer_v3_model_2_seed_004,35.82,0.23,0.09,20.78,25.31,0.0,0.0,0.0,0.118,3.65,17.84,35.94
colabfold,no_msa,6FUB,colabfold_nomsa,complex_unrelaxed_rank_013_alphafold2_multimer_v3_model_4_seed_003,35.84,0.22,0.09,20.51,24.62,0.0,0.0,0.0,0.116,3.58,17.11,35.04
colabfold,no_msa,6FUB,colabfold_nomsa,complex_unrelaxed_rank_017_alphafold2_multimer_v3_model_4_seed_002,33.73,0.22,0.09,20.86,24.8,0.0,0.0,0.0,0.116,3.51,18.31,34.3
colabfold,no_msa,6FUB,colabfold_nomsa,complex_unrelaxed_rank_018_alphafold2_multimer_v3_model_1_seed_001,35.7,0.23,0.08,20.57,24.99,0.0,0.0,0.0,0.11,3.56,15.49,33.1
colabfold,no_msa,6FUB,colabfold_nomsa,complex_unrelaxed_rank_022_alphafold2_multimer_v3_model_2_seed_001,33.99,0.23,0.08,21.37,25.94,0.0,0.0,0.0,0.11,3.62,12.19,32.7
colabfold,no_msa,6FUB,colabfold_nomsa,complex_unrelaxed_rank_023_alphafold2_multimer_v3_model_2_seed_002,35.61,0.23,0.07,20.9,25.85,0.0,0.0,0.0,0.102,3.55,15.22,35.21
colabfold,no_msa,6FUB,colabfold_nomsa,complex_unrelaxed_rank_024_alphafold2_multimer_v3_model_2_seed_000,34.74,0.23,0.07,21.25,26.09,0.0,0.0,0.0,0.102,3.7,12.14,31.98
colabfold,no_msa,6FUB,colabfold_nomsa,complex_unrelaxed_rank_025_alphafold2_multimer_v3_model_2_seed_003,36.86,0.22,0.07,20.88,26.14,0.0,0.0,0.0,0.1,3.62,14.47,33.69
esmfold2,no_msa,6FUB,esmfold2,output_seed1024_esmfold2_pred,82.22,0.7248,0.5724,8.93,12.9,0.16,0.1338,0.1338,0.6029,2.63,9.2,32.84
esmfold2,no_msa,6FUB,esmfold2,output_esmfold2_pred,79.0,0.5812,0.2595,12.23,20.04,0.0,0.0,0.0,0.3238,1.43,9.18,35.36
esmfold2,no_msa,6FUB,esmfold2,output_seed123_esmfold2_pred,74.58,0.4927,0.0992,15.06,25.05,0.0,0.0,0.0,0.1779,1.44,9.39,12.44
esmfold2,no_msa,6FUB,esmfold2,output_seed789_esmfold2_pred,74.72,0.4914,0.0814,15.11,25.19,0.0,0.0,0.0,0.1634,1.62,9.59,15.3
esmfold2,no_msa,6FUB,esmfold2,output_seed456_esmfold2_pred,67.92,0.4374,0.062,17.57,26.24,0.0,0.0,0.0,0.1371,3.68,9.28,17.42
af2m,msa,6FUD,af2m,ranked_0,81.43,0.5647,0.1874,10.81,18.59,0.0,0.0188,0.0,0.2629,1.07,0.45,6.45
af2m,msa,6FUD,af2m,ranked_1,78.17,0.5584,0.187,10.97,18.59,0.0,0.015,0.0,0.2613,1.27,0.43,25.77
af2m,msa,6FUD,af2m,ranked_2,81.46,0.5572,0.1793,10.68,18.46,0.0,0.0147,0.0,0.2549,1.17,0.45,27.04
af2m,msa,6FUD,af2m,ranked_3,77.34,0.5522,0.1762,11.17,19.01,0.0,0.0159,0.0,0.2514,1.28,0.44,26.31
af2m,msa,6FUD,af2m,ranked_4,78.84,0.5547,0.1687,11.12,19.29,0.0,0.0151,0.0,0.2459,1.18,0.44,3.45
af2m,msa,6FUD,af2m,ranked_5,78.39,0.5504,0.1686,11.16,19.1,0.0,0.0085,0.0,0.245,1.27,0.45,21.63
af2m,msa,6FUD,af2m,ranked_6,77.2,0.5473,0.1678,11.33,19.29,0.0,0.0115,0.0,0.2437,1.3,0.43,25.73
af2m,msa,6FUD,af2m,ranked_7,77.54,0.5484,0.1659,11.28,19.17,0.0,0.014,0.0,0.2424,1.24,0.43,25.2
af2m,msa,6FUD,af2m,ranked_8,78.81,0.5535,0.1642,10.99,19.13,0.0,0.0141,0.0,0.2421,1.29,0.45,24.19
af2m,msa,6FUD,af2m,ranked_9,81.6,0.5494,0.1611,11.0,19.11,0.0,0.0139,0.0,0.2388,1.26,0.45,24.74
af2m,msa,6FUD,af2m,ranked_10,78.61,0.5496,0.1601,10.95,19.09,0.0,0.0148,0.0,0.238,1.11,0.45,23.74
af2m,msa,6FUD,af2m,ranked_11,79.57,0.5482,0.1597,11.23,19.64,0.0,0.0112,0.0,0.2374,1.1,0.45,22.15
af2m,msa,6FUD,af2m,ranked_12,79.31,0.5491,0.1585,11.21,19.47,0.0,0.0132,0.0,0.2366,1.05,0.45,23.59
af2m,msa,6FUD,af2m,ranked_13,79.23,0.5517,0.1571,11.13,19.46,0.0,0.0114,0.0,0.236,1.27,0.45,24.69
af2m,msa,6FUD,af2m,ranked_14,78.53,0.5515,0.1561,11.2,19.56,0.0,0.0117,0.0,0.2352,1.27,0.44,22.86
af2m,msa,6FUD,af2m,ranked_15,78.15,0.5492,0.1563,11.22,19.54,0.0,0.012,0.0,0.2349,1.25,0.45,22.64
af2m,msa,6FUD,af2m,ranked_16,81.8,0.5486,0.1558,11.01,19.21,0.0,0.011,0.0,0.2344,1.25,0.44,24.43
af2m,msa,6FUD,af2m,ranked_17,79.47,0.5471,0.149,11.25,19.74,0.0,0.0114,0.0,0.2286,1.09,0.46,3.63
af2m,msa,6FUD,af2m,ranked_18,81.28,0.5438,0.1465,11.33,19.79,0.0,0.0085,0.0,0.226,1.3,0.44,23.41
af2m,msa,6FUD,af2m,ranked_19,78.21,0.544,0.1438,11.59,20.26,0.0,0.0081,0.0,0.2238,1.14,0.45,24.73
af2m,msa,6FUD,af2m,ranked_20,76.72,0.538,0.1412,11.76,20.43,0.0,0.0,0.0,0.2206,1.12,0.41,24.31
af2m,msa,6FUD,af2m,ranked_21,77.46,0.5369,0.1376,11.87,20.66,0.0,0.0028,0.0,0.2175,1.23,0.43,13.41
af2m,msa,6FUD,af2m,ranked_22,77.98,0.5333,0.1332,11.85,20.68,0.0,0.0,0.0,0.2132,1.16,0.42,22.85
af2m,msa,6FUD,af2m,ranked_23,77.38,0.5343,0.1323,12.02,20.96,0.0,0.0026,0.0,0.2127,1.26,0.44,16.44
af2m,msa,6FUD,af2m,ranked_24,77.74,0.5332,0.1313,12.08,21.11,0.0,0.0025,0.0,0.2117,1.26,0.43,14.1
af3,msa,6FUD,af3,seed-1024_sample-0,95.31,0.93,0.91,2.18,2.53,0.9144,0.9002,0.9002,0.914,0.71,0.39,0.8
af3,msa,6FUD,af3,seed-1024_sample-1,95.12,0.93,0.91,2.23,2.6,0.912,0.8966,0.8966,0.914,0.7,0.43,1.03
af3,msa,6FUD,af3,seed-1024_sample-2,95.15,0.93,0.91,2.23,2.59,0.9138,0.898,0.898,0.914,0.81,0.38,0.8
af3,msa,6FUD,af3,seed-1024_sample-4,95.18,0.93,0.91,2.27,2.65,0.9093,0.8924,0.8924,0.914,0.69,0.4,0.61
af3,msa,6FUD,af3,seed-123_sample-4,95.11,0.93,0.91,2.29,2.66,0.9108,0.8927,0.8927,0.914,0.75,0.38,0.58
af3,msa,6FUD,af3,seed-42_sample-3,95.13,0.93,0.91,2.29,2.67,0.908,0.8914,0.8914,0.914,0.7,0.4,0.62
af3,msa,6FUD,af3,seed-42_sample-4,95.0,0.93,0.91,2.29,2.66,0.9101,0.8937,0.8937,0.914,0.79,0.41,0.58
af3,msa,6FUD,af3,seed-456_sample-2,94.99,0.93,0.91,2.31,2.69,0.9103,0.8919,0.8919,0.914,0.71,0.37,0.72
af3,msa,6FUD,af3,seed-456_sample-4,95.14,0.93,0.91,2.27,2.63,0.912,0.8952,0.8952,0.914,0.74,0.37,0.47
af3,msa,6FUD,af3,seed-789_sample-0,95.17,0.93,0.91,2.28,2.65,0.9118,0.8951,0.8951,0.914,0.83,0.39,0.69
af3,msa,6FUD,af3,seed-789_sample-1,95.04,0.93,0.91,2.28,2.66,0.9079,0.8912,0.8912,0.914,0.73,0.39,0.59
af3,msa,6FUD,af3,seed-789_sample-2,95.23,0.93,0.91,2.22,2.59,0.9125,0.8961,0.8961,0.914,0.73,0.43,0.88
af3,msa,6FUD,af3,seed-789_sample-3,95.26,0.93,0.91,2.24,2.6,0.9119,0.8955,0.8955,0.914,1.0,0.38,0.53
af3,msa,6FUD,af3,seed-789_sample-4,95.21,0.93,0.91,2.27,2.64,0.9113,0.8935,0.8935,0.914,0.78,0.39,0.65
af3,msa,6FUD,af3,seed-1024_sample-3,95.09,0.92,0.91,2.32,2.7,0.9067,0.8891,0.8891,0.912,0.75,0.4,0.69
af3,msa,6FUD,af3,seed-123_sample-0,95.12,0.92,0.91,2.3,2.68,0.9077,0.8898,0.8898,0.912,0.78,0.4,0.82
af3,msa,6FUD,af3,seed-123_sample-1,95.04,0.92,0.91,2.32,2.7,0.9075,0.8901,0.8901,0.912,0.78,0.4,0.73
af3,msa,6FUD,af3,seed-123_sample-3,94.9,0.92,0.91,2.37,2.76,0.9042,0.8863,0.8863,0.912,0.84,0.38,0.87
af3,msa,6FUD,af3,seed-42_sample-0,94.9,0.92,0.91,2.38,2.78,0.904,0.8866,0.8866,0.912,0.75,0.4,0.79
af3,msa,6FUD,af3,seed-42_sample-1,94.94,0.92,0.91,2.35,2.75,0.9044,0.8876,0.8876,0.912,0.8,0.41,0.74
af3,msa,6FUD,af3,seed-42_sample-2,95.0,0.92,0.91,2.34,2.74,0.9053,0.8872,0.8872,0.912,0.7,0.4,0.57
af3,msa,6FUD,af3,seed-456_sample-0,94.88,0.92,0.91,2.36,2.76,0.9054,0.8865,0.8865,0.912,0.7,0.41,0.7
af3,msa,6FUD,af3,seed-456_sample-3,94.98,0.92,0.91,2.33,2.73,0.9072,0.89,0.89,0.912,0.73,0.38,0.68
af3,msa,6FUD,af3,seed-123_sample-2,94.97,0.92,0.9,2.34,2.73,0.9029,0.8852,0.8852,0.904,0.73,0.38,0.91
af3,msa,6FUD,af3,seed-456_sample-1,94.86,0.92,0.9,2.39,2.79,0.9037,0.8857,0.8857,0.904,0.71,0.44,0.7
af3,no_msa,6FUD,af3_nomsa,seed-1024_sample-0,94.56,0.93,0.91,2.32,2.68,0.9065,0.8942,0.8942,0.914,0.69,0.47,0.92
af3,no_msa,6FUD,af3_nomsa,seed-1024_sample-1,94.52,0.93,0.91,2.35,2.72,0.9043,0.8923,0.8923,0.914,0.67,0.48,1.07
af3,no_msa,6FUD,af3_nomsa,seed-1024_sample-3,94.63,0.93,0.91,2.32,2.68,0.9067,0.8936,0.8936,0.914,0.79,0.42,0.84
af3,no_msa,6FUD,af3_nomsa,seed-42_sample-4,94.72,0.93,0.91,2.34,2.7,0.9078,0.8928,0.8928,0.914,0.8,0.47,0.8
af3,no_msa,6FUD,af3_nomsa,seed-1024_sample-2,94.32,0.92,0.91,2.41,2.78,0.9031,0.8899,0.8899,0.912,0.85,0.43,1.04
af3,no_msa,6FUD,af3_nomsa,seed-1024_sample-4,94.5,0.92,0.91,2.4,2.77,0.9041,0.8907,0.8907,0.912,0.74,0.43,0.77
af3,no_msa,6FUD,af3_nomsa,seed-42_sample-0,94.29,0.92,0.9,2.46,2.85,0.9011,0.8857,0.8857,0.904,0.79,0.43,0.99
af3,no_msa,6FUD,af3_nomsa,seed-42_sample-1,94.48,0.92,0.9,2.39,2.77,0.9029,0.8886,0.8886,0.904,0.83,0.47,1.08
af3,no_msa,6FUD,af3_nomsa,seed-42_sample-2,94.21,0.92,0.9,2.47,2.86,0.9011,0.8854,0.8854,0.904,0.75,0.51,0.96
af3,no_msa,6FUD,af3_nomsa,seed-42_sample-3,94.33,0.92,0.9,2.43,2.82,0.9,0.8855,0.8855,0.904,0.73,0.47,0.8
af3,no_msa,6FUD,af3_nomsa,seed-456_sample-4,93.99,0.92,0.9,2.63,3.06,0.8934,0.8788,0.8788,0.904,0.75,0.44,0.69
af3,no_msa,6FUD,af3_nomsa,seed-456_sample-3,93.78,0.91,0.9,2.7,3.14,0.8917,0.8732,0.8732,0.902,0.7,0.43,0.92
af3,no_msa,6FUD,af3_nomsa,seed-456_sample-1,93.37,0.91,0.89,2.89,3.38,0.8799,0.8606,0.8606,0.894,0.71,0.49,0.86
af3,no_msa,6FUD,af3_nomsa,seed-456_sample-2,93.36,0.91,0.89,2.87,3.36,0.8812,0.8634,0.8634,0.894,0.68,0.41,1.0
af3,no_msa,6FUD,af3_nomsa,seed-456_sample-0,93.14,0.91,0.88,2.87,3.36,0.8766,0.862,0.862,0.886,0.69,0.48,0.85
af3,no_msa,6FUD,af3_nomsa,seed-789_sample-4,88.66,0.84,0.78,3.89,4.84,0.7189,0.6925,0.6925,0.792,0.75,0.53,0.92
af3,no_msa,6FUD,af3_nomsa,seed-789_sample-0,88.93,0.84,0.77,3.89,4.86,0.7053,0.6868,0.6868,0.784,0.8,0.41,0.77
af3,no_msa,6FUD,af3_nomsa,seed-789_sample-1,88.59,0.84,0.77,4.07,5.13,0.6914,0.6691,0.6691,0.784,0.85,0.56,0.86
af3,no_msa,6FUD,af3_nomsa,seed-789_sample-2,87.47,0.82,0.74,4.22,5.46,0.6255,0.6397,0.6255,0.756,0.88,0.64,1.72
af3,no_msa,6FUD,af3_nomsa,seed-789_sample-3,87.64,0.82,0.74,4.27,5.46,0.6411,0.6432,0.6411,0.756,1.09,0.46,1.02
af3,no_msa,6FUD,af3_nomsa,seed-123_sample-1,66.71,0.55,0.22,12.6,18.55,0.0,0.0084,0.0,0.286,3.74,0.9,9.73
af3,no_msa,6FUD,af3_nomsa,seed-123_sample-4,65.85,0.54,0.19,13.43,20.25,0.0,0.0,0.0,0.26,5.14,1.39,25.2
af3,no_msa,6FUD,af3_nomsa,seed-123_sample-0,66.46,0.52,0.15,14.29,21.83,0.0,0.0,0.0,0.224,5.03,0.65,32.7
af3,no_msa,6FUD,af3_nomsa,seed-123_sample-2,65.23,0.52,0.15,14.34,21.58,0.0,0.0,0.0,0.224,3.18,0.56,36.23
af3,no_msa,6FUD,af3_nomsa,seed-123_sample-3,64.37,0.52,0.14,14.29,21.64,0.0,0.0,0.0,0.216,3.52,0.54,29.55
boltz1,no_msa,6FUD,boltz1,input_model_0,0.76,0.5567,0.2202,13.15,20.76,0.0,0.0,0.0,0.2875,1.24,8.4,26.16
boltz1,no_msa,6FUD,boltz1,input_model_0,0.76,0.5364,0.1755,13.94,21.96,0.0,0.0,0.0,0.2477,1.23,9.97,25.92
boltz1,no_msa,6FUD,boltz1,input_model_0,0.76,0.5368,0.1737,13.98,22.12,0.0,0.0,0.0,0.2463,1.22,8.77,26.82
boltz1,no_msa,6FUD,boltz1,input_model_3,0.75,0.5346,0.1639,13.78,21.87,0.0,0.0,0.0,0.238,1.27,8.84,25.7
boltz1,no_msa,6FUD,boltz1,input_model_1,0.76,0.5082,0.1698,12.52,19.7,0.0,0.0078,0.0,0.2375,1.21,8.9,24.58
boltz1,no_msa,6FUD,boltz1,input_model_1,0.75,0.5196,0.1656,12.59,19.38,0.0,0.0061,0.0,0.2364,1.25,9.38,24.51
boltz1,no_msa,6FUD,boltz1,input_model_0,0.76,0.5318,0.158,13.63,21.21,0.0,0.0,0.0,0.2328,1.32,6.57,27.02
boltz1,no_msa,6FUD,boltz1,input_model_2,0.76,0.5271,0.1468,14.52,22.97,0.0,0.0,0.0,0.2229,1.24,9.82,25.77
boltz1,no_msa,6FUD,boltz1,input_model_3,0.76,0.4999,0.149,12.98,20.5,0.0,0.0226,0.0,0.2192,1.23,7.78,25.32
boltz1,no_msa,6FUD,boltz1,input_model_1,0.76,0.499,0.149,12.83,20.04,0.0,0.0241,0.0,0.219,1.35,8.16,24.88
boltz1,no_msa,6FUD,boltz1,input_model_2,0.76,0.5147,0.1446,12.18,18.15,0.0248,0.0633,0.0248,0.2186,1.22,7.94,19.76
boltz1,no_msa,6FUD,boltz1,input_model_1,0.76,0.5182,0.1403,14.55,23.46,0.0,0.0,0.0,0.2159,1.18,6.54,26.72
boltz1,no_msa,6FUD,boltz1,input_model_1,0.76,0.4898,0.1466,13.4,21.33,0.0,0.0112,0.0,0.2152,1.35,5.77,26.33
boltz1,no_msa,6FUD,boltz1,input_model_2,0.76,0.4966,0.1438,13.31,20.97,0.0,0.0316,0.0,0.2144,1.36,8.97,28.49
boltz1,no_msa,6FUD,boltz1,input_model_0,0.76,0.4998,0.1349,13.08,20.2,0.0067,0.0346,0.0067,0.2079,1.6,7.87,26.56
boltz1,no_msa,6FUD,boltz1,input_model_2,0.76,0.4959,0.1335,12.96,20.6,0.0029,0.0414,0.0029,0.206,1.21,5.12,27.44
boltz1,no_msa,6FUD,boltz1,input_model_3,0.75,0.5107,0.1272,12.28,19.11,0.0273,0.0442,0.0273,0.2039,1.23,6.82,21.89
boltz1,no_msa,6FUD,boltz1,input_model_2,0.76,0.5213,0.1241,12.38,19.16,0.0425,0.0506,0.0425,0.2035,1.32,8.23,22.16
boltz1,no_msa,6FUD,boltz1,input_model_4,0.76,0.5075,0.1165,13.27,20.9,0.0,0.0,0.0,0.1947,1.31,7.17,23.32
boltz1,no_msa,6FUD,boltz1,input_model_3,0.75,0.5121,0.1136,14.89,23.84,0.0,0.0,0.0,0.1933,1.19,10.2,26.81
boltz1,no_msa,6FUD,boltz1,input_model_4,0.75,0.5019,0.1004,15.36,25.02,0.0,0.0,0.0,0.1807,1.2,7.31,26.19
boltz1,no_msa,6FUD,boltz1,input_model_3,0.75,0.5015,0.0963,15.33,25.11,0.0,0.0,0.0,0.1773,1.19,6.88,25.73
boltz1,no_msa,6FUD,boltz1,input_model_4,0.76,0.5012,0.0918,15.4,25.17,0.0,0.0,0.0,0.1737,1.24,6.42,26.42
boltz1,no_msa,6FUD,boltz1,input_model_4,0.76,0.4977,0.0888,15.18,24.05,0.0,0.0,0.0,0.1706,1.23,7.04,23.43
boltz1,no_msa,6FUD,boltz1,input_model_4,0.75,0.4984,0.0824,15.72,25.53,0.0,0.0,0.0,0.1656,1.21,8.01,26.41
boltz1,msa,6FUD,boltz1_msa,input_model_3,0.96,0.9593,0.9461,2.03,2.48,0.9509,0.9307,0.9307,0.9487,0.73,0.46,1.05
boltz1,msa,6FUD,boltz1_msa,input_model_1,0.96,0.9588,0.9455,2.06,2.51,0.9503,0.9295,0.9295,0.9482,0.73,0.46,1.17
boltz1,msa,6FUD,boltz1_msa,input_model_2,0.96,0.9586,0.9453,2.06,2.51,0.9501,0.9288,0.9288,0.948,0.73,0.46,1.22
boltz1,msa,6FUD,boltz1_msa,input_model_2,0.96,0.9583,0.9451,2.07,2.52,0.9499,0.9289,0.9289,0.9477,0.73,0.48,1.07
boltz1,msa,6FUD,boltz1_msa,input_model_1,0.96,0.9584,0.9449,2.05,2.51,0.9497,0.9298,0.9298,0.9476,0.73,0.47,1.33
boltz1,msa,6FUD,boltz1_msa,input_model_0,0.96,0.9583,0.9449,2.06,2.52,0.9497,0.9288,0.9288,0.9476,0.71,0.47,1.13
boltz1,msa,6FUD,boltz1_msa,input_model_0,0.96,0.9583,0.9449,2.07,2.52,0.9496,0.9284,0.9284,0.9476,0.73,0.47,1.23
boltz1,msa,6FUD,boltz1_msa,input_model_4,0.96,0.9584,0.9449,2.07,2.52,0.9497,0.9291,0.9291,0.9476,0.72,0.47,1.15
boltz1,msa,6FUD,boltz1_msa,input_model_4,0.96,0.9582,0.9448,2.06,2.51,0.9496,0.9286,0.9286,0.9475,0.74,0.46,1.32
boltz1,msa,6FUD,boltz1_msa,input_model_2,0.96,0.9582,0.9448,2.08,2.54,0.9495,0.9289,0.9289,0.9475,0.72,0.45,1.33
boltz1,msa,6FUD,boltz1_msa,input_model_2,0.96,0.9578,0.9444,2.09,2.55,0.9491,0.9275,0.9275,0.9471,0.74,0.45,1.22
boltz1,msa,6FUD,boltz1_msa,input_model_4,0.96,0.958,0.9444,2.09,2.55,0.9492,0.9287,0.9287,0.9471,0.73,0.47,1.26
boltz1,msa,6FUD,boltz1_msa,input_model_0,0.96,0.9578,0.9443,2.1,2.56,0.949,0.928,0.928,0.947,0.74,0.47,1.25
boltz1,msa,6FUD,boltz1_msa,input_model_4,0.96,0.9578,0.9442,2.11,2.57,0.9489,0.927,0.927,0.9469,0.72,0.47,1.33
boltz1,msa,6FUD,boltz1_msa,input_model_3,0.96,0.9578,0.9441,2.09,2.55,0.9488,0.9274,0.9274,0.9468,0.72,0.48,1.43
boltz1,msa,6FUD,boltz1_msa,input_model_3,0.96,0.9578,0.9441,2.1,2.56,0.9489,0.9277,0.9277,0.9468,0.73,0.48,1.34
boltz1,msa,6FUD,boltz1_msa,input_model_0,0.96,0.9578,0.944,2.07,2.52,0.9488,0.9288,0.9288,0.9468,0.72,0.46,1.3
boltz1,msa,6FUD,boltz1_msa,input_model_1,0.96,0.9577,0.944,2.08,2.54,0.9487,0.9266,0.9266,0.9467,0.73,0.47,1.13
boltz1,msa,6FUD,boltz1_msa,input_model_3,0.96,0.9574,0.9436,2.08,2.54,0.9483,0.9266,0.9266,0.9464,0.74,0.46,1.46
boltz1,msa,6FUD,boltz1_msa,input_model_1,0.96,0.9575,0.9436,2.1,2.56,0.9483,0.9264,0.9264,0.9464,0.74,0.46,1.27
boltz1,msa,6FUD,boltz1_msa,input_model_1,0.96,0.9576,0.9434,2.05,2.5,0.9481,0.9274,0.9274,0.9462,0.74,0.46,1.42
boltz1,msa,6FUD,boltz1_msa,input_model_0,0.96,0.9573,0.9434,2.1,2.56,0.9482,0.927,0.927,0.9462,0.74,0.46,1.28
boltz1,msa,6FUD,boltz1_msa,input_model_2,0.96,0.9572,0.9433,2.08,2.53,0.948,0.9264,0.9264,0.9461,0.73,0.47,1.45
boltz1,msa,6FUD,boltz1_msa,input_model_4,0.96,0.9572,0.9432,2.11,2.57,0.9478,0.9275,0.9275,0.946,0.74,0.48,1.28
boltz1,msa,6FUD,boltz1_msa,input_model_3,0.96,0.9564,0.9423,2.09,2.56,0.947,0.9259,0.9259,0.9451,0.74,0.47,1.75
boltz2,no_msa,6FUD,boltz2,input_model_0,0.93,0.6938,0.5087,8.34,12.49,0.0348,0.1026,0.0348,0.5457,1.04,1.43,7.23
boltz2,no_msa,6FUD,boltz2,input_model_0,0.9,0.6326,0.3988,9.92,15.4,0.0,0.0255,0.0,0.4456,0.78,0.69,1.58
boltz2,no_msa,6FUD,boltz2,input_model_1,0.89,0.6274,0.3812,9.93,15.25,0.0,0.0273,0.0,0.4304,0.84,8.48,25.17
boltz2,no_msa,6FUD,boltz2,input_model_1,0.9,0.6221,0.379,10.19,15.77,0.0,0.0217,0.0,0.4276,0.78,0.47,1.02
boltz2,no_msa,6FUD,boltz2,input_model_4,0.85,0.6014,0.3478,10.61,16.38,0.0,0.0112,0.0,0.3985,0.89,0.74,26.53
boltz2,no_msa,6FUD,boltz2,input_model_0,0.89,0.5998,0.3474,10.76,16.7,0.0,0.0075,0.0,0.3979,0.79,0.46,0.7
boltz2,no_msa,6FUD,boltz2,input_model_2,0.9,0.6108,0.3414,10.82,16.83,0.0,0.013,0.0,0.3953,0.8,0.5,0.59
boltz2,no_msa,6FUD,boltz2,input_model_1,0.89,0.6165,0.3387,10.67,16.43,0.0,0.014,0.0,0.3943,0.82,9.38,17.74
boltz2,no_msa,6FUD,boltz2,input_model_0,0.91,0.6081,0.3363,10.9,17.0,0.0,0.0132,0.0,0.3907,0.84,0.59,1.03
boltz2,no_msa,6FUD,boltz2,input_model_2,0.87,0.582,0.3181,11.15,17.35,0.0,0.0025,0.0,0.3709,0.59,0.46,0.59
boltz2,no_msa,6FUD,boltz2,input_model_1,0.88,0.5792,0.3152,11.25,17.55,0.0,0.0,0.0,0.368,0.79,0.46,0.71
boltz2,no_msa,6FUD,boltz2,input_model_3,0.89,0.5919,0.2996,11.35,17.72,0.0,0.0,0.0,0.3581,0.79,0.56,0.93
boltz2,no_msa,6FUD,boltz2,input_model_2,0.86,0.5868,0.2841,11.23,17.4,0.0,0.0,0.0,0.3446,0.81,8.54,25.91
boltz2,no_msa,6FUD,boltz2,input_model_3,0.87,0.5615,0.2802,11.53,18.03,0.0,0.0,0.0,0.3365,0.8,0.59,2.83
boltz2,no_msa,6FUD,boltz2,input_model_1,0.81,0.5427,0.2768,11.84,17.85,0.0,0.0055,0.0,0.33,0.98,8.47,25.13
boltz2,no_msa,6FUD,boltz2,input_model_2,0.89,0.5595,0.271,11.89,18.4,0.0,0.0,0.0,0.3287,0.82,0.58,0.84
boltz2,no_msa,6FUD,boltz2,input_model_3,0.82,0.5542,0.2455,11.91,18.36,0.0,0.0,0.0,0.3072,0.81,8.32,25.81
boltz2,no_msa,6FUD,boltz2,input_model_3,0.87,0.551,0.236,12.33,18.84,0.0,0.0,0.0,0.299,0.85,8.56,25.93
boltz2,no_msa,6FUD,boltz2,input_model_0,0.85,0.5194,0.2213,12.7,19.43,0.0,0.0,0.0,0.2809,0.95,8.82,16.33
boltz2,no_msa,6FUD,boltz2,input_model_4,0.77,0.4993,0.2029,13.08,19.74,0.0,0.0,0.0,0.2622,1.23,8.61,29.03
boltz2,no_msa,6FUD,boltz2,input_model_4,0.82,0.5145,0.1898,13.16,20.23,0.0,0.0,0.0,0.2547,0.81,8.11,25.86
boltz2,no_msa,6FUD,boltz2,input_model_4,0.79,0.5125,0.1775,13.06,20.21,0.0,0.0,0.0,0.2445,0.79,8.4,26.76
boltz2,no_msa,6FUD,boltz2,input_model_4,0.8,0.5131,0.1556,13.21,20.63,0.0,0.0,0.0,0.2271,0.77,9.08,26.07
boltz2,no_msa,6FUD,boltz2,input_model_3,0.79,0.4717,0.1567,13.62,20.83,0.0,0.0,0.0,0.2197,0.57,8.38,26.52
boltz2,no_msa,6FUD,boltz2,input_model_2,0.81,0.4736,0.1311,13.89,21.74,0.0,0.0,0.0,0.1996,0.95,8.14,8.5
boltz2,msa,6FUD,boltz2_msa,input_model_0,0.95,0.953,0.9298,1.97,2.6,0.9067,0.8958,0.8958,0.9344,0.87,0.52,1.31
boltz2,msa,6FUD,boltz2_msa,input_model_0,0.95,0.9524,0.9295,1.99,2.63,0.9061,0.8951,0.8951,0.9341,0.82,0.5,1.22
boltz2,msa,6FUD,boltz2_msa,input_model_0,0.95,0.9494,0.9235,2.07,2.75,0.8909,0.8854,0.8854,0.9287,0.77,0.49,0.94
boltz2,msa,6FUD,boltz2_msa,input_model_0,0.95,0.9485,0.9223,2.08,2.77,0.8889,0.8808,0.8808,0.9275,0.78,0.51,1.02
boltz2,msa,6FUD,boltz2_msa,input_model_1,0.95,0.9466,0.9186,2.11,2.82,0.8809,0.8771,0.8771,0.9242,0.76,0.47,0.88
boltz2,msa,6FUD,boltz2_msa,input_model_3,0.95,0.9464,0.9187,2.12,2.83,0.8809,0.8769,0.8769,0.9242,0.8,0.48,0.81
boltz2,msa,6FUD,boltz2_msa,input_model_4,0.95,0.9459,0.9185,2.15,2.85,0.8832,0.8777,0.8777,0.924,0.77,0.5,0.99
boltz2,msa,6FUD,boltz2_msa,input_model_1,0.95,0.9464,0.9184,2.13,2.85,0.8799,0.8727,0.8727,0.924,0.77,0.47,0.85
boltz2,msa,6FUD,boltz2_msa,input_model_2,0.95,0.946,0.9181,2.13,2.84,0.8806,0.8767,0.8767,0.9237,0.78,0.48,0.81
boltz2,msa,6FUD,boltz2_msa,input_model_2,0.95,0.9451,0.9173,2.19,2.9,0.8797,0.8719,0.8719,0.9229,0.77,0.49,0.93
boltz2,msa,6FUD,boltz2_msa,input_model_2,0.95,0.9451,0.9166,2.16,2.89,0.8757,0.8716,0.8716,0.9223,0.77,0.46,0.78
boltz2,msa,6FUD,boltz2_msa,input_model_1,0.95,0.9453,0.9155,2.12,2.87,0.8678,0.8679,0.8678,0.9215,0.79,0.49,0.72
boltz2,msa,6FUD,boltz2_msa,input_model_1,0.95,0.9447,0.9155,2.17,2.91,0.8712,0.8672,0.8672,0.9213,0.77,0.48,0.89
boltz2,msa,6FUD,boltz2_msa,input_model_3,0.95,0.942,0.9115,2.25,3.04,0.8612,0.8582,0.8582,0.9176,0.81,0.5,1.0
boltz2,msa,6FUD,boltz2_msa,input_model_3,0.95,0.9409,0.9106,2.27,3.04,0.8648,0.857,0.857,0.9167,0.82,0.51,0.88
boltz2,msa,6FUD,boltz2_msa,input_model_4,0.95,0.9398,0.9076,2.29,3.1,0.85,0.8526,0.85,0.914,0.78,0.5,0.91
boltz2,msa,6FUD,boltz2_msa,input_model_2,0.95,0.94,0.9069,2.27,3.09,0.8448,0.8501,0.8448,0.9135,0.78,0.51,0.85
boltz2,msa,6FUD,boltz2_msa,input_model_0,0.95,0.9392,0.9051,2.27,3.1,0.8368,0.8473,0.8368,0.9119,0.89,0.48,0.75
boltz2,msa,6FUD,boltz2_msa,input_model_3,0.95,0.9364,0.901,2.36,3.23,0.8307,0.8375,0.8307,0.9081,0.81,0.48,0.97
boltz2,msa,6FUD,boltz2_msa,input_model_1,0.95,0.9369,0.8993,2.31,3.21,0.8134,0.8329,0.8134,0.9068,0.8,0.47,0.83
boltz2,msa,6FUD,boltz2_msa,input_model_4,0.95,0.9353,0.8997,2.37,3.25,0.8264,0.8357,0.8264,0.9068,0.79,0.51,0.85
boltz2,msa,6FUD,boltz2_msa,input_model_2,0.95,0.9353,0.8972,2.32,3.23,0.8096,0.8345,0.8096,0.9048,0.8,0.48,0.89
boltz2,msa,6FUD,boltz2_msa,input_model_3,0.95,0.9343,0.895,2.35,3.28,0.7998,0.8278,0.7998,0.9029,0.82,0.49,1.0
boltz2,msa,6FUD,boltz2_msa,input_model_4,0.95,0.9282,0.8843,2.5,3.53,0.7704,0.8014,0.7704,0.8931,0.78,0.48,0.83
boltz2,msa,6FUD,boltz2_msa,input_model_4,0.89,0.7583,0.5442,6.61,10.95,0.0797,0.2223,0.0797,0.587,0.94,0.52,26.48
chai1,no_msa,6FUD,chai1,pred.model_idx_0,82.39,0.5546,0.1789,0.0,0.0,0.0,0.0,0.0,0.254,0.71,9.23,10.34
chai1,no_msa,6FUD,chai1,pred.model_idx_2,82.29,0.5527,0.1785,0.0,0.0,0.0,0.0,0.0,0.2533,0.89,6.67,8.76
chai1,no_msa,6FUD,chai1,pred.model_idx_3,82.4,0.5535,0.1773,0.0,0.0,0.0,0.0,0.0,0.2525,0.8,0.78,1.54
chai1,no_msa,6FUD,chai1,pred.model_idx_1,82.36,0.5534,0.1772,0.0,0.0,0.0,0.0,0.0,0.2524,0.83,1.19,2.31
chai1,no_msa,6FUD,chai1,pred.model_idx_4,82.28,0.5535,0.1764,0.0,0.0,0.0,0.0,0.0,0.2518,0.78,0.75,2.2
chai1,no_msa,6FUD,chai1,pred.model_idx_2,82.02,0.536,0.1493,0.0,0.0,0.0,0.0,0.0,0.2266,0.77,1.44,2.24
chai1,no_msa,6FUD,chai1,pred.model_idx_0,82.34,0.5359,0.1488,0.0,0.0,0.0,0.0,0.0,0.2262,0.95,9.08,10.17
chai1,no_msa,6FUD,chai1,pred.model_idx_1,82.19,0.535,0.1489,0.0,0.0,0.0,0.0,0.0,0.2261,0.79,8.78,10.2
chai1,no_msa,6FUD,chai1,pred.model_idx_3,82.13,0.5345,0.1461,0.0,0.0,0.0,0.0,0.0,0.2238,0.81,0.96,2.38
chai1,no_msa,6FUD,chai1,pred.model_idx_4,82.25,0.5345,0.1456,0.0,0.0,0.0,0.0,0.0,0.2234,0.93,8.9,10.29
chai1,no_msa,6FUD,chai1,pred.model_idx_1,82.2,0.5344,0.1454,0.0,0.0,0.0,0.0,0.0,0.2232,0.83,1.25,2.4
chai1,no_msa,6FUD,chai1,pred.model_idx_2,82.22,0.5336,0.145,0.0,0.0,0.0,0.0,0.0,0.2227,0.85,1.1,1.93
chai1,no_msa,6FUD,chai1,pred.model_idx_4,82.15,0.5339,0.1404,0.0,0.0,0.0,0.0,0.0,0.2191,0.73,6.44,17.54
chai1,no_msa,6FUD,chai1,pred.model_idx_2,81.98,0.5348,0.1399,0.0,0.0,0.0,0.0,0.0,0.2189,0.82,6.33,18.11
chai1,no_msa,6FUD,chai1,pred.model_idx_0,82.37,0.5335,0.139,0.0,0.0,0.0,0.0,0.0,0.2179,0.91,2.27,23.1
chai1,no_msa,6FUD,chai1,pred.model_idx_4,81.96,0.5339,0.1383,0.0,0.0,0.0,0.0,0.0,0.2174,0.87,6.3,18.76
chai1,no_msa,6FUD,chai1,pred.model_idx_1,82.0,0.5355,0.1355,0.0,0.0,0.0,0.0,0.0,0.2155,0.79,8.24,27.54
chai1,no_msa,6FUD,chai1,pred.model_idx_3,82.06,0.5353,0.1347,0.0,0.0,0.0,0.0,0.0,0.2148,0.76,9.5,27.39
chai1,no_msa,6FUD,chai1,pred.model_idx_4,81.91,0.5347,0.1346,0.0,0.0,0.0,0.0,0.0,0.2146,0.75,7.92,27.16
chai1,no_msa,6FUD,chai1,pred.model_idx_2,81.93,0.5342,0.1346,0.0,0.0,0.0,0.0,0.0,0.2145,0.9,2.62,26.09
chai1,no_msa,6FUD,chai1,pred.model_idx_3,82.08,0.5347,0.1344,0.0,0.0,0.0,0.0,0.0,0.2145,0.74,7.89,27.42
chai1,no_msa,6FUD,chai1,pred.model_idx_1,82.0,0.5342,0.1341,0.0,0.0,0.0,0.0,0.0,0.2141,1.04,1.4,26.92
chai1,no_msa,6FUD,chai1,pred.model_idx_3,82.05,0.5342,0.1337,0.0,0.0,0.0,0.0,0.0,0.2138,0.74,5.41,26.28
chai1,no_msa,6FUD,chai1,pred.model_idx_0,81.95,0.5345,0.1331,0.0,0.0,0.0,0.0,0.0,0.2134,0.77,8.16,27.65
chai1,no_msa,6FUD,chai1,pred.model_idx_0,81.95,0.5344,0.1313,0.0,0.0,0.0,0.0,0.0,0.2119,0.91,7.71,27.6
colabfold,msa,6FUD,colabfold,complex_unrelaxed_rank_001_alphafold2_multimer_v3_model_4_seed_000,95.05,0.88,0.86,3.06,3.72,0.8335,0.8144,0.8144,0.864,0.89,0.55,1.0
colabfold,msa,6FUD,colabfold,complex_unrelaxed_rank_002_alphafold2_multimer_v3_model_4_seed_004,78.76,0.58,0.23,10.14,16.97,0.0,0.0451,0.0,0.3,1.03,0.65,24.97
colabfold,msa,6FUD,colabfold,complex_unrelaxed_rank_003_alphafold2_multimer_v3_model_4_seed_003,77.67,0.56,0.2,10.51,17.77,0.0,0.0346,0.0,0.272,1.16,0.63,6.13
colabfold,msa,6FUD,colabfold,complex_unrelaxed_rank_004_alphafold2_multimer_v3_model_4_seed_002,78.43,0.56,0.19,10.67,18.09,0.0,0.0279,0.0,0.264,1.06,0.62,17.19
colabfold,msa,6FUD,colabfold,complex_unrelaxed_rank_005_alphafold2_multimer_v3_model_3_seed_002,77.49,0.56,0.19,10.92,18.36,0.0,0.0276,0.0,0.264,1.25,0.67,22.03
colabfold,msa,6FUD,colabfold,complex_unrelaxed_rank_007_alphafold2_multimer_v3_model_3_seed_003,77.26,0.56,0.18,11.11,18.74,0.0,0.0223,0.0,0.256,1.27,0.65,22.12
colabfold,msa,6FUD,colabfold,complex_unrelaxed_rank_006_alphafold2_multimer_v3_model_1_seed_000,78.15,0.55,0.18,10.74,18.32,0.0,0.0224,0.0,0.254,1.06,0.64,15.94
colabfold,msa,6FUD,colabfold,complex_unrelaxed_rank_008_alphafold2_multimer_v3_model_3_seed_000,76.39,0.55,0.18,11.22,19.03,0.0,0.021,0.0,0.254,1.18,0.74,26.94
colabfold,msa,6FUD,colabfold,complex_unrelaxed_rank_009_alphafold2_multimer_v3_model_4_seed_001,77.96,0.55,0.18,10.93,18.61,0.0,0.0247,0.0,0.254,1.11,0.66,17.13
colabfold,msa,6FUD,colabfold,complex_unrelaxed_rank_010_alphafold2_multimer_v3_model_3_seed_001,77.18,0.55,0.18,11.28,19.13,0.0,0.0186,0.0,0.254,1.38,0.68,26.12
colabfold,msa,6FUD,colabfold,complex_unrelaxed_rank_011_alphafold2_multimer_v3_model_3_seed_004,77.38,0.55,0.18,11.14,18.87,0.0,0.0193,0.0,0.254,1.3,0.65,22.69
colabfold,msa,6FUD,colabfold,complex_unrelaxed_rank_012_alphafold2_multimer_v3_model_2_seed_000,79.82,0.55,0.17,11.06,19.01,0.0,0.0191,0.0,0.246,1.2,0.62,3.69
colabfold,msa,6FUD,colabfold,complex_unrelaxed_rank_013_alphafold2_multimer_v3_model_1_seed_004,77.47,0.55,0.17,11.17,19.26,0.0,0.018,0.0,0.246,1.21,0.65,8.2
colabfold,msa,6FUD,colabfold,complex_unrelaxed_rank_014_alphafold2_multimer_v3_model_1_seed_001,77.5,0.55,0.17,11.11,19.13,0.0,0.0181,0.0,0.246,1.26,0.65,22.31
colabfold,msa,6FUD,colabfold,complex_unrelaxed_rank_015_alphafold2_multimer_v3_model_1_seed_003,77.71,0.54,0.17,11.06,19.05,0.0,0.0154,0.0,0.244,1.07,0.64,23.94
colabfold,msa,6FUD,colabfold,complex_unrelaxed_rank_016_alphafold2_multimer_v3_model_2_seed_003,80.38,0.54,0.17,11.08,19.09,0.0,0.018,0.0,0.244,1.23,0.62,22.15
colabfold,msa,6FUD,colabfold,complex_unrelaxed_rank_017_alphafold2_multimer_v3_model_1_seed_002,77.43,0.54,0.16,11.21,19.29,0.0,0.0176,0.0,0.236,1.15,0.65,22.63
colabfold,msa,6FUD,colabfold,complex_unrelaxed_rank_018_alphafold2_multimer_v3_model_2_seed_001,80.47,0.54,0.16,11.03,18.99,0.0,0.0187,0.0,0.236,1.2,0.62,21.87
colabfold,msa,6FUD,colabfold,complex_unrelaxed_rank_019_alphafold2_multimer_v3_model_2_seed_002,79.57,0.54,0.16,11.29,19.45,0.0,0.0159,0.0,0.236,1.24,0.63,22.2
colabfold,msa,6FUD,colabfold,complex_unrelaxed_rank_020_alphafold2_multimer_v3_model_2_seed_004,79.24,0.54,0.16,11.4,19.67,0.0,0.0155,0.0,0.236,1.17,0.63,21.98
colabfold,msa,6FUD,colabfold,complex_unrelaxed_rank_021_alphafold2_multimer_v3_model_5_seed_001,76.01,0.54,0.16,11.56,19.85,0.0,0.0112,0.0,0.236,1.3,0.63,18.03
colabfold,msa,6FUD,colabfold,complex_unrelaxed_rank_023_alphafold2_multimer_v3_model_5_seed_003,76.02,0.54,0.15,11.57,19.92,0.0,0.0108,0.0,0.228,1.24,0.65,18.97
colabfold,msa,6FUD,colabfold,complex_unrelaxed_rank_024_alphafold2_multimer_v3_model_5_seed_004,75.96,0.54,0.15,11.6,19.93,0.0,0.0107,0.0,0.228,1.27,0.65,18.82
colabfold,msa,6FUD,colabfold,complex_unrelaxed_rank_025_alphafold2_multimer_v3_model_5_seed_002,75.9,0.54,0.15,11.68,20.11,0.0,0.0082,0.0,0.228,1.23,0.68,21.42
colabfold,msa,6FUD,colabfold,complex_unrelaxed_rank_022_alphafold2_multimer_v3_model_5_seed_000,75.38,0.53,0.15,11.72,20.2,0.0,0.0083,0.0,0.226,1.25,0.66,21.65
colabfold,no_msa,6FUD,colabfold_nomsa,complex_unrelaxed_rank_001_alphafold2_multimer_v3_model_5_seed_000,45.37,0.41,0.2,15.7,20.16,0.0,0.0223,0.0,0.242,3.42,6.35,32.45
colabfold,no_msa,6FUD,colabfold_nomsa,complex_unrelaxed_rank_002_alphafold2_multimer_v3_model_5_seed_001,51.71,0.39,0.16,15.58,21.17,0.0,0.0025,0.0,0.206,2.29,6.18,28.2
colabfold,no_msa,6FUD,colabfold_nomsa,complex_unrelaxed_rank_004_alphafold2_multimer_v3_model_5_seed_003,51.23,0.41,0.11,16.69,22.59,0.0,0.0,0.0,0.17,2.93,11.32,33.17
colabfold,no_msa,6FUD,colabfold_nomsa,complex_unrelaxed_rank_005_alphafold2_multimer_v3_model_4_seed_001,51.94,0.41,0.11,16.92,22.7,0.0,0.0,0.0,0.17,3.23,11.9,32.97
colabfold,no_msa,6FUD,colabfold_nomsa,complex_unrelaxed_rank_003_alphafold2_multimer_v3_model_5_seed_002,48.33,0.34,0.12,16.62,22.7,0.0,0.0,0.0,0.164,2.41,6.3,30.44
colabfold,no_msa,6FUD,colabfold_nomsa,complex_unrelaxed_rank_012_alphafold2_multimer_v3_model_3_seed_004,41.06,0.31,0.09,18.51,23.74,0.0,0.0,0.0,0.134,2.25,16.14,30.28
colabfold,no_msa,6FUD,colabfold_nomsa,complex_unrelaxed_rank_020_alphafold2_multimer_v3_model_3_seed_001,48.14,0.35,0.08,17.69,24.41,0.0,0.0,0.0,0.134,1.76,10.23,23.25
colabfold,no_msa,6FUD,colabfold_nomsa,complex_unrelaxed_rank_006_alphafold2_multimer_v3_model_3_seed_003,39.92,0.26,0.1,18.5,23.3,0.0,0.0,0.0,0.132,3.06,11.43,32.2
colabfold,no_msa,6FUD,colabfold_nomsa,complex_unrelaxed_rank_013_alphafold2_multimer_v3_model_3_seed_000,44.14,0.3,0.09,18.11,23.91,0.0,0.0,0.0,0.132,2.08,10.56,18.98
colabfold,no_msa,6FUD,colabfold_nomsa,complex_unrelaxed_rank_009_alphafold2_multimer_v3_model_4_seed_003,38.57,0.24,0.1,19.12,23.47,0.0,0.0,0.0,0.128,3.26,14.96,28.54
colabfold,no_msa,6FUD,colabfold_nomsa,complex_unrelaxed_rank_008_alphafold2_multimer_v3_model_4_seed_004,37.99,0.23,0.1,19.32,23.53,0.0,0.0,0.0,0.126,3.41,15.07,28.27
colabfold,no_msa,6FUD,colabfold_nomsa,complex_unrelaxed_rank_014_alphafold2_multimer_v3_model_1_seed_003,40.74,0.27,0.09,18.94,24.03,0.0,0.0,0.0,0.126,3.75,14.11,36.11
colabfold,no_msa,6FUD,colabfold_nomsa,complex_unrelaxed_rank_016_alphafold2_multimer_v3_model_1_seed_004,38.38,0.26,0.09,19.26,24.15,0.0,0.0,0.0,0.124,3.15,15.77,31.4
colabfold,no_msa,6FUD,colabfold_nomsa,complex_unrelaxed_rank_007_alphafold2_multimer_v3_model_5_seed_004,34.02,0.21,0.1,19.94,23.25,0.0,0.0,0.0,0.122,9.55,14.53,21.97
colabfold,no_msa,6FUD,colabfold_nomsa,complex_unrelaxed_rank_015_alphafold2_multimer_v3_model_4_seed_002,39.63,0.25,0.09,18.97,23.92,0.0,0.0,0.0,0.122,3.25,10.75,32.24
colabfold,no_msa,6FUD,colabfold_nomsa,complex_unrelaxed_rank_010_alphafold2_multimer_v3_model_4_seed_000,38.36,0.24,0.09,19.31,23.77,0.0,0.0,0.0,0.12,3.27,14.36,30.97
colabfold,no_msa,6FUD,colabfold_nomsa,complex_unrelaxed_rank_021_alphafold2_multimer_v3_model_1_seed_002,40.78,0.28,0.08,18.8,24.22,0.0,0.0,0.0,0.12,3.32,11.47,34.03
colabfold,no_msa,6FUD,colabfold_nomsa,complex_unrelaxed_rank_017_alphafold2_multimer_v3_model_1_seed_000,38.42,0.27,0.08,19.33,24.09,0.0,0.0,0.0,0.118,3.8,16.53,32.76
colabfold,no_msa,6FUD,colabfold_nomsa,complex_unrelaxed_rank_018_alphafold2_multimer_v3_model_1_seed_001,39.0,0.27,0.08,19.22,24.13,0.0,0.0,0.0,0.118,3.81,16.03,35.79
colabfold,no_msa,6FUD,colabfold_nomsa,complex_unrelaxed_rank_011_alphafold2_multimer_v3_model_3_seed_002,31.83,0.2,0.09,20.47,23.8,0.0,0.0,0.0,0.112,6.52,14.6,33.91
colabfold,no_msa,6FUD,colabfold_nomsa,complex_unrelaxed_rank_019_alphafold2_multimer_v3_model_2_seed_000,39.41,0.24,0.08,19.59,25.19,0.0,0.0,0.0,0.112,3.6,8.95,36.11
colabfold,no_msa,6FUD,colabfold_nomsa,complex_unrelaxed_rank_022_alphafold2_multimer_v3_model_2_seed_001,38.0,0.24,0.08,20.01,25.28,0.0,0.0,0.0,0.112,3.48,15.16,32.94
colabfold,no_msa,6FUD,colabfold_nomsa,complex_unrelaxed_rank_023_alphafold2_multimer_v3_model_2_seed_004,37.54,0.24,0.07,20.04,25.48,0.0,0.0,0.0,0.104,3.39,11.08,34.71
colabfold,no_msa,6FUD,colabfold_nomsa,complex_unrelaxed_rank_024_alphafold2_multimer_v3_model_2_seed_003,37.16,0.23,0.07,20.24,25.77,0.0,0.0,0.0,0.102,3.48,11.25,34.69
colabfold,no_msa,6FUD,colabfold_nomsa,complex_unrelaxed_rank_025_alphafold2_multimer_v3_model_2_seed_002,36.91,0.23,0.07,20.31,25.89,0.0,0.0,0.0,0.102,3.56,11.42,34.51
esmfold2,no_msa,6FUD,esmfold2,output_seed123_esmfold2_pred,85.2,0.8565,0.818,4.57,5.51,0.7328,0.7682,0.7328,0.8257,0.72,0.63,1.14
esmfold2,no_msa,6FUD,esmfold2,output_seed789_esmfold2_pred,84.67,0.8503,0.8107,4.75,5.72,0.7173,0.7559,0.7173,0.8186,1.12,0.53,1.03
esmfold2,no_msa,6FUD,esmfold2,output_seed456_esmfold2_pred,83.69,0.838,0.796,4.97,6.02,0.6884,0.7283,0.6884,0.8044,0.75,0.62,1.1
esmfold2,no_msa,6FUD,esmfold2,output_seed1024_esmfold2_pred,82.6,0.8197,0.7631,5.2,6.38,0.647,0.6706,0.647,0.7744,0.73,0.52,0.87
esmfold2,no_msa,6FUD,esmfold2,output_esmfold2_pred,72.26,0.5131,0.1706,12.08,19.24,0.0,0.0,0.0,0.2391,1.02,0.52,15.79
af2m,msa,6G10,af2m,ranked_0,94.87,0.8789,0.8301,3.28,4.15,0.7912,0.7851,0.7851,0.8399,1.17,1.1,1.37
af2m,msa,6G10,af2m,ranked_1,93.06,0.8543,0.8302,3.77,4.73,0.7535,0.7859,0.7535,0.835,1.27,0.95,29.17
af2m,msa,6G10,af2m,ranked_2,92.89,0.8519,0.8251,3.84,4.85,0.7353,0.7741,0.7353,0.8305,1.25,0.95,29.17
af2m,msa,6G10,af2m,ranked_3,88.6,0.7524,0.6056,5.95,8.94,0.2559,0.3449,0.2559,0.635,1.24,0.93,29.11
af2m,msa,6G10,af2m,ranked_4,80.9,0.5739,0.2069,10.2,17.7,0.0,0.022,0.0,0.2803,1.31,1.04,27.03
af2m,msa,6G10,af2m,ranked_5,80.56,0.5725,0.185,10.58,18.35,0.0,0.0272,0.0,0.2625,1.35,1.1,3.06
af2m,msa,6G10,af2m,ranked_6,80.82,0.5689,0.1768,10.73,18.72,0.0,0.0231,0.0,0.2552,1.37,1.1,2.13
af2m,msa,6G10,af2m,ranked_7,82.48,0.5629,0.1767,10.93,19.06,0.0,0.0117,0.0,0.2539,1.34,1.06,26.44
af2m,msa,6G10,af2m,ranked_8,82.3,0.559,0.1684,11.14,19.44,0.0,0.0084,0.0,0.2465,1.34,1.06,25.9
af2m,msa,6G10,af2m,ranked_9,80.8,0.5591,0.1671,11.13,19.53,0.0,0.0116,0.0,0.2455,1.35,1.02,26.97
af2m,msa,6G10,af2m,ranked_10,81.44,0.5591,0.167,11.19,19.62,0.0,0.0081,0.0,0.2454,1.34,1.0,27.94
af2m,msa,6G10,af2m,ranked_11,82.3,0.5574,0.1621,11.23,19.68,0.0,0.0058,0.0,0.2412,1.36,1.08,25.61
af2m,msa,6G10,af2m,ranked_12,80.63,0.5592,0.1603,11.21,19.59,0.0,0.0122,0.0,0.2401,1.36,1.08,3.67
af2m,msa,6G10,af2m,ranked_13,80.37,0.5567,0.16,11.19,19.66,0.0,0.0086,0.0,0.2393,1.34,1.01,26.76
af2m,msa,6G10,af2m,ranked_14,80.85,0.5553,0.1574,11.27,19.79,0.0,0.0113,0.0,0.237,1.43,1.08,18.96
af2m,msa,6G10,af2m,ranked_15,82.43,0.554,0.1511,11.42,20.08,0.0,0.0085,0.0,0.2317,1.38,1.07,23.11
af2m,msa,6G10,af2m,ranked_16,78.68,0.55,0.1488,11.45,20.15,0.0,0.0026,0.0,0.229,1.31,1.01,27.88
af2m,msa,6G10,af2m,ranked_17,83.2,0.5391,0.1468,11.72,20.37,0.0,0.0,0.0,0.2253,1.3,0.91,43.42
af2m,msa,6G10,af2m,ranked_18,81.83,0.5415,0.1398,11.98,20.89,0.0,0.0026,0.0,0.2201,1.29,0.89,42.97
af2m,msa,6G10,af2m,ranked_19,79.69,0.5381,0.1363,12.02,21.09,0.0,0.0,0.0,0.2167,1.34,0.94,30.7
af2m,msa,6G10,af2m,ranked_20,82.64,0.5446,0.1328,11.91,21.07,0.0,0.0026,0.0,0.2152,1.44,1.07,20.57
af2m,msa,6G10,af2m,ranked_21,79.75,0.5307,0.1257,12.22,21.44,0.0,0.0,0.0,0.2067,1.38,0.97,35.99
af2m,msa,6G10,af2m,ranked_22,79.93,0.5317,0.1249,12.13,21.31,0.0,0.0,0.0,0.2063,1.32,0.95,26.67
af2m,msa,6G10,af2m,ranked_23,79.82,0.5293,0.1233,12.2,21.38,0.0,0.0,0.0,0.2045,1.38,0.92,33.55
af2m,msa,6G10,af2m,ranked_24,76.32,0.5208,0.1114,12.53,21.98,0.0,0.0,0.0,0.1933,1.3,1.08,26.81
af3,msa,6G10,af3,seed-42_sample-1,93.71,0.91,0.89,2.79,3.35,0.8843,0.8598,0.8598,0.894,1.43,1.22,2.07
af3,msa,6G10,af3,seed-1024_sample-1,93.38,0.91,0.88,2.91,3.49,0.881,0.8555,0.8555,0.886,1.41,1.15,1.99
af3,msa,6G10,af3,seed-1024_sample-2,93.24,0.91,0.88,3.04,3.65,0.8752,0.8482,0.8482,0.886,1.43,1.16,1.96
af3,msa,6G10,af3,seed-1024_sample-4,93.18,0.91,0.88,3.06,3.68,0.8801,0.8506,0.8506,0.886,0.88,1.19,1.72
af3,msa,6G10,af3,seed-123_sample-2,93.34,0.91,0.88,2.93,3.52,0.8788,0.8485,0.8485,0.886,1.29,1.16,2.14
af3,msa,6G10,af3,seed-123_sample-3,93.44,0.91,0.88,2.92,3.5,0.8781,0.8527,0.8527,0.886,1.34,1.16,1.99
af3,msa,6G10,af3,seed-123_sample-4,93.3,0.91,0.88,2.99,3.59,0.8754,0.8489,0.8489,0.886,1.35,1.0,1.84
af3,msa,6G10,af3,seed-42_sample-3,93.47,0.91,0.88,2.96,3.56,0.8751,0.85,0.85,0.886,1.34,1.24,1.94
af3,msa,6G10,af3,seed-456_sample-1,93.41,0.91,0.88,2.91,3.49,0.8814,0.8535,0.8535,0.886,1.35,1.2,2.14
af3,msa,6G10,af3,seed-456_sample-2,93.4,0.91,0.88,2.92,3.5,0.881,0.8532,0.8532,0.886,1.38,1.17,1.92
af3,msa,6G10,af3,seed-456_sample-3,93.04,0.91,0.88,3.08,3.71,0.8754,0.8464,0.8464,0.886,0.93,1.13,1.8
af3,msa,6G10,af3,seed-789_sample-0,93.23,0.91,0.88,2.98,3.58,0.8764,0.848,0.848,0.886,1.44,1.16,2.03
af3,msa,6G10,af3,seed-789_sample-3,93.29,0.91,0.88,2.93,3.52,0.8777,0.8471,0.8471,0.886,1.34,1.16,2.17
af3,msa,6G10,af3,seed-789_sample-4,93.36,0.91,0.88,2.99,3.59,0.8728,0.8501,0.8501,0.886,1.37,1.21,1.72
af3,msa,6G10,af3,seed-123_sample-1,93.0,0.9,0.88,3.15,3.81,0.874,0.8422,0.8422,0.884,0.89,1.23,1.8
af3,msa,6G10,af3,seed-42_sample-0,93.26,0.9,0.88,3.04,3.64,0.8714,0.847,0.847,0.884,1.34,0.69,1.65
af3,msa,6G10,af3,seed-42_sample-2,93.46,0.9,0.88,3.01,3.61,0.8752,0.8461,0.8461,0.884,1.38,1.22,2.01
af3,msa,6G10,af3,seed-456_sample-4,93.24,0.9,0.88,3.06,3.67,0.8728,0.8447,0.8447,0.884,1.31,0.98,1.66
af3,msa,6G10,af3,seed-1024_sample-0,93.05,0.9,0.87,3.07,3.7,0.8716,0.8448,0.8448,0.876,0.98,1.27,1.97
af3,msa,6G10,af3,seed-1024_sample-3,93.1,0.9,0.87,3.1,3.73,0.8687,0.8405,0.8405,0.876,1.35,1.14,1.97
af3,msa,6G10,af3,seed-123_sample-0,93.0,0.9,0.87,3.15,3.78,0.8661,0.8398,0.8398,0.876,1.16,1.09,1.72
af3,msa,6G10,af3,seed-42_sample-4,93.19,0.9,0.87,3.13,3.77,0.8681,0.8422,0.8422,0.876,1.21,1.16,1.61
af3,msa,6G10,af3,seed-456_sample-0,92.84,0.9,0.87,3.26,3.9,0.8608,0.8398,0.8398,0.876,1.15,1.01,1.31
af3,msa,6G10,af3,seed-789_sample-1,92.58,0.9,0.87,3.39,4.08,0.8663,0.8323,0.8323,0.876,0.63,1.0,1.49
af3,msa,6G10,af3,seed-789_sample-2,92.55,0.9,0.87,3.38,4.07,0.8617,0.8313,0.8313,0.876,0.69,1.15,1.58
af3,no_msa,6G10,af3_nomsa,seed-123_sample-0,92.27,0.89,0.88,3.65,4.38,0.8671,0.803,0.803,0.882,2.46,1.03,2.79
af3,no_msa,6G10,af3_nomsa,seed-123_sample-3,92.12,0.89,0.87,3.71,4.44,0.8583,0.7987,0.7987,0.874,2.5,0.98,2.88
af3,no_msa,6G10,af3_nomsa,seed-123_sample-1,91.75,0.88,0.86,3.89,4.68,0.8514,0.7817,0.7817,0.864,2.49,1.17,3.2
af3,no_msa,6G10,af3_nomsa,seed-123_sample-2,91.9,0.88,0.86,3.88,4.69,0.8464,0.7778,0.7778,0.864,2.49,1.15,3.26
af3,no_msa,6G10,af3_nomsa,seed-123_sample-4,91.85,0.88,0.86,3.86,4.64,0.8481,0.7794,0.7794,0.864,2.45,0.96,2.85
af3,no_msa,6G10,af3_nomsa,seed-42_sample-0,91.45,0.88,0.86,3.92,4.73,0.8404,0.7693,0.7693,0.864,2.56,0.59,3.18
af3,no_msa,6G10,af3_nomsa,seed-42_sample-4,91.18,0.88,0.86,3.96,4.78,0.8464,0.7677,0.7677,0.864,2.5,1.06,3.42
af3,no_msa,6G10,af3_nomsa,seed-456_sample-2,91.33,0.88,0.86,4.14,5.01,0.8423,0.765,0.765,0.864,2.48,1.2,2.98
af3,no_msa,6G10,af3_nomsa,seed-456_sample-3,91.72,0.88,0.86,3.95,4.79,0.8495,0.7826,0.7826,0.864,2.48,1.06,3.06
af3,no_msa,6G10,af3_nomsa,seed-456_sample-4,91.77,0.88,0.86,3.95,4.77,0.8425,0.7806,0.7806,0.864,2.49,1.11,2.75
af3,no_msa,6G10,af3_nomsa,seed-789_sample-2,91.54,0.88,0.86,4.01,4.85,0.8462,0.7609,0.7609,0.864,2.46,1.18,3.2
af3,no_msa,6G10,af3_nomsa,seed-789_sample-3,91.59,0.88,0.86,3.85,4.63,0.8472,0.774,0.774,0.864,2.6,1.18,3.74
af3,no_msa,6G10,af3_nomsa,seed-789_sample-4,91.77,0.88,0.86,3.94,4.78,0.8497,0.7668,0.7668,0.864,2.51,1.19,3.33
af3,no_msa,6G10,af3_nomsa,seed-42_sample-1,91.21,0.88,0.85,3.98,4.84,0.8358,0.755,0.755,0.856,2.6,1.13,3.61
af3,no_msa,6G10,af3_nomsa,seed-456_sample-0,91.57,0.88,0.85,4.01,4.86,0.8287,0.7799,0.7799,0.856,2.43,0.92,2.66
af3,no_msa,6G10,af3_nomsa,seed-456_sample-1,91.27,0.88,0.85,4.14,5.04,0.8319,0.761,0.761,0.856,2.47,1.22,3.34
af3,no_msa,6G10,af3_nomsa,seed-789_sample-0,91.24,0.88,0.85,4.14,5.01,0.8365,0.7532,0.7532,0.856,2.51,1.07,3.17
af3,no_msa,6G10,af3_nomsa,seed-42_sample-2,90.55,0.87,0.85,4.36,5.31,0.8214,0.7358,0.7358,0.854,2.5,1.24,3.27
af3,no_msa,6G10,af3_nomsa,seed-42_sample-3,90.79,0.87,0.85,4.17,5.08,0.8324,0.7468,0.7468,0.854,2.54,1.32,3.42
af3,no_msa,6G10,af3_nomsa,seed-789_sample-1,90.57,0.87,0.85,4.29,5.21,0.831,0.7378,0.7378,0.854,2.47,1.1,2.72
af3,no_msa,6G10,af3_nomsa,seed-1024_sample-0,86.47,0.85,0.8,5.03,6.17,0.7158,0.6954,0.6954,0.81,4.88,1.36,5.06
af3,no_msa,6G10,af3_nomsa,seed-1024_sample-1,84.94,0.84,0.79,5.34,6.56,0.7064,0.667,0.667,0.8,4.75,1.28,4.88
af3,no_msa,6G10,af3_nomsa,seed-1024_sample-3,85.5,0.84,0.79,5.31,6.49,0.6958,0.6773,0.6773,0.8,4.86,1.21,4.76
af3,no_msa,6G10,af3_nomsa,seed-1024_sample-2,85.61,0.84,0.78,5.39,6.61,0.6859,0.6661,0.6661,0.792,4.81,1.05,4.66
af3,no_msa,6G10,af3_nomsa,seed-1024_sample-4,86.0,0.84,0.78,5.32,6.51,0.6868,0.6701,0.6701,0.792,4.71,1.3,4.85
boltz1,no_msa,6G10,boltz1,input_model_0,0.9,0.8919,0.8597,3.52,4.38,0.8482,0.8416,0.8416,0.8661,2.83,0.93,2.85
boltz1,no_msa,6G10,boltz1,input_model_1,0.89,0.8881,0.8519,3.5,4.42,0.8352,0.8248,0.8248,0.8591,2.82,0.9,2.37
boltz1,no_msa,6G10,boltz1,input_model_0,0.9,0.8889,0.8514,3.33,4.22,0.8357,0.8298,0.8298,0.8589,2.7,0.87,2.55
boltz1,no_msa,6G10,boltz1,input_model_0,0.89,0.8866,0.85,3.46,4.37,0.8311,0.8287,0.8287,0.8573,2.74,0.93,2.43
boltz1,no_msa,6G10,boltz1,input_model_0,0.89,0.8848,0.8472,3.61,4.52,0.8271,0.818,0.818,0.8547,2.56,0.95,2.23
boltz1,no_msa,6G10,boltz1,input_model_1,0.9,0.8814,0.844,3.57,4.51,0.8261,0.8163,0.8163,0.8515,2.66,0.88,2.63
boltz1,no_msa,6G10,boltz1,input_model_3,0.89,0.8818,0.8421,3.68,4.61,0.8246,0.8159,0.8159,0.85,2.87,0.97,2.77
boltz1,no_msa,6G10,boltz1,input_model_2,0.89,0.8811,0.8413,3.6,4.54,0.8228,0.8172,0.8172,0.8493,2.59,1.01,2.54
boltz1,no_msa,6G10,boltz1,input_model_1,0.9,0.8814,0.8382,3.59,4.55,0.8187,0.8129,0.8129,0.8468,2.68,0.9,2.39
boltz1,no_msa,6G10,boltz1,input_model_4,0.89,0.878,0.8356,3.57,4.56,0.7997,0.81,0.7997,0.8441,2.67,1.02,2.4
boltz1,no_msa,6G10,boltz1,input_model_1,0.89,0.874,0.8334,3.84,4.83,0.811,0.7981,0.7981,0.8415,2.51,0.95,2.38
boltz1,no_msa,6G10,boltz1,input_model_2,0.89,0.8767,0.8303,3.86,4.88,0.8036,0.8035,0.8035,0.8396,2.74,1.11,2.56
boltz1,no_msa,6G10,boltz1,input_model_3,0.89,0.8725,0.8278,3.75,4.76,0.8012,0.7976,0.7976,0.8367,2.58,0.98,2.32
boltz1,no_msa,6G10,boltz1,input_model_2,0.89,0.8687,0.8274,3.62,4.67,0.7593,0.7954,0.7593,0.8357,2.74,1.09,3.04
boltz1,no_msa,6G10,boltz1,input_model_2,0.89,0.8708,0.8244,3.79,4.84,0.7892,0.7952,0.7892,0.8337,2.71,0.97,2.64
boltz1,no_msa,6G10,boltz1,input_model_1,0.89,0.8671,0.8236,3.9,4.96,0.7765,0.7878,0.7765,0.8323,2.65,1.01,2.49
boltz1,no_msa,6G10,boltz1,input_model_0,0.89,0.8682,0.8219,3.75,4.76,0.7941,0.7888,0.7888,0.8312,2.55,1.03,2.61
boltz1,no_msa,6G10,boltz1,input_model_4,0.89,0.8702,0.8203,3.88,4.92,0.7815,0.7856,0.7815,0.8303,2.82,0.99,2.5
boltz1,no_msa,6G10,boltz1,input_model_3,0.89,0.8687,0.8206,3.95,5.01,0.7883,0.7899,0.7883,0.8302,2.62,1.01,2.68
boltz1,no_msa,6G10,boltz1,input_model_4,0.89,0.8653,0.8183,4.09,5.17,0.7889,0.7824,0.7824,0.8277,2.75,0.9,2.58
boltz1,no_msa,6G10,boltz1,input_model_3,0.89,0.8619,0.8141,4.07,5.19,0.7745,0.7725,0.7725,0.8237,2.66,0.96,2.45
boltz1,no_msa,6G10,boltz1,input_model_3,0.89,0.8622,0.813,3.95,5.03,0.7663,0.7739,0.7663,0.8228,2.55,1.11,2.55
boltz1,no_msa,6G10,boltz1,input_model_2,0.89,0.8631,0.8114,3.79,4.87,0.7728,0.7744,0.7728,0.8217,2.58,0.96,2.5
boltz1,no_msa,6G10,boltz1,input_model_4,0.89,0.8614,0.8061,4.0,5.12,0.7588,0.7521,0.7521,0.8172,2.61,1.07,2.47
boltz1,no_msa,6G10,boltz1,input_model_4,0.89,0.8578,0.8016,3.91,5.03,0.7622,0.7556,0.7556,0.8128,2.57,1.14,2.68
boltz1,msa,6G10,boltz1_msa,input_model_0,0.94,0.9279,0.9052,2.82,3.51,0.9061,0.8569,0.8569,0.9097,1.34,0.75,1.63
boltz1,msa,6G10,boltz1_msa,input_model_0,0.94,0.9269,0.9015,2.82,3.51,0.9018,0.8561,0.8561,0.9066,1.35,0.67,1.64
boltz1,msa,6G10,boltz1_msa,input_model_1,0.94,0.9242,0.8991,2.94,3.64,0.899,0.8503,0.8503,0.9041,1.35,0.7,1.73
boltz1,msa,6G10,boltz1_msa,input_model_0,0.94,0.9212,0.8935,2.93,3.68,0.8911,0.8387,0.8387,0.899,1.33,0.69,1.72
boltz1,msa,6G10,boltz1_msa,input_model_2,0.94,0.9207,0.8924,2.92,3.66,0.8914,0.8467,0.8467,0.8981,1.39,0.66,1.88
boltz1,msa,6G10,boltz1_msa,input_model_0,0.94,0.918,0.889,2.98,3.75,0.8865,0.834,0.834,0.8948,1.33,0.7,1.96
boltz1,msa,6G10,boltz1_msa,input_model_0,0.93,0.9166,0.8863,3.1,3.86,0.8834,0.8302,0.8302,0.8924,1.36,0.68,2.05
boltz1,msa,6G10,boltz1_msa,input_model_1,0.93,0.915,0.883,2.99,3.76,0.8805,0.8382,0.8382,0.8894,1.41,0.63,2.1
boltz1,msa,6G10,boltz1_msa,input_model_1,0.93,0.9138,0.8829,3.1,3.88,0.8801,0.8234,0.8234,0.8891,1.37,0.69,2.31
boltz1,msa,6G10,boltz1_msa,input_model_3,0.93,0.9141,0.8819,3.08,3.85,0.8785,0.8306,0.8306,0.8883,1.37,0.74,2.28
boltz1,msa,6G10,boltz1_msa,input_model_1,0.94,0.914,0.8806,2.99,3.79,0.8763,0.8293,0.8293,0.8873,1.41,0.72,2.16
boltz1,msa,6G10,boltz1_msa,input_model_1,0.93,0.9129,0.8787,3.07,3.85,0.8743,0.8244,0.8244,0.8855,1.35,0.74,2.28
boltz1,msa,6G10,boltz1_msa,input_model_2,0.93,0.9099,0.8744,3.06,3.86,0.8726,0.8272,0.8272,0.8815,1.4,0.65,2.26
boltz1,msa,6G10,boltz1_msa,input_model_2,0.93,0.9099,0.8734,3.05,3.87,0.8691,0.8197,0.8197,0.8807,1.33,0.66,2.4
boltz1,msa,6G10,boltz1_msa,input_model_3,0.93,0.9043,0.8625,3.11,3.94,0.8581,0.8186,0.8186,0.8709,1.33,0.6,2.8
boltz1,msa,6G10,boltz1_msa,input_model_4,0.93,0.903,0.8622,3.19,4.03,0.8574,0.8133,0.8133,0.8704,1.39,0.68,2.58
boltz1,msa,6G10,boltz1_msa,input_model_3,0.93,0.9028,0.8616,3.18,4.03,0.8562,0.8111,0.8111,0.8698,1.34,0.74,2.58
boltz1,msa,6G10,boltz1_msa,input_model_2,0.93,0.9022,0.861,3.12,3.97,0.8557,0.8079,0.8079,0.8692,1.37,0.68,2.75
boltz1,msa,6G10,boltz1_msa,input_model_2,0.93,0.901,0.8582,3.1,3.96,0.8504,0.8049,0.8049,0.8668,1.39,0.71,2.62
boltz1,msa,6G10,boltz1_msa,input_model_4,0.93,0.8974,0.8502,3.24,4.13,0.8411,0.785,0.785,0.8596,1.33,0.75,2.8
boltz1,msa,6G10,boltz1_msa,input_model_3,0.93,0.8871,0.8336,3.37,4.33,0.8199,0.7716,0.7716,0.8443,1.43,0.76,3.08
boltz1,msa,6G10,boltz1_msa,input_model_4,0.93,0.8816,0.8222,3.32,4.33,0.8025,0.7603,0.7603,0.8341,1.37,0.75,3.07
boltz1,msa,6G10,boltz1_msa,input_model_3,0.93,0.8723,0.8116,3.42,4.45,0.7871,0.7647,0.7647,0.8237,1.41,0.69,3.51
boltz1,msa,6G10,boltz1_msa,input_model_4,0.92,0.8695,0.7982,3.49,4.57,0.7676,0.7508,0.7508,0.8125,1.41,0.72,3.6
boltz1,msa,6G10,boltz1_msa,input_model_4,0.92,0.8513,0.7679,3.78,5.05,0.7045,0.7015,0.7015,0.7846,1.41,0.79,3.89
boltz2,no_msa,6G10,boltz2,input_model_0,0.92,0.543,0.2053,12.49,20.07,0.0,0.0,0.0,0.2728,1.29,1.49,26.65
boltz2,no_msa,6G10,boltz2,input_model_1,0.89,0.5281,0.1827,13.06,20.88,0.0,0.0,0.0,0.2518,1.44,1.31,19.76
boltz2,no_msa,6G10,boltz2,input_model_4,0.88,0.5277,0.179,13.03,21.12,0.0,0.0,0.0,0.2487,1.07,1.19,19.85
boltz2,no_msa,6G10,boltz2,input_model_2,0.89,0.5224,0.1637,13.34,21.43,0.0,0.0,0.0,0.2354,1.45,1.18,19.14
boltz2,no_msa,6G10,boltz2,input_model_0,0.92,0.5174,0.1522,13.21,21.43,0.0,0.0,0.0,0.2252,1.55,1.53,27.01
boltz2,no_msa,6G10,boltz2,input_model_0,0.91,0.5126,0.1507,13.52,21.76,0.0,0.0,0.0,0.2231,1.23,1.33,23.54
boltz2,no_msa,6G10,boltz2,input_model_1,0.92,0.5137,0.1461,13.27,21.73,0.0,0.0,0.0,0.2196,1.25,1.17,24.66
boltz2,no_msa,6G10,boltz2,input_model_2,0.9,0.513,0.1412,13.2,21.75,0.0,0.0,0.0,0.2156,1.29,1.7,27.74
boltz2,no_msa,6G10,boltz2,input_model_3,0.89,0.5038,0.14,13.71,22.23,0.0,0.0,0.0,0.2128,1.18,1.2,22.88
boltz2,no_msa,6G10,boltz2,input_model_1,0.91,0.5084,0.1388,13.37,21.82,0.0,0.0,0.0,0.2127,1.07,1.33,26.62
boltz2,no_msa,6G10,boltz2,input_model_3,0.89,0.505,0.1384,13.68,22.26,0.0,0.0,0.0,0.2117,1.59,1.22,23.62
boltz2,no_msa,6G10,boltz2,input_model_0,0.92,0.506,0.137,13.38,22.0,0.0,0.0,0.0,0.2108,1.11,1.43,26.52
boltz2,no_msa,6G10,boltz2,input_model_3,0.9,0.5033,0.1351,13.82,22.35,0.0,0.0,0.0,0.2087,1.55,1.14,21.82
boltz2,no_msa,6G10,boltz2,input_model_1,0.9,0.5027,0.1338,13.5,22.19,0.0,0.0,0.0,0.2076,1.31,1.36,25.7
boltz2,no_msa,6G10,boltz2,input_model_0,0.91,0.5037,0.1322,13.63,21.98,0.0,0.0,0.0,0.2065,1.49,1.43,26.21
boltz2,no_msa,6G10,boltz2,input_model_1,0.91,0.5037,0.1292,13.59,22.13,0.0,0.0,0.0,0.2041,1.49,1.36,26.26
boltz2,no_msa,6G10,boltz2,input_model_2,0.9,0.501,0.1265,13.93,22.64,0.0,0.0,0.0,0.2014,1.53,1.27,22.36
boltz2,no_msa,6G10,boltz2,input_model_3,0.89,0.4955,0.1246,13.9,22.71,0.0,0.0,0.0,0.1988,1.17,1.2,23.69
boltz2,no_msa,6G10,boltz2,input_model_4,0.9,0.5002,0.123,13.83,22.55,0.0,0.0,0.0,0.1984,1.62,1.25,25.43
boltz2,no_msa,6G10,boltz2,input_model_2,0.92,0.4953,0.1215,13.92,22.54,0.0,0.0,0.0,0.1963,1.46,1.26,25.28
boltz2,no_msa,6G10,boltz2,input_model_4,0.89,0.4935,0.1211,13.9,22.62,0.0,0.0,0.0,0.1956,1.41,1.16,24.33
boltz2,no_msa,6G10,boltz2,input_model_2,0.91,0.4975,0.1194,13.78,22.58,0.0,0.0,0.0,0.195,1.58,1.24,26.08
boltz2,no_msa,6G10,boltz2,input_model_3,0.89,0.4933,0.1203,14.07,22.82,0.0,0.0,0.0,0.1949,1.14,1.23,23.78
boltz2,no_msa,6G10,boltz2,input_model_4,0.89,0.4929,0.1191,14.02,22.87,0.0,0.0,0.0,0.1939,1.41,1.19,22.94
boltz2,no_msa,6G10,boltz2,input_model_4,0.89,0.495,0.1182,13.79,22.67,0.0,0.0,0.0,0.1936,1.53,1.38,25.52
boltz2,msa,6G10,boltz2_msa,input_model_0,0.97,0.9685,0.9594,1.74,2.18,0.9629,0.9515,0.9515,0.9612,1.23,0.98,1.49
boltz2,msa,6G10,boltz2_msa,input_model_0,0.97,0.9668,0.9572,1.8,2.26,0.9601,0.9478,0.9478,0.9591,1.22,1.0,1.47
boltz2,msa,6G10,boltz2_msa,input_model_1,0.97,0.9666,0.957,1.8,2.26,0.9599,0.9478,0.9478,0.9589,1.2,1.03,1.5
boltz2,msa,6G10,boltz2_msa,input_model_2,0.97,0.9664,0.9569,1.82,2.29,0.9595,0.9465,0.9465,0.9588,1.23,1.0,1.53
boltz2,msa,6G10,boltz2_msa,input_model_0,0.97,0.9662,0.9565,1.83,2.29,0.9591,0.9469,0.9469,0.9584,1.23,1.01,1.49
boltz2,msa,6G10,boltz2_msa,input_model_1,0.97,0.9658,0.956,1.85,2.32,0.9585,0.9451,0.9451,0.958,1.23,0.97,1.51
boltz2,msa,6G10,boltz2_msa,input_model_1,0.97,0.9656,0.9559,1.85,2.33,0.9583,0.9446,0.9446,0.9578,1.2,0.98,1.45
boltz2,msa,6G10,boltz2_msa,input_model_4,0.97,0.9652,0.9554,1.85,2.32,0.9579,0.9455,0.9455,0.9574,1.22,1.01,1.51
boltz2,msa,6G10,boltz2_msa,input_model_2,0.97,0.9652,0.9551,1.88,2.35,0.958,0.9451,0.9451,0.9571,1.22,0.96,1.45
boltz2,msa,6G10,boltz2_msa,input_model_2,0.97,0.9648,0.9548,1.85,2.32,0.9576,0.9451,0.9451,0.9568,1.2,0.95,1.49
boltz2,msa,6G10,boltz2_msa,input_model_3,0.97,0.9646,0.9546,1.87,2.35,0.9573,0.9436,0.9436,0.9566,1.23,0.97,1.52
boltz2,msa,6G10,boltz2_msa,input_model_4,0.97,0.9643,0.9543,1.9,2.39,0.9566,0.9429,0.9429,0.9563,1.21,1.0,1.49
boltz2,msa,6G10,boltz2_msa,input_model_3,0.97,0.9643,0.9542,1.88,2.37,0.9565,0.9428,0.9428,0.9562,1.24,0.95,1.51
boltz2,msa,6G10,boltz2_msa,input_model_0,0.97,0.9641,0.954,1.91,2.4,0.9562,0.9415,0.9415,0.956,1.23,1.0,1.52
boltz2,msa,6G10,boltz2_msa,input_model_1,0.97,0.9642,0.954,1.88,2.36,0.957,0.9436,0.9436,0.956,1.22,0.99,1.54
boltz2,msa,6G10,boltz2_msa,input_model_3,0.97,0.9639,0.9538,1.92,2.41,0.9558,0.9424,0.9424,0.9558,1.23,0.93,1.46
boltz2,msa,6G10,boltz2_msa,input_model_0,0.97,0.9639,0.9537,1.9,2.39,0.9557,0.9412,0.9412,0.9557,1.21,0.99,1.51
boltz2,msa,6G10,boltz2_msa,input_model_2,0.97,0.9638,0.9536,1.92,2.41,0.9555,0.9416,0.9416,0.9556,1.22,0.94,1.48
boltz2,msa,6G10,boltz2_msa,input_model_1,0.97,0.9632,0.953,1.93,2.42,0.9551,0.9412,0.9412,0.955,1.2,0.96,1.48
boltz2,msa,6G10,boltz2_msa,input_model_2,0.97,0.9625,0.952,1.95,2.45,0.9543,0.9394,0.9394,0.9541,1.2,0.98,1.44
boltz2,msa,6G10,boltz2_msa,input_model_3,0.97,0.9623,0.9515,1.97,2.47,0.9534,0.9395,0.9395,0.9537,1.19,0.92,1.49
boltz2,msa,6G10,boltz2_msa,input_model_4,0.97,0.9617,0.951,1.99,2.49,0.9527,0.9378,0.9378,0.9531,1.22,0.99,1.49
boltz2,msa,6G10,boltz2_msa,input_model_3,0.97,0.9611,0.9502,1.98,2.48,0.9523,0.9383,0.9383,0.9524,1.23,0.97,1.49
boltz2,msa,6G10,boltz2_msa,input_model_4,0.97,0.9611,0.9501,1.96,2.46,0.9522,0.9393,0.9393,0.9523,1.24,0.99,1.51
boltz2,msa,6G10,boltz2_msa,input_model_4,0.97,0.9583,0.9465,2.05,2.58,0.9481,0.9324,0.9324,0.9489,1.22,1.02,1.55
chai1,no_msa,6G10,chai1,pred.model_idx_0,95.06,0.8681,0.7174,0.0,0.0,0.0,0.0,0.0,0.7475,1.3,1.79,2.17
chai1,no_msa,6G10,chai1,pred.model_idx_0,94.85,0.8672,0.7171,0.0,0.0,0.0,0.0,0.0,0.7471,1.43,1.87,2.33
chai1,no_msa,6G10,chai1,pred.model_idx_1,94.79,0.8668,0.717,0.0,0.0,0.0,0.0,0.0,0.747,1.38,1.78,2.22
chai1,no_msa,6G10,chai1,pred.model_idx_3,94.8,0.8668,0.7171,0.0,0.0,0.0,0.0,0.0,0.747,1.42,1.79,2.17
chai1,no_msa,6G10,chai1,pred.model_idx_2,94.79,0.8667,0.7169,0.0,0.0,0.0,0.0,0.0,0.7469,1.37,1.82,2.23
chai1,no_msa,6G10,chai1,pred.model_idx_4,94.83,0.8667,0.7167,0.0,0.0,0.0,0.0,0.0,0.7467,1.4,1.77,2.14
chai1,no_msa,6G10,chai1,pred.model_idx_2,94.7,0.8658,0.7162,0.0,0.0,0.0,0.0,0.0,0.7461,1.43,1.86,2.29
chai1,no_msa,6G10,chai1,pred.model_idx_0,94.65,0.8654,0.7155,0.0,0.0,0.0,0.0,0.0,0.7455,1.43,1.78,2.2
chai1,no_msa,6G10,chai1,pred.model_idx_2,94.59,0.8654,0.7155,0.0,0.0,0.0,0.0,0.0,0.7455,1.39,1.8,2.24
chai1,no_msa,6G10,chai1,pred.model_idx_3,95.01,0.8671,0.7148,0.0,0.0,0.0,0.0,0.0,0.7453,1.34,1.86,2.31
chai1,no_msa,6G10,chai1,pred.model_idx_4,94.72,0.8661,0.7149,0.0,0.0,0.0,0.0,0.0,0.7451,1.39,1.77,2.2
chai1,no_msa,6G10,chai1,pred.model_idx_3,94.57,0.8647,0.7152,0.0,0.0,0.0,0.0,0.0,0.7451,1.36,1.83,2.19
chai1,no_msa,6G10,chai1,pred.model_idx_4,94.57,0.8647,0.715,0.0,0.0,0.0,0.0,0.0,0.7449,1.37,1.85,2.19
chai1,no_msa,6G10,chai1,pred.model_idx_1,94.57,0.8646,0.7145,0.0,0.0,0.0,0.0,0.0,0.7445,1.37,1.93,2.27
chai1,no_msa,6G10,chai1,pred.model_idx_1,94.71,0.8661,0.7139,0.0,0.0,0.0,0.0,0.0,0.7443,1.34,1.75,2.3
chai1,no_msa,6G10,chai1,pred.model_idx_3,94.49,0.8608,0.7151,0.0,0.0,0.0,0.0,0.0,0.7442,1.41,1.7,2.14
chai1,no_msa,6G10,chai1,pred.model_idx_1,94.5,0.861,0.7147,0.0,0.0,0.0,0.0,0.0,0.744,1.41,1.77,2.11
chai1,no_msa,6G10,chai1,pred.model_idx_2,94.56,0.8625,0.7143,0.0,0.0,0.0,0.0,0.0,0.7439,1.39,1.76,2.27
chai1,no_msa,6G10,chai1,pred.model_idx_0,94.45,0.8607,0.7141,0.0,0.0,0.0,0.0,0.0,0.7434,1.35,1.67,2.02
chai1,no_msa,6G10,chai1,pred.model_idx_1,94.57,0.8622,0.7133,0.0,0.0,0.0,0.0,0.0,0.7431,1.38,1.85,2.27
chai1,no_msa,6G10,chai1,pred.model_idx_4,94.52,0.8622,0.713,0.0,0.0,0.0,0.0,0.0,0.7428,1.35,1.8,2.17
chai1,no_msa,6G10,chai1,pred.model_idx_2,94.48,0.8606,0.7133,0.0,0.0,0.0,0.0,0.0,0.7428,1.37,1.74,2.26
chai1,no_msa,6G10,chai1,pred.model_idx_4,94.45,0.8607,0.713,0.0,0.0,0.0,0.0,0.0,0.7425,1.37,1.77,2.1
chai1,no_msa,6G10,chai1,pred.model_idx_0,94.5,0.8617,0.7123,0.0,0.0,0.0,0.0,0.0,0.7422,1.35,1.75,2.15
chai1,no_msa,6G10,chai1,pred.model_idx_3,94.56,0.8622,0.7102,0.0,0.0,0.0,0.0,0.0,0.7406,1.4,1.79,2.32
colabfold,msa,6G10,colabfold,complex_unrelaxed_rank_001_alphafold2_multimer_v3_model_3_seed_003,90.81,0.82,0.76,4.35,5.66,0.606,0.6602,0.606,0.772,1.33,1.09,28.73
colabfold,msa,6G10,colabfold,complex_unrelaxed_rank_002_alphafold2_multimer_v3_model_4_seed_000,90.19,0.81,0.75,4.4,5.72,0.6267,0.6525,0.6267,0.762,1.22,0.98,2.16
colabfold,msa,6G10,colabfold,complex_unrelaxed_rank_003_alphafold2_multimer_v3_model_2_seed_004,90.41,0.8,0.71,4.79,6.63,0.5378,0.5749,0.5378,0.728,1.15,1.07,1.77
colabfold,msa,6G10,colabfold,complex_unrelaxed_rank_004_alphafold2_multimer_v3_model_1_seed_000,89.21,0.79,0.68,5.08,7.09,0.4656,0.5161,0.4656,0.702,1.19,0.89,1.75
colabfold,msa,6G10,colabfold,complex_unrelaxed_rank_005_alphafold2_multimer_v3_model_1_seed_001,89.1,0.79,0.67,5.15,7.22,0.4615,0.4977,0.4615,0.694,1.2,0.88,1.88
colabfold,msa,6G10,colabfold,complex_unrelaxed_rank_006_alphafold2_multimer_v3_model_3_seed_002,86.5,0.72,0.66,6.05,8.63,0.3345,0.4153,0.3345,0.672,1.4,1.58,38.44
colabfold,msa,6G10,colabfold,complex_unrelaxed_rank_007_alphafold2_multimer_v3_model_1_seed_003,84.56,0.68,0.48,7.47,11.73,0.0719,0.2174,0.0719,0.52,1.32,0.91,28.82
colabfold,msa,6G10,colabfold,complex_unrelaxed_rank_008_alphafold2_multimer_v3_model_3_seed_004,84.47,0.66,0.39,7.92,12.82,0.0622,0.1388,0.0622,0.444,1.34,1.22,35.48
colabfold,msa,6G10,colabfold,complex_unrelaxed_rank_009_alphafold2_multimer_v3_model_3_seed_000,84.37,0.66,0.39,7.89,12.74,0.0727,0.1684,0.0727,0.444,1.39,1.28,36.2
colabfold,msa,6G10,colabfold,complex_unrelaxed_rank_010_alphafold2_multimer_v3_model_3_seed_001,83.79,0.64,0.35,8.44,13.84,0.0347,0.0921,0.0347,0.408,1.34,1.25,36.18
colabfold,msa,6G10,colabfold,complex_unrelaxed_rank_011_alphafold2_multimer_v3_model_5_seed_001,80.32,0.59,0.27,9.7,16.26,0.0027,0.0443,0.0027,0.334,1.37,1.14,32.89
colabfold,msa,6G10,colabfold,complex_unrelaxed_rank_012_alphafold2_multimer_v3_model_5_seed_002,79.83,0.56,0.21,10.52,17.95,0.0,0.0193,0.0,0.28,1.38,1.05,32.45
colabfold,msa,6G10,colabfold,complex_unrelaxed_rank_013_alphafold2_multimer_v3_model_2_seed_003,81.38,0.56,0.2,10.53,18.02,0.0,0.0265,0.0,0.272,1.31,1.14,26.46
colabfold,msa,6G10,colabfold,complex_unrelaxed_rank_014_alphafold2_multimer_v3_model_4_seed_001,79.78,0.56,0.19,10.64,18.19,0.0,0.0204,0.0,0.264,1.38,1.15,30.77
colabfold,msa,6G10,colabfold,complex_unrelaxed_rank_015_alphafold2_multimer_v3_model_2_seed_002,80.71,0.56,0.19,10.72,18.36,0.0,0.025,0.0,0.264,1.39,1.21,22.23
colabfold,msa,6G10,colabfold,complex_unrelaxed_rank_016_alphafold2_multimer_v3_model_4_seed_002,79.84,0.55,0.18,11.02,18.95,0.0,0.0149,0.0,0.254,1.35,1.14,30.09
colabfold,msa,6G10,colabfold,complex_unrelaxed_rank_017_alphafold2_multimer_v3_model_4_seed_003,78.95,0.55,0.18,11.06,18.97,0.0,0.0224,0.0,0.254,1.44,0.98,19.15
colabfold,msa,6G10,colabfold,complex_unrelaxed_rank_018_alphafold2_multimer_v3_model_1_seed_004,79.29,0.55,0.17,11.15,19.27,0.0,0.0153,0.0,0.246,1.46,1.03,19.67
colabfold,msa,6G10,colabfold,complex_unrelaxed_rank_019_alphafold2_multimer_v3_model_2_seed_000,80.67,0.55,0.17,11.37,19.69,0.0,0.0206,0.0,0.246,1.4,1.01,18.89
colabfold,msa,6G10,colabfold,complex_unrelaxed_rank_020_alphafold2_multimer_v3_model_1_seed_002,77.19,0.55,0.17,11.46,19.89,0.0,0.0147,0.0,0.246,1.5,1.09,20.29
colabfold,msa,6G10,colabfold,complex_unrelaxed_rank_021_alphafold2_multimer_v3_model_2_seed_001,80.61,0.55,0.17,11.39,19.77,0.0,0.0178,0.0,0.246,1.44,1.28,20.63
colabfold,msa,6G10,colabfold,complex_unrelaxed_rank_022_alphafold2_multimer_v3_model_4_seed_004,78.38,0.55,0.16,11.33,19.62,0.0,0.0186,0.0,0.238,1.53,1.19,9.94
colabfold,msa,6G10,colabfold,complex_unrelaxed_rank_023_alphafold2_multimer_v3_model_5_seed_000,77.18,0.54,0.15,11.8,20.46,0.0,0.0081,0.0,0.228,1.47,1.03,21.61
colabfold,msa,6G10,colabfold,complex_unrelaxed_rank_024_alphafold2_multimer_v3_model_5_seed_003,77.31,0.54,0.15,11.87,20.59,0.0,0.0082,0.0,0.228,1.42,1.22,20.27
colabfold,msa,6G10,colabfold,complex_unrelaxed_rank_025_alphafold2_multimer_v3_model_5_seed_004,76.55,0.53,0.14,12.14,21.08,0.0,0.0027,0.0,0.218,1.43,1.22,19.39
colabfold,no_msa,6G10,colabfold_nomsa,complex_unrelaxed_rank_001_alphafold2_multimer_v3_model_1_seed_003,38.38,0.3,0.19,18.05,20.75,0.0162,0.0271,0.0162,0.212,9.28,15.34,34.43
colabfold,no_msa,6G10,colabfold_nomsa,complex_unrelaxed_rank_002_alphafold2_multimer_v3_model_1_seed_002,37.77,0.32,0.18,18.28,21.06,0.0053,0.0104,0.0053,0.208,9.74,15.09,26.95
colabfold,no_msa,6G10,colabfold_nomsa,complex_unrelaxed_rank_003_alphafold2_multimer_v3_model_4_seed_001,39.46,0.3,0.16,18.15,20.89,0.0035,0.0081,0.0035,0.188,5.61,16.86,34.92
colabfold,no_msa,6G10,colabfold_nomsa,complex_unrelaxed_rank_004_alphafold2_multimer_v3_model_4_seed_000,36.56,0.27,0.16,18.91,21.61,0.0039,0.0071,0.0039,0.182,9.86,16.07,35.14
colabfold,no_msa,6G10,colabfold_nomsa,complex_unrelaxed_rank_005_alphafold2_multimer_v3_model_3_seed_001,40.57,0.27,0.15,18.25,22.2,0.0,0.0,0.0,0.174,4.22,14.18,29.38
colabfold,no_msa,6G10,colabfold_nomsa,complex_unrelaxed_rank_006_alphafold2_multimer_v3_model_2_seed_001,32.83,0.22,0.15,20.0,22.68,0.0026,0.0,0.0,0.164,11.44,16.26,36.32
colabfold,no_msa,6G10,colabfold_nomsa,complex_unrelaxed_rank_015_alphafold2_multimer_v3_model_5_seed_002,53.52,0.42,0.1,17.29,24.58,0.0,0.0,0.0,0.164,1.38,8.98,36.1
colabfold,no_msa,6G10,colabfold_nomsa,complex_unrelaxed_rank_007_alphafold2_multimer_v3_model_1_seed_004,33.9,0.24,0.13,19.78,22.88,0.0,0.0,0.0,0.152,12.71,15.35,37.19
colabfold,no_msa,6G10,colabfold_nomsa,complex_unrelaxed_rank_008_alphafold2_multimer_v3_model_1_seed_000,35.74,0.27,0.12,19.33,22.77,0.0,0.0027,0.0,0.15,9.9,15.47,33.39
colabfold,no_msa,6G10,colabfold_nomsa,complex_unrelaxed_rank_020_alphafold2_multimer_v3_model_5_seed_004,54.45,0.42,0.08,17.1,24.48,0.0,0.0,0.0,0.148,1.38,7.06,32.09
colabfold,no_msa,6G10,colabfold_nomsa,complex_unrelaxed_rank_009_alphafold2_multimer_v3_model_3_seed_003,35.44,0.23,0.12,19.35,22.85,0.0,0.0,0.0,0.142,5.32,15.75,40.14
colabfold,no_msa,6G10,colabfold_nomsa,complex_unrelaxed_rank_024_alphafold2_multimer_v3_model_2_seed_002,49.16,0.42,0.07,18.53,25.34,0.0,0.0,0.0,0.14,1.32,6.96,27.94
colabfold,no_msa,6G10,colabfold_nomsa,complex_unrelaxed_rank_025_alphafold2_multimer_v3_model_2_seed_000,49.43,0.42,0.07,18.72,25.46,0.0,0.0,0.0,0.14,1.35,14.47,27.0
colabfold,no_msa,6G10,colabfold_nomsa,complex_unrelaxed_rank_011_alphafold2_multimer_v3_model_4_seed_004,36.53,0.25,0.11,19.63,23.47,0.0,0.0,0.0,0.138,5.98,15.39,39.46
colabfold,no_msa,6G10,colabfold_nomsa,complex_unrelaxed_rank_023_alphafold2_multimer_v3_model_2_seed_004,48.65,0.41,0.07,18.51,25.16,0.0,0.0,0.0,0.138,1.36,7.2,30.73
colabfold,no_msa,6G10,colabfold_nomsa,complex_unrelaxed_rank_010_alphafold2_multimer_v3_model_4_seed_003,35.44,0.24,0.11,19.76,23.53,0.0,0.0,0.0,0.136,6.27,15.34,41.54
colabfold,no_msa,6G10,colabfold_nomsa,complex_unrelaxed_rank_019_alphafold2_multimer_v3_model_5_seed_000,45.63,0.34,0.08,18.43,24.7,0.0,0.0,0.0,0.132,2.55,10.88,35.55
colabfold,no_msa,6G10,colabfold_nomsa,complex_unrelaxed_rank_012_alphafold2_multimer_v3_model_4_seed_002,36.36,0.24,0.1,19.45,23.33,0.0,0.0,0.0,0.128,5.54,10.93,35.38
colabfold,no_msa,6G10,colabfold_nomsa,complex_unrelaxed_rank_018_alphafold2_multimer_v3_model_5_seed_001,38.93,0.24,0.1,19.38,24.54,0.0,0.0,0.0,0.128,3.1,14.07,28.58
colabfold,no_msa,6G10,colabfold_nomsa,complex_unrelaxed_rank_013_alphafold2_multimer_v3_model_3_seed_002,33.55,0.22,0.1,20.14,23.58,0.0,0.0,0.0,0.124,5.14,14.56,36.95
colabfold,no_msa,6G10,colabfold_nomsa,complex_unrelaxed_rank_014_alphafold2_multimer_v3_model_3_seed_004,32.89,0.22,0.1,20.17,23.48,0.0,0.0,0.0,0.124,6.36,15.5,32.89
colabfold,no_msa,6G10,colabfold_nomsa,complex_unrelaxed_rank_016_alphafold2_multimer_v3_model_1_seed_001,33.84,0.21,0.1,20.09,23.75,0.0,0.0,0.0,0.122,9.23,15.93,36.02
colabfold,no_msa,6G10,colabfold_nomsa,complex_unrelaxed_rank_021_alphafold2_multimer_v3_model_3_seed_000,45.33,0.29,0.08,18.2,24.4,0.0,0.0,0.0,0.122,2.76,7.71,23.69
colabfold,no_msa,6G10,colabfold_nomsa,complex_unrelaxed_rank_022_alphafold2_multimer_v3_model_5_seed_003,42.65,0.29,0.08,19.18,25.16,0.0,0.0,0.0,0.122,2.84,10.83,17.78
colabfold,no_msa,6G10,colabfold_nomsa,complex_unrelaxed_rank_017_alphafold2_multimer_v3_model_2_seed_003,30.77,0.19,0.1,21.17,24.66,0.0,0.0,0.0,0.118,13.87,13.43,38.06
esmfold2,no_msa,6G10,esmfold2,output_esmfold2_pred,87.28,0.8567,0.8063,4.32,5.72,0.6639,0.6395,0.6395,0.8164,0.94,0.8,1.24
esmfold2,no_msa,6G10,esmfold2,output_seed123_esmfold2_pred,86.19,0.8389,0.7741,4.64,6.21,0.6051,0.5864,0.5864,0.7871,0.9,1.05,1.52
esmfold2,no_msa,6G10,esmfold2,output_seed1024_esmfold2_pred,86.13,0.8354,0.7685,4.67,6.25,0.6046,0.5797,0.5797,0.7819,0.89,1.05,1.46
esmfold2,no_msa,6G10,esmfold2,output_seed789_esmfold2_pred,86.03,0.8328,0.769,4.72,6.33,0.5878,0.5713,0.5713,0.7818,0.92,0.9,1.55
esmfold2,no_msa,6G10,esmfold2,output_seed456_esmfold2_pred,85.83,0.8315,0.7674,4.77,6.38,0.5868,0.5734,0.5734,0.7802,0.87,0.8,1.47
af2m,msa,6G11,af2m,ranked_0,95.18,0.8829,0.8369,3.17,3.97,0.8029,0.7813,0.7813,0.8461,1.2,0.31,0.63
af2m,msa,6G11,af2m,ranked_1,82.19,0.5711,0.1818,10.54,18.43,0.0,0.0139,0.0,0.2597,1.47,0.34,20.3
af2m,msa,6G11,af2m,ranked_2,82.15,0.5678,0.1751,10.95,19.27,0.0,0.0107,0.0,0.2536,1.43,0.34,20.33
af2m,msa,6G11,af2m,ranked_3,81.86,0.566,0.1727,10.98,19.29,0.0,0.0107,0.0,0.2514,1.46,0.34,20.09
af2m,msa,6G11,af2m,ranked_4,82.16,0.5628,0.1642,11.03,19.41,0.0,0.0081,0.0,0.2439,1.48,0.34,20.01
af2m,msa,6G11,af2m,ranked_5,83.26,0.5616,0.158,11.52,20.29,0.0,0.0027,0.0,0.2387,1.32,0.34,20.41
af2m,msa,6G11,af2m,ranked_6,81.47,0.5591,0.1546,11.16,19.66,0.0,0.0108,0.0,0.2355,1.5,0.34,16.7
af2m,msa,6G11,af2m,ranked_7,81.59,0.5485,0.1422,11.78,20.57,0.0,0.0,0.0,0.2235,1.28,0.37,39.07
af2m,msa,6G11,af2m,ranked_8,82.61,0.553,0.1363,11.99,21.22,0.0,0.0,0.0,0.2196,1.33,0.34,19.91
af2m,msa,6G11,af2m,ranked_9,82.49,0.5521,0.1363,11.99,21.19,0.0,0.0,0.0,0.2195,1.32,0.34,20.24
af2m,msa,6G11,af2m,ranked_10,81.99,0.5512,0.1345,12.03,21.22,0.0,0.0,0.0,0.2178,1.31,0.35,19.79
af2m,msa,6G11,af2m,ranked_11,78.69,0.5479,0.1335,12.14,21.44,0.0,0.0,0.0,0.2164,1.19,0.37,27.56
af2m,msa,6G11,af2m,ranked_12,81.35,0.5405,0.1296,12.3,21.56,0.0,0.0,0.0,0.2118,1.26,0.38,34.81
af2m,msa,6G11,af2m,ranked_13,81.61,0.5477,0.1259,12.28,21.73,0.0,0.0,0.0,0.2103,1.33,0.36,20.11
af2m,msa,6G11,af2m,ranked_14,81.2,0.5392,0.1245,12.32,21.65,0.0,0.0,0.0,0.2074,1.28,0.39,35.55
af2m,msa,6G11,af2m,ranked_15,78.93,0.5424,0.1222,12.42,22.03,0.0,0.0,0.0,0.2062,1.23,0.39,23.27
af2m,msa,6G11,af2m,ranked_16,81.76,0.5361,0.1206,12.41,21.82,0.0,0.0,0.0,0.2037,1.28,0.39,40.43
af2m,msa,6G11,af2m,ranked_17,78.35,0.5378,0.1098,12.6,22.37,0.0,0.0,0.0,0.1954,1.48,0.39,19.17
af2m,msa,6G11,af2m,ranked_18,79.06,0.5355,0.1095,12.66,22.48,0.0,0.0,0.0,0.1947,1.2,0.43,31.3
af2m,msa,6G11,af2m,ranked_19,77.27,0.5133,0.0831,13.52,23.88,0.0,0.0,0.0,0.1691,1.24,0.44,27.93
af2m,msa,6G11,af2m,ranked_20,78.33,0.5214,0.0755,13.3,23.78,0.0,0.0,0.0,0.1647,1.2,0.45,32.17
af2m,msa,6G11,af2m,ranked_21,77.68,0.5115,0.0738,13.77,24.47,0.0,0.0,0.0,0.1613,1.29,0.44,28.14
af2m,msa,6G11,af2m,ranked_22,77.04,0.5,0.0691,13.85,24.45,0.0,0.0,0.0,0.1553,1.25,0.53,31.28
af2m,msa,6G11,af2m,ranked_23,76.03,0.5022,0.0658,13.83,24.45,0.0,0.0,0.0,0.1531,1.33,0.64,21.68
af2m,msa,6G11,af2m,ranked_24,77.65,0.5025,0.0651,14.03,24.84,0.0,0.0,0.0,0.1526,1.28,0.49,29.78
af3,msa,6G11,af3,seed-123_sample-4,93.97,0.91,0.88,2.71,3.26,0.8683,0.853,0.853,0.886,1.13,0.32,1.24
af3,msa,6G11,af3,seed-42_sample-4,93.69,0.91,0.88,2.8,3.35,0.8696,0.8432,0.8432,0.886,1.18,0.27,1.18
af3,msa,6G11,af3,seed-123_sample-3,93.42,0.9,0.88,2.88,3.47,0.8612,0.8331,0.8331,0.884,1.14,0.34,0.88
af3,msa,6G11,af3,seed-456_sample-0,93.24,0.91,0.87,2.92,3.51,0.8546,0.8368,0.8368,0.878,1.1,0.32,0.76
af3,msa,6G11,af3,seed-1024_sample-0,93.4,0.9,0.87,2.94,3.55,0.8549,0.8288,0.8288,0.876,1.14,0.28,0.71
af3,msa,6G11,af3,seed-1024_sample-1,93.34,0.9,0.87,2.94,3.55,0.8519,0.8299,0.8299,0.876,1.26,0.31,0.63
af3,msa,6G11,af3,seed-1024_sample-2,93.11,0.9,0.87,2.99,3.61,0.853,0.8261,0.8261,0.876,1.25,0.31,0.65
af3,msa,6G11,af3,seed-1024_sample-4,93.28,0.9,0.87,2.94,3.56,0.8496,0.8336,0.8336,0.876,1.17,0.32,0.75
af3,msa,6G11,af3,seed-123_sample-1,93.08,0.9,0.87,3.02,3.65,0.8473,0.8227,0.8227,0.876,1.17,0.28,0.56
af3,msa,6G11,af3,seed-42_sample-0,93.16,0.9,0.87,2.99,3.6,0.8504,0.8253,0.8253,0.876,1.21,0.34,0.69
af3,msa,6G11,af3,seed-42_sample-1,92.97,0.9,0.87,2.98,3.58,0.8538,0.8274,0.8274,0.876,1.22,0.33,0.62
af3,msa,6G11,af3,seed-42_sample-2,93.13,0.9,0.87,2.95,3.56,0.8571,0.8283,0.8283,0.876,1.16,0.32,0.61
af3,msa,6G11,af3,seed-42_sample-3,93.11,0.9,0.87,3.01,3.64,0.8496,0.8286,0.8286,0.876,1.24,0.3,0.74
af3,msa,6G11,af3,seed-456_sample-2,93.27,0.9,0.87,3.01,3.67,0.8401,0.8198,0.8198,0.876,1.17,0.36,0.6
af3,msa,6G11,af3,seed-456_sample-3,93.15,0.9,0.87,2.98,3.59,0.851,0.8283,0.8283,0.876,1.18,0.3,0.75
af3,msa,6G11,af3,seed-456_sample-4,93.15,0.9,0.87,3.01,3.64,0.8427,0.8254,0.8254,0.876,1.17,0.35,1.11
af3,msa,6G11,af3,seed-789_sample-0,93.26,0.9,0.87,2.93,3.54,0.8496,0.832,0.832,0.876,1.06,0.33,0.91
af3,msa,6G11,af3,seed-789_sample-1,93.1,0.9,0.87,2.97,3.58,0.848,0.8303,0.8303,0.876,1.14,0.29,0.7
af3,msa,6G11,af3,seed-789_sample-2,92.97,0.9,0.87,3.03,3.66,0.8449,0.8235,0.8235,0.876,1.19,0.31,0.8
af3,msa,6G11,af3,seed-789_sample-3,93.08,0.9,0.87,2.98,3.59,0.8471,0.8311,0.8311,0.876,1.14,0.29,0.82
af3,msa,6G11,af3,seed-789_sample-4,93.02,0.9,0.87,3.01,3.62,0.8492,0.8276,0.8276,0.876,1.23,0.31,0.65
af3,msa,6G11,af3,seed-1024_sample-3,93.14,0.9,0.86,3.0,3.63,0.8414,0.8197,0.8197,0.868,1.14,0.32,0.71
af3,msa,6G11,af3,seed-123_sample-0,93.02,0.9,0.86,3.06,3.73,0.8287,0.8192,0.8192,0.868,1.16,0.32,0.77
af3,msa,6G11,af3,seed-123_sample-2,93.02,0.9,0.86,3.04,3.68,0.8379,0.8194,0.8194,0.868,1.21,0.32,0.95
af3,msa,6G11,af3,seed-456_sample-1,93.05,0.9,0.86,3.02,3.65,0.8395,0.8231,0.8231,0.868,1.15,0.27,0.49
af3,no_msa,6G11,af3_nomsa,seed-123_sample-1,89.5,0.86,0.78,4.28,5.32,0.6976,0.7049,0.6976,0.796,3.69,0.34,5.83
af3,no_msa,6G11,af3_nomsa,seed-789_sample-0,87.45,0.85,0.78,3.89,4.89,0.7384,0.6993,0.6993,0.794,1.17,0.33,1.06
af3,no_msa,6G11,af3_nomsa,seed-123_sample-2,88.45,0.85,0.76,4.62,5.8,0.6585,0.6671,0.6585,0.778,3.47,0.33,6.78
af3,no_msa,6G11,af3_nomsa,seed-123_sample-3,88.54,0.85,0.76,4.59,5.8,0.6306,0.6567,0.6306,0.778,3.59,0.33,6.21
af3,no_msa,6G11,af3_nomsa,seed-123_sample-4,88.55,0.84,0.76,4.7,5.94,0.6291,0.6525,0.6291,0.776,3.51,0.28,6.78
af3,no_msa,6G11,af3_nomsa,seed-123_sample-0,88.37,0.84,0.74,4.84,6.2,0.567,0.6176,0.567,0.76,3.49,0.3,6.26
af3,no_msa,6G11,af3_nomsa,seed-42_sample-2,86.22,0.77,0.69,4.95,6.91,0.5412,0.4479,0.4479,0.706,2.9,0.47,4.15
af3,no_msa,6G11,af3_nomsa,seed-1024_sample-3,85.08,0.8,0.68,4.88,6.46,0.5537,0.5296,0.5296,0.704,3.01,0.71,3.88
af3,no_msa,6G11,af3_nomsa,seed-1024_sample-2,85.93,0.78,0.68,5.01,6.85,0.515,0.4782,0.4782,0.7,2.92,0.4,2.35
af3,no_msa,6G11,af3_nomsa,seed-42_sample-1,85.63,0.76,0.68,5.22,7.36,0.5024,0.4247,0.4247,0.696,2.94,0.43,3.28
af3,no_msa,6G11,af3_nomsa,seed-789_sample-2,86.77,0.78,0.67,4.92,6.82,0.5031,0.4561,0.4561,0.692,2.9,0.63,3.52
af3,no_msa,6G11,af3_nomsa,seed-1024_sample-4,85.74,0.78,0.66,4.95,6.68,0.4964,0.4819,0.4819,0.684,2.89,0.97,4.41
af3,no_msa,6G11,af3_nomsa,seed-789_sample-3,85.65,0.78,0.66,5.08,6.99,0.4892,0.4504,0.4504,0.684,3.02,0.53,3.07
af3,no_msa,6G11,af3_nomsa,seed-789_sample-1,85.59,0.78,0.65,4.95,6.74,0.4896,0.4713,0.4713,0.676,3.01,0.83,3.75
af3,no_msa,6G11,af3_nomsa,seed-42_sample-0,84.13,0.75,0.65,5.36,7.47,0.4687,0.3981,0.3981,0.67,3.15,1.0,4.14
af3,no_msa,6G11,af3_nomsa,seed-1024_sample-0,85.33,0.76,0.61,5.4,7.61,0.398,0.3911,0.3911,0.64,2.91,0.74,3.27
af3,no_msa,6G11,af3_nomsa,seed-789_sample-4,83.8,0.75,0.61,5.8,8.19,0.4093,0.3728,0.3728,0.638,2.99,0.4,1.4
af3,no_msa,6G11,af3_nomsa,seed-1024_sample-1,83.72,0.73,0.57,6.08,8.74,0.3503,0.3227,0.3227,0.602,3.05,0.83,4.83
af3,no_msa,6G11,af3_nomsa,seed-42_sample-4,82.68,0.71,0.57,6.44,9.41,0.3375,0.2732,0.2732,0.598,3.07,0.93,5.29
af3,no_msa,6G11,af3_nomsa,seed-42_sample-3,82.24,0.7,0.55,6.55,9.63,0.3238,0.2637,0.2637,0.58,3.1,0.96,5.17
af3,no_msa,6G11,af3_nomsa,seed-456_sample-4,82.31,0.69,0.47,6.7,9.97,0.2112,0.2275,0.2112,0.514,3.03,0.81,3.86
af3,no_msa,6G11,af3_nomsa,seed-456_sample-3,82.21,0.68,0.46,7.05,10.66,0.1667,0.1879,0.1667,0.504,2.99,0.68,2.44
af3,no_msa,6G11,af3_nomsa,seed-456_sample-1,82.0,0.67,0.45,7.15,10.82,0.1555,0.1835,0.1555,0.494,2.96,0.38,1.66
af3,no_msa,6G11,af3_nomsa,seed-456_sample-2,82.0,0.67,0.42,7.34,11.31,0.0981,0.1478,0.0981,0.47,2.91,0.36,1.69
af3,no_msa,6G11,af3_nomsa,seed-456_sample-0,79.32,0.64,0.34,8.21,12.57,0.0812,0.1089,0.0812,0.4,3.23,0.89,3.17
boltz1,no_msa,6G11,boltz1,input_model_0,0.83,0.7136,0.4358,6.9,11.36,0.0282,0.2029,0.0282,0.4914,3.09,0.66,4.76
boltz1,no_msa,6G11,boltz1,input_model_1,0.82,0.7122,0.4339,6.95,11.5,0.0201,0.1848,0.0201,0.4896,3.12,0.65,5.87
boltz1,no_msa,6G11,boltz1,input_model_0,0.83,0.7112,0.4311,6.6,10.82,0.0715,0.2237,0.0715,0.4871,3.09,0.64,3.59
boltz1,no_msa,6G11,boltz1,input_model_3,0.82,0.7093,0.4268,6.86,11.32,0.036,0.1983,0.036,0.4833,3.09,0.67,3.78
boltz1,no_msa,6G11,boltz1,input_model_1,0.83,0.7078,0.4238,6.55,10.72,0.0775,0.2315,0.0775,0.4806,3.03,0.68,3.4
boltz1,no_msa,6G11,boltz1,input_model_0,0.83,0.7066,0.4225,6.92,11.47,0.0356,0.1958,0.0356,0.4793,3.07,0.67,3.54
boltz1,no_msa,6G11,boltz1,input_model_2,0.83,0.7057,0.4205,6.69,10.99,0.0625,0.2251,0.0625,0.4775,3.07,0.68,3.14
boltz1,no_msa,6G11,boltz1,input_model_1,0.83,0.7051,0.4198,7.1,11.77,0.0231,0.1879,0.0231,0.4769,3.08,0.66,3.82
boltz1,no_msa,6G11,boltz1,input_model_0,0.83,0.7051,0.418,6.8,11.21,0.0414,0.2005,0.0414,0.4754,3.01,0.67,4.16
boltz1,no_msa,6G11,boltz1,input_model_1,0.82,0.7044,0.4161,6.93,11.44,0.0331,0.1864,0.0331,0.4738,3.05,0.65,4.58
boltz1,no_msa,6G11,boltz1,input_model_0,0.83,0.7005,0.4087,7.07,11.75,0.0313,0.1867,0.0313,0.4671,3.11,0.71,3.69
boltz1,no_msa,6G11,boltz1,input_model_2,0.82,0.6961,0.4018,7.03,11.61,0.0379,0.2051,0.0379,0.4607,2.97,0.63,3.07
boltz1,no_msa,6G11,boltz1,input_model_1,0.83,0.6947,0.3984,6.95,11.52,0.0424,0.2029,0.0424,0.4577,3.01,0.68,3.31
boltz1,no_msa,6G11,boltz1,input_model_2,0.83,0.6941,0.3969,6.94,11.49,0.0447,0.2038,0.0447,0.4563,3.0,0.69,3.26
boltz1,no_msa,6G11,boltz1,input_model_2,0.82,0.6943,0.3967,6.92,11.51,0.0526,0.2142,0.0526,0.4562,2.96,0.71,4.13
boltz1,no_msa,6G11,boltz1,input_model_2,0.82,0.6935,0.3951,7.07,11.74,0.0385,0.2039,0.0385,0.4548,2.98,0.66,3.28
boltz1,no_msa,6G11,boltz1,input_model_3,0.83,0.6877,0.383,7.33,12.23,0.014,0.1539,0.014,0.4439,3.01,0.7,3.93
boltz1,no_msa,6G11,boltz1,input_model_4,0.82,0.6845,0.3761,7.17,11.98,0.0354,0.1795,0.0354,0.4378,2.97,0.72,3.57
boltz1,no_msa,6G11,boltz1,input_model_3,0.83,0.6841,0.3751,7.18,11.99,0.0331,0.1891,0.0331,0.4369,2.98,0.72,3.63
boltz1,no_msa,6G11,boltz1,input_model_4,0.82,0.6802,0.3669,7.4,12.38,0.0259,0.1649,0.0259,0.4296,2.94,0.71,3.37
boltz1,no_msa,6G11,boltz1,input_model_3,0.82,0.6744,0.3551,7.45,12.47,0.0228,0.1655,0.0228,0.419,2.91,0.72,4.02
boltz1,no_msa,6G11,boltz1,input_model_3,0.82,0.6614,0.3335,7.93,13.45,0.0086,0.1474,0.0086,0.3991,2.9,0.85,5.86
boltz1,no_msa,6G11,boltz1,input_model_4,0.82,0.6608,0.3304,7.95,13.47,0.0084,0.1466,0.0084,0.3965,2.93,0.77,5.23
boltz1,no_msa,6G11,boltz1,input_model_4,0.82,0.6598,0.328,8.04,13.65,0.0088,0.136,0.0088,0.3944,2.96,0.84,5.1
boltz1,no_msa,6G11,boltz1,input_model_4,0.82,0.6527,0.313,8.23,14.01,0.003,0.1085,0.003,0.3809,2.91,0.77,4.76
boltz1,msa,6G11,boltz1_msa,input_model_0,0.92,0.9188,0.8949,3.06,3.77,0.8886,0.8488,0.8488,0.8997,1.08,0.54,2.01
boltz1,msa,6G11,boltz1_msa,input_model_0,0.92,0.917,0.8923,3.0,3.73,0.8859,0.848,0.848,0.8972,1.08,0.59,1.85
boltz1,msa,6G11,boltz1_msa,input_model_1,0.92,0.9153,0.8914,3.06,3.78,0.8856,0.845,0.845,0.8962,1.03,0.55,2.05
boltz1,msa,6G11,boltz1_msa,input_model_0,0.92,0.9148,0.8908,3.12,3.86,0.8827,0.8419,0.8419,0.8956,1.07,0.54,2.03
boltz1,msa,6G11,boltz1_msa,input_model_1,0.92,0.9101,0.8898,3.33,4.1,0.8806,0.83,0.83,0.8939,0.88,0.55,2.16
boltz1,msa,6G11,boltz1_msa,input_model_1,0.91,0.9085,0.8886,3.44,4.24,0.8772,0.8236,0.8236,0.8926,0.87,0.57,1.86
boltz1,msa,6G11,boltz1_msa,input_model_0,0.92,0.9096,0.8868,3.25,4.03,0.8762,0.8299,0.8299,0.8914,0.95,0.59,1.94
boltz1,msa,6G11,boltz1_msa,input_model_0,0.92,0.9106,0.8859,3.21,4.01,0.8738,0.8271,0.8271,0.8908,1.27,0.57,1.65
boltz1,msa,6G11,boltz1_msa,input_model_2,0.92,0.9085,0.8859,3.32,4.09,0.8753,0.8288,0.8288,0.8904,0.92,0.58,1.87
boltz1,msa,6G11,boltz1_msa,input_model_2,0.91,0.9061,0.8849,3.43,4.23,0.8705,0.8225,0.8225,0.8891,0.93,0.58,2.64
boltz1,msa,6G11,boltz1_msa,input_model_3,0.92,0.9069,0.8815,3.35,4.16,0.8673,0.8168,0.8168,0.8866,1.11,0.48,2.14
boltz1,msa,6G11,boltz1_msa,input_model_2,0.92,0.9049,0.8817,3.36,4.15,0.8687,0.8214,0.8214,0.8863,0.91,0.55,1.8
boltz1,msa,6G11,boltz1_msa,input_model_4,0.91,0.9043,0.8818,3.45,4.27,0.8653,0.8178,0.8178,0.8863,0.99,0.59,2.49
boltz1,msa,6G11,boltz1_msa,input_model_1,0.92,0.9041,0.8811,3.34,4.14,0.8662,0.8227,0.8227,0.8857,0.9,0.61,1.79
boltz1,msa,6G11,boltz1_msa,input_model_3,0.92,0.9033,0.8801,3.39,4.2,0.8641,0.8186,0.8186,0.8847,0.87,0.58,1.57
boltz1,msa,6G11,boltz1_msa,input_model_1,0.92,0.9033,0.8797,3.45,4.28,0.8654,0.8191,0.8191,0.8844,0.84,0.6,1.88
boltz1,msa,6G11,boltz1_msa,input_model_2,0.92,0.9027,0.8777,3.47,4.29,0.8576,0.8157,0.8157,0.8827,0.93,0.58,1.83
boltz1,msa,6G11,boltz1_msa,input_model_3,0.91,0.909,0.8751,3.31,4.11,0.8618,0.8293,0.8293,0.8819,1.07,0.54,2.17
boltz1,msa,6G11,boltz1_msa,input_model_4,0.91,0.9013,0.8762,3.42,4.25,0.8591,0.8165,0.8165,0.8812,0.91,0.64,1.73
boltz1,msa,6G11,boltz1_msa,input_model_4,0.92,0.9013,0.8746,3.46,4.3,0.8555,0.8142,0.8142,0.8799,0.88,0.6,1.69
boltz1,msa,6G11,boltz1_msa,input_model_3,0.92,0.9018,0.874,3.38,4.22,0.8579,0.8124,0.8124,0.8796,0.99,0.57,1.76
boltz1,msa,6G11,boltz1_msa,input_model_3,0.91,0.9015,0.8708,3.4,4.22,0.8499,0.8136,0.8136,0.8769,0.86,0.62,1.81
boltz1,msa,6G11,boltz1_msa,input_model_2,0.92,0.8992,0.8674,3.37,4.24,0.8421,0.8036,0.8036,0.8738,1.17,0.57,1.59
boltz1,msa,6G11,boltz1_msa,input_model_4,0.91,0.8971,0.8645,3.52,4.42,0.8387,0.7983,0.7983,0.871,1.2,0.61,2.36
boltz1,msa,6G11,boltz1_msa,input_model_4,0.91,0.8932,0.8563,3.49,4.4,0.8253,0.7944,0.7944,0.8637,1.08,0.63,1.78
boltz2,no_msa,6G11,boltz2,input_model_0,0.94,0.8522,0.766,4.34,6.14,0.4513,0.4608,0.4513,0.7832,3.25,1.04,23.84
boltz2,no_msa,6G11,boltz2,input_model_0,0.92,0.8116,0.7071,5.4,7.78,0.3484,0.3399,0.3399,0.728,2.41,1.58,29.27
boltz2,no_msa,6G11,boltz2,input_model_0,0.9,0.8198,0.6952,5.25,7.87,0.3202,0.3184,0.3184,0.7201,2.08,1.59,30.85
boltz2,no_msa,6G11,boltz2,input_model_1,0.91,0.7468,0.6151,7.35,10.65,0.1518,0.2274,0.1518,0.6414,3.3,0.37,4.22
boltz2,no_msa,6G11,boltz2,input_model_0,0.89,0.7609,0.6086,6.7,10.01,0.187,0.2166,0.187,0.6391,1.89,1.58,31.5
boltz2,no_msa,6G11,boltz2,input_model_1,0.9,0.7458,0.6105,7.33,10.66,0.1526,0.2249,0.1526,0.6376,3.28,0.38,4.11
boltz2,no_msa,6G11,boltz2,input_model_1,0.91,0.7227,0.5543,7.65,11.56,0.1015,0.1293,0.1015,0.588,3.17,1.55,30.91
boltz2,no_msa,6G11,boltz2,input_model_1,0.87,0.7243,0.5468,7.83,11.9,0.0745,0.1231,0.0745,0.5823,2.45,1.48,33.71
boltz2,no_msa,6G11,boltz2,input_model_2,0.9,0.6924,0.4823,8.43,13.0,0.0184,0.0495,0.0184,0.5243,1.64,1.14,29.17
boltz2,no_msa,6G11,boltz2,input_model_0,0.9,0.6755,0.4761,8.82,13.54,0.0103,0.0428,0.0103,0.516,3.16,1.48,31.64
boltz2,no_msa,6G11,boltz2,input_model_2,0.88,0.6797,0.4709,8.48,12.91,0.0205,0.0659,0.0205,0.5127,2.63,0.64,18.98
boltz2,no_msa,6G11,boltz2,input_model_2,0.9,0.6807,0.4479,8.67,13.86,0.0025,0.039,0.0025,0.4945,2.05,1.39,30.43
boltz2,no_msa,6G11,boltz2,input_model_4,0.85,0.6639,0.444,9.05,14.11,0.0027,0.0323,0.0027,0.488,2.46,1.58,32.32
boltz2,no_msa,6G11,boltz2,input_model_2,0.88,0.6461,0.4196,9.66,15.13,0.0,0.0053,0.0,0.4649,2.86,1.55,31.69
boltz2,no_msa,6G11,boltz2,input_model_2,0.88,0.6541,0.4165,9.25,14.49,0.0025,0.0137,0.0025,0.464,1.72,1.4,30.97
boltz2,no_msa,6G11,boltz2,input_model_1,0.93,0.6393,0.4087,9.72,15.06,0.0,0.0161,0.0,0.4548,2.63,1.35,27.74
boltz2,no_msa,6G11,boltz2,input_model_3,0.88,0.645,0.4007,9.62,15.07,0.0,0.0055,0.0,0.4496,2.63,1.56,32.67
boltz2,no_msa,6G11,boltz2,input_model_3,0.88,0.624,0.3733,10.36,16.41,0.0,0.0,0.0,0.4234,2.85,1.39,30.98
boltz2,no_msa,6G11,boltz2,input_model_3,0.89,0.6188,0.3582,10.41,16.51,0.0,0.0,0.0,0.4103,2.82,1.37,30.83
boltz2,no_msa,6G11,boltz2,input_model_4,0.87,0.6113,0.3409,10.51,16.57,0.0,0.0,0.0,0.395,2.82,1.59,31.28
boltz2,no_msa,6G11,boltz2,input_model_3,0.89,0.6051,0.3395,10.76,17.03,0.0,0.0,0.0,0.3926,2.89,1.39,30.49
boltz2,no_msa,6G11,boltz2,input_model_4,0.85,0.5782,0.2958,11.3,18.21,0.0,0.0,0.0,0.3523,2.86,1.31,32.93
boltz2,no_msa,6G11,boltz2,input_model_3,0.87,0.5564,0.2441,11.99,19.33,0.0,0.0,0.0,0.3066,2.86,1.27,30.76
boltz2,no_msa,6G11,boltz2,input_model_4,0.89,0.5223,0.1643,12.64,20.84,0.0,0.0,0.0,0.2359,2.84,0.76,26.3
boltz2,no_msa,6G11,boltz2,input_model_4,0.89,0.5213,0.156,12.86,21.28,0.0,0.0,0.0,0.2291,2.85,0.8,26.3
boltz2,msa,6G11,boltz2_msa,input_model_1,0.97,0.9672,0.9569,1.79,2.23,0.958,0.9458,0.9458,0.959,1.15,0.24,1.07
boltz2,msa,6G11,boltz2_msa,input_model_0,0.97,0.9668,0.9564,1.79,2.23,0.9577,0.9453,0.9453,0.9585,1.12,0.25,0.98
boltz2,msa,6G11,boltz2_msa,input_model_1,0.97,0.9668,0.9563,1.81,2.26,0.9572,0.944,0.944,0.9584,1.11,0.25,0.98
boltz2,msa,6G11,boltz2_msa,input_model_0,0.97,0.9665,0.9561,1.83,2.28,0.9574,0.9432,0.9432,0.9582,1.12,0.26,0.87
boltz2,msa,6G11,boltz2_msa,input_model_1,0.97,0.9665,0.956,1.81,2.25,0.9571,0.944,0.944,0.9581,1.11,0.24,0.89
boltz2,msa,6G11,boltz2_msa,input_model_2,0.97,0.9661,0.9556,1.82,2.26,0.9566,0.9436,0.9436,0.9577,1.11,0.24,0.97
boltz2,msa,6G11,boltz2_msa,input_model_0,0.97,0.9662,0.9556,1.83,2.28,0.9563,0.9431,0.9431,0.9577,1.14,0.24,0.94
boltz2,msa,6G11,boltz2_msa,input_model_0,0.97,0.9661,0.9555,1.83,2.27,0.9569,0.9433,0.9433,0.9576,1.13,0.25,0.95
boltz2,msa,6G11,boltz2_msa,input_model_0,0.97,0.9656,0.9548,1.85,2.31,0.9553,0.942,0.942,0.957,1.15,0.25,1.0
boltz2,msa,6G11,boltz2_msa,input_model_1,0.97,0.9654,0.9546,1.87,2.32,0.9552,0.9421,0.9421,0.9568,1.14,0.25,0.95
boltz2,msa,6G11,boltz2_msa,input_model_3,0.97,0.9654,0.9544,1.86,2.31,0.9549,0.9411,0.9411,0.9566,1.12,0.24,0.93
boltz2,msa,6G11,boltz2_msa,input_model_2,0.97,0.9653,0.9544,1.87,2.32,0.9547,0.9409,0.9409,0.9566,1.12,0.24,0.98
boltz2,msa,6G11,boltz2_msa,input_model_4,0.97,0.9648,0.9537,1.79,2.23,0.9553,0.9456,0.9456,0.9559,1.09,0.24,1.08
boltz2,msa,6G11,boltz2_msa,input_model_4,0.97,0.9641,0.953,1.9,2.36,0.9526,0.9386,0.9386,0.9552,1.17,0.24,0.98
boltz2,msa,6G11,boltz2_msa,input_model_2,0.97,0.9642,0.9529,1.9,2.37,0.9532,0.9384,0.9384,0.9552,1.09,0.26,1.0
boltz2,msa,6G11,boltz2_msa,input_model_1,0.97,0.9642,0.953,1.89,2.35,0.9527,0.9386,0.9386,0.9552,1.13,0.26,0.83
boltz2,msa,6G11,boltz2_msa,input_model_4,0.97,0.9637,0.9522,1.91,2.38,0.9527,0.9372,0.9372,0.9545,1.08,0.24,1.12
boltz2,msa,6G11,boltz2_msa,input_model_3,0.97,0.9633,0.9518,1.92,2.39,0.9524,0.9377,0.9377,0.9541,1.1,0.24,0.98
boltz2,msa,6G11,boltz2_msa,input_model_3,0.97,0.9631,0.9515,1.93,2.4,0.9515,0.936,0.936,0.9538,1.11,0.25,0.97
boltz2,msa,6G11,boltz2_msa,input_model_2,0.97,0.9629,0.9515,1.95,2.43,0.9511,0.9352,0.9352,0.9538,1.12,0.25,0.9
boltz2,msa,6G11,boltz2_msa,input_model_4,0.97,0.9631,0.9515,1.95,2.43,0.9523,0.9366,0.9366,0.9538,1.11,0.24,1.03
boltz2,msa,6G11,boltz2_msa,input_model_4,0.97,0.9631,0.9514,1.94,2.41,0.9515,0.9369,0.9369,0.9537,1.12,0.25,0.95
boltz2,msa,6G11,boltz2_msa,input_model_3,0.97,0.9627,0.9512,1.96,2.44,0.9515,0.9357,0.9357,0.9535,1.12,0.26,0.92
boltz2,msa,6G11,boltz2_msa,input_model_2,0.97,0.962,0.9501,1.89,2.35,0.9513,0.9395,0.9395,0.9525,1.13,0.24,0.91
boltz2,msa,6G11,boltz2_msa,input_model_3,0.97,0.9587,0.9457,2.09,2.6,0.9447,0.9276,0.9276,0.9483,1.12,0.24,0.87
chai1,no_msa,6G11,chai1,pred.model_idx_3,89.89,0.8143,0.6913,0.0,0.0,0.0,0.0,0.0,0.7159,1.35,0.63,2.77
chai1,no_msa,6G11,chai1,pred.model_idx_4,89.85,0.8146,0.6908,0.0,0.0,0.0,0.0,0.0,0.7156,1.48,0.55,1.83
chai1,no_msa,6G11,chai1,pred.model_idx_1,89.88,0.8153,0.6906,0.0,0.0,0.0,0.0,0.0,0.7155,1.37,0.34,1.67
chai1,no_msa,6G11,chai1,pred.model_idx_1,89.99,0.8153,0.6906,0.0,0.0,0.0,0.0,0.0,0.7155,1.4,0.34,2.29
chai1,no_msa,6G11,chai1,pred.model_idx_0,89.9,0.8144,0.6904,0.0,0.0,0.0,0.0,0.0,0.7152,1.47,0.51,2.43
chai1,no_msa,6G11,chai1,pred.model_idx_2,89.84,0.8132,0.6906,0.0,0.0,0.0,0.0,0.0,0.7151,1.57,0.62,1.42
chai1,no_msa,6G11,chai1,pred.model_idx_2,89.86,0.8144,0.6901,0.0,0.0,0.0,0.0,0.0,0.715,1.37,0.49,2.33
chai1,no_msa,6G11,chai1,pred.model_idx_4,90.0,0.8149,0.6899,0.0,0.0,0.0,0.0,0.0,0.7149,1.38,0.43,2.1
chai1,no_msa,6G11,chai1,pred.model_idx_1,89.87,0.8149,0.6899,0.0,0.0,0.0,0.0,0.0,0.7149,1.41,0.45,1.96
chai1,no_msa,6G11,chai1,pred.model_idx_3,89.82,0.8127,0.6903,0.0,0.0,0.0,0.0,0.0,0.7148,1.32,0.44,2.24
chai1,no_msa,6G11,chai1,pred.model_idx_0,89.97,0.8152,0.6897,0.0,0.0,0.0,0.0,0.0,0.7148,1.47,1.18,1.51
chai1,no_msa,6G11,chai1,pred.model_idx_2,89.87,0.8148,0.6897,0.0,0.0,0.0,0.0,0.0,0.7147,1.38,0.45,2.3
chai1,no_msa,6G11,chai1,pred.model_idx_2,89.98,0.8152,0.6896,0.0,0.0,0.0,0.0,0.0,0.7147,1.45,0.77,1.35
chai1,no_msa,6G11,chai1,pred.model_idx_3,89.84,0.815,0.6896,0.0,0.0,0.0,0.0,0.0,0.7147,1.43,0.78,1.76
chai1,no_msa,6G11,chai1,pred.model_idx_3,90.0,0.8147,0.6896,0.0,0.0,0.0,0.0,0.0,0.7146,1.4,0.5,2.34
chai1,no_msa,6G11,chai1,pred.model_idx_0,89.85,0.8142,0.6896,0.0,0.0,0.0,0.0,0.0,0.7145,1.39,0.53,1.92
chai1,no_msa,6G11,chai1,pred.model_idx_4,89.87,0.814,0.6892,0.0,0.0,0.0,0.0,0.0,0.7142,1.47,1.59,1.74
chai1,no_msa,6G11,chai1,pred.model_idx_4,89.85,0.8148,0.6888,0.0,0.0,0.0,0.0,0.0,0.714,1.48,0.9,1.43
chai1,no_msa,6G11,chai1,pred.model_idx_3,89.85,0.815,0.6886,0.0,0.0,0.0,0.0,0.0,0.7139,1.44,0.48,1.79
chai1,no_msa,6G11,chai1,pred.model_idx_1,89.83,0.8135,0.6887,0.0,0.0,0.0,0.0,0.0,0.7137,1.52,1.4,1.89
chai1,no_msa,6G11,chai1,pred.model_idx_0,89.87,0.8145,0.6884,0.0,0.0,0.0,0.0,0.0,0.7136,1.37,0.48,2.2
chai1,no_msa,6G11,chai1,pred.model_idx_2,89.85,0.8149,0.6882,0.0,0.0,0.0,0.0,0.0,0.7135,1.52,0.57,1.46
chai1,no_msa,6G11,chai1,pred.model_idx_0,89.85,0.8139,0.6882,0.0,0.0,0.0,0.0,0.0,0.7133,1.47,1.36,1.83
chai1,no_msa,6G11,chai1,pred.model_idx_1,89.85,0.8154,0.6876,0.0,0.0,0.0,0.0,0.0,0.7132,1.47,1.3,1.92
chai1,no_msa,6G11,chai1,pred.model_idx_4,89.85,0.8149,0.6878,0.0,0.0,0.0,0.0,0.0,0.7132,1.49,1.39,1.93
colabfold,msa,6G11,colabfold,complex_unrelaxed_rank_001_alphafold2_multimer_v3_model_4_seed_000,79.78,0.57,0.21,10.73,18.33,0.0,0.0305,0.0,0.282,1.5,0.88,21.09
colabfold,msa,6G11,colabfold,complex_unrelaxed_rank_002_alphafold2_multimer_v3_model_4_seed_002,77.14,0.56,0.2,10.58,17.69,0.0,0.0312,0.0,0.272,1.32,1.12,31.57
colabfold,msa,6G11,colabfold,complex_unrelaxed_rank_003_alphafold2_multimer_v3_model_4_seed_001,77.4,0.56,0.19,10.86,18.33,0.0,0.0183,0.0,0.264,1.29,1.0,30.25
colabfold,msa,6G11,colabfold,complex_unrelaxed_rank_004_alphafold2_multimer_v3_model_4_seed_003,76.75,0.56,0.18,10.99,18.59,0.0,0.0187,0.0,0.256,1.25,0.99,29.1
colabfold,msa,6G11,colabfold,complex_unrelaxed_rank_005_alphafold2_multimer_v3_model_1_seed_002,76.7,0.56,0.18,11.12,18.98,0.0,0.021,0.0,0.256,1.4,0.99,22.79
colabfold,msa,6G11,colabfold,complex_unrelaxed_rank_006_alphafold2_multimer_v3_model_3_seed_004,78.85,0.56,0.18,11.12,19.04,0.0,0.0216,0.0,0.256,1.34,0.87,22.82
colabfold,msa,6G11,colabfold,complex_unrelaxed_rank_007_alphafold2_multimer_v3_model_3_seed_001,78.74,0.56,0.17,11.31,19.3,0.0,0.0205,0.0,0.248,1.29,0.86,33.69
colabfold,msa,6G11,colabfold,complex_unrelaxed_rank_009_alphafold2_multimer_v3_model_3_seed_000,78.57,0.56,0.17,11.5,19.65,0.0,0.0193,0.0,0.248,1.27,0.87,34.33
colabfold,msa,6G11,colabfold,complex_unrelaxed_rank_010_alphafold2_multimer_v3_model_3_seed_003,77.33,0.56,0.17,11.56,19.78,0.0,0.0166,0.0,0.248,1.24,0.92,31.83
colabfold,msa,6G11,colabfold,complex_unrelaxed_rank_011_alphafold2_multimer_v3_model_1_seed_001,76.18,0.56,0.17,11.45,19.54,0.0,0.0124,0.0,0.248,1.42,0.83,23.35
colabfold,msa,6G11,colabfold,complex_unrelaxed_rank_012_alphafold2_multimer_v3_model_1_seed_003,76.47,0.56,0.17,11.48,19.66,0.0,0.0122,0.0,0.248,1.44,0.84,23.01
colabfold,msa,6G11,colabfold,complex_unrelaxed_rank_013_alphafold2_multimer_v3_model_1_seed_004,76.38,0.56,0.17,11.48,19.65,0.0,0.0122,0.0,0.248,1.41,0.85,22.98
colabfold,msa,6G11,colabfold,complex_unrelaxed_rank_008_alphafold2_multimer_v3_model_2_seed_002,78.38,0.54,0.17,11.48,19.44,0.0,0.013,0.0,0.244,1.44,0.9,20.75
colabfold,msa,6G11,colabfold,complex_unrelaxed_rank_014_alphafold2_multimer_v3_model_2_seed_000,79.89,0.55,0.16,11.4,19.63,0.0,0.0155,0.0,0.238,1.39,0.76,21.22
colabfold,msa,6G11,colabfold,complex_unrelaxed_rank_015_alphafold2_multimer_v3_model_1_seed_000,76.33,0.55,0.16,11.53,19.72,0.0,0.0118,0.0,0.238,1.45,0.85,21.57
colabfold,msa,6G11,colabfold,complex_unrelaxed_rank_016_alphafold2_multimer_v3_model_2_seed_003,78.61,0.55,0.16,11.53,19.74,0.0,0.0152,0.0,0.238,1.34,0.77,22.23
colabfold,msa,6G11,colabfold,complex_unrelaxed_rank_017_alphafold2_multimer_v3_model_4_seed_004,76.37,0.55,0.16,11.62,19.92,0.0,0.0173,0.0,0.238,1.49,0.82,30.19
colabfold,msa,6G11,colabfold,complex_unrelaxed_rank_018_alphafold2_multimer_v3_model_2_seed_001,79.16,0.55,0.16,11.62,19.88,0.0,0.014,0.0,0.238,1.38,0.78,21.7
colabfold,msa,6G11,colabfold,complex_unrelaxed_rank_019_alphafold2_multimer_v3_model_5_seed_004,76.67,0.55,0.16,11.55,19.89,0.0,0.0054,0.0,0.238,1.34,0.84,34.21
colabfold,msa,6G11,colabfold,complex_unrelaxed_rank_020_alphafold2_multimer_v3_model_5_seed_001,76.11,0.55,0.16,11.64,20.03,0.0,0.0107,0.0,0.238,1.32,0.83,33.99
colabfold,msa,6G11,colabfold,complex_unrelaxed_rank_021_alphafold2_multimer_v3_model_5_seed_000,75.95,0.55,0.16,11.77,20.24,0.0,0.0054,0.0,0.238,1.33,0.82,32.41
colabfold,msa,6G11,colabfold,complex_unrelaxed_rank_023_alphafold2_multimer_v3_model_2_seed_004,78.48,0.55,0.15,11.8,20.23,0.0,0.0123,0.0,0.23,1.45,0.79,11.61
colabfold,msa,6G11,colabfold,complex_unrelaxed_rank_024_alphafold2_multimer_v3_model_5_seed_003,76.3,0.55,0.15,11.89,20.54,0.0,0.0105,0.0,0.23,1.29,0.84,33.8
colabfold,msa,6G11,colabfold,complex_unrelaxed_rank_022_alphafold2_multimer_v3_model_5_seed_002,76.18,0.54,0.15,11.85,20.45,0.0,0.0052,0.0,0.228,1.34,1.03,32.3
colabfold,msa,6G11,colabfold,complex_unrelaxed_rank_025_alphafold2_multimer_v3_model_3_seed_002,69.58,0.46,0.09,14.06,23.45,0.0,0.0,0.0,0.164,1.26,5.62,26.91
colabfold,no_msa,6G11,colabfold_nomsa,complex_unrelaxed_rank_001_alphafold2_multimer_v3_model_3_seed_001,41.35,0.33,0.16,17.3,21.17,0.0,0.0055,0.0,0.194,5.13,8.93,34.68
colabfold,no_msa,6G11,colabfold_nomsa,complex_unrelaxed_rank_002_alphafold2_multimer_v3_model_4_seed_003,42.13,0.33,0.16,17.58,21.07,0.0028,0.0027,0.0027,0.194,5.29,14.86,36.67
colabfold,no_msa,6G11,colabfold_nomsa,complex_unrelaxed_rank_003_alphafold2_multimer_v3_model_3_seed_003,41.52,0.33,0.16,17.36,21.43,0.0,0.0053,0.0,0.194,5.14,8.89,34.48
colabfold,no_msa,6G11,colabfold_nomsa,complex_unrelaxed_rank_006_alphafold2_multimer_v3_model_3_seed_000,41.09,0.32,0.15,17.68,21.81,0.0,0.0029,0.0,0.184,5.31,8.45,34.53
colabfold,no_msa,6G11,colabfold_nomsa,complex_unrelaxed_rank_004_alphafold2_multimer_v3_model_4_seed_002,41.36,0.3,0.15,17.79,21.21,0.0029,0.0031,0.0029,0.18,5.23,14.91,36.18
colabfold,no_msa,6G11,colabfold_nomsa,complex_unrelaxed_rank_005_alphafold2_multimer_v3_model_2_seed_001,37.64,0.29,0.15,19.17,22.85,0.0029,0.0027,0.0027,0.178,11.26,15.66,35.87
colabfold,no_msa,6G11,colabfold_nomsa,complex_unrelaxed_rank_007_alphafold2_multimer_v3_model_3_seed_002,39.37,0.26,0.15,17.78,21.52,0.0,0.0,0.0,0.172,5.31,10.24,33.59
colabfold,no_msa,6G11,colabfold_nomsa,complex_unrelaxed_rank_008_alphafold2_multimer_v3_model_5_seed_004,40.56,0.3,0.14,17.97,21.55,0.0,0.0,0.0,0.172,5.05,14.41,35.95
colabfold,no_msa,6G11,colabfold_nomsa,complex_unrelaxed_rank_009_alphafold2_multimer_v3_model_4_seed_000,38.76,0.3,0.13,19.01,22.87,0.0,0.0,0.0,0.164,5.28,16.03,35.8
colabfold,no_msa,6G11,colabfold_nomsa,complex_unrelaxed_rank_010_alphafold2_multimer_v3_model_3_seed_004,40.66,0.28,0.13,17.83,21.51,0.0,0.0,0.0,0.16,5.03,14.58,36.24
colabfold,no_msa,6G11,colabfold_nomsa,complex_unrelaxed_rank_011_alphafold2_multimer_v3_model_4_seed_001,35.61,0.24,0.12,19.65,22.89,0.0,0.0,0.0,0.144,10.21,14.81,29.94
colabfold,no_msa,6G11,colabfold_nomsa,complex_unrelaxed_rank_014_alphafold2_multimer_v3_model_1_seed_003,36.76,0.26,0.11,19.03,22.93,0.0,0.0,0.0,0.14,9.67,15.71,24.05
colabfold,no_msa,6G11,colabfold_nomsa,complex_unrelaxed_rank_012_alphafold2_multimer_v3_model_2_seed_002,32.37,0.21,0.12,20.69,24.14,0.0,0.0,0.0,0.138,13.6,13.73,36.44
colabfold,no_msa,6G11,colabfold_nomsa,complex_unrelaxed_rank_013_alphafold2_multimer_v3_model_4_seed_004,38.07,0.25,0.11,19.09,23.05,0.0,0.0,0.0,0.138,5.38,15.04,37.23
colabfold,no_msa,6G11,colabfold_nomsa,complex_unrelaxed_rank_023_alphafold2_multimer_v3_model_5_seed_001,49.07,0.36,0.08,17.84,24.52,0.0,0.0,0.0,0.136,2.39,7.17,34.43
colabfold,no_msa,6G11,colabfold_nomsa,complex_unrelaxed_rank_022_alphafold2_multimer_v3_model_5_seed_003,38.41,0.31,0.09,19.2,23.8,0.0,0.0,0.0,0.134,4.86,14.28,33.28
colabfold,no_msa,6G11,colabfold_nomsa,complex_unrelaxed_rank_025_alphafold2_multimer_v3_model_5_seed_002,48.02,0.35,0.07,18.21,24.67,0.0,0.0,0.0,0.126,2.5,8.44,35.25
colabfold,no_msa,6G11,colabfold_nomsa,complex_unrelaxed_rank_015_alphafold2_multimer_v3_model_1_seed_000,33.49,0.22,0.1,20.01,23.59,0.0,0.0,0.0,0.124,10.67,15.95,29.47
colabfold,no_msa,6G11,colabfold_nomsa,complex_unrelaxed_rank_016_alphafold2_multimer_v3_model_1_seed_002,34.89,0.22,0.1,19.66,23.48,0.0,0.0,0.0,0.124,11.61,15.81,33.35
colabfold,no_msa,6G11,colabfold_nomsa,complex_unrelaxed_rank_017_alphafold2_multimer_v3_model_1_seed_004,34.58,0.22,0.1,19.77,23.51,0.0,0.0,0.0,0.124,10.58,13.83,27.31
colabfold,no_msa,6G11,colabfold_nomsa,complex_unrelaxed_rank_018_alphafold2_multimer_v3_model_1_seed_001,35.01,0.22,0.1,19.87,23.82,0.0,0.0,0.0,0.124,10.83,15.89,34.96
colabfold,no_msa,6G11,colabfold_nomsa,complex_unrelaxed_rank_019_alphafold2_multimer_v3_model_2_seed_000,32.77,0.21,0.1,20.64,24.38,0.0,0.0,0.0,0.122,13.26,16.0,39.36
colabfold,no_msa,6G11,colabfold_nomsa,complex_unrelaxed_rank_021_alphafold2_multimer_v3_model_5_seed_000,36.53,0.24,0.09,19.5,24.28,0.0,0.0,0.0,0.12,5.23,12.22,34.48
colabfold,no_msa,6G11,colabfold_nomsa,complex_unrelaxed_rank_020_alphafold2_multimer_v3_model_2_seed_004,31.84,0.2,0.09,21.07,24.72,0.0,0.0,0.0,0.112,13.76,14.58,37.78
colabfold,no_msa,6G11,colabfold_nomsa,complex_unrelaxed_rank_024_alphafold2_multimer_v3_model_2_seed_003,35.47,0.23,0.08,20.16,24.77,0.0,0.0,0.0,0.11,5.55,11.01,35.98
esmfold2,no_msa,6G11,esmfold2,output_seed789_esmfold2_pred,81.46,0.7464,0.649,5.87,7.95,0.3968,0.418,0.3968,0.6685,1.13,0.35,1.44
esmfold2,no_msa,6G11,esmfold2,output_seed456_esmfold2_pred,79.93,0.7215,0.6092,6.32,8.59,0.3515,0.3735,0.3515,0.6317,1.1,0.41,1.52
esmfold2,no_msa,6G11,esmfold2,output_seed123_esmfold2_pred,79.08,0.7132,0.6039,6.48,8.74,0.3539,0.3742,0.3539,0.6258,1.22,0.38,1.6
esmfold2,no_msa,6G11,esmfold2,output_seed1024_esmfold2_pred,78.52,0.7008,0.5911,6.64,9.0,0.33,0.3552,0.33,0.613,1.05,0.44,1.48
esmfold2,no_msa,6G11,esmfold2,output_esmfold2_pred,78.4,0.6932,0.5754,6.74,9.22,0.3038,0.3333,0.3038,0.599,1.25,0.54,1.11
af2m,msa,6Q76,af2m,ranked_0,95.41,0.8971,0.885,3.15,3.79,0.8389,0.879,0.8389,0.8874,0.66,0.54,0.93
af2m,msa,6Q76,af2m,ranked_1,95.28,0.8961,0.8838,3.19,3.83,0.8369,0.8772,0.8369,0.8863,0.65,0.56,0.94
af2m,msa,6Q76,af2m,ranked_2,95.2,0.896,0.8837,3.21,3.85,0.8383,0.8768,0.8383,0.8862,0.61,0.57,0.94
af2m,msa,6Q76,af2m,ranked_3,95.33,0.8962,0.8837,3.17,3.81,0.8376,0.8773,0.8376,0.8862,0.64,0.56,0.97
af2m,msa,6Q76,af2m,ranked_4,95.24,0.8957,0.8837,3.2,3.85,0.8351,0.8764,0.8351,0.8861,0.65,0.56,0.89
af2m,msa,6Q76,af2m,ranked_5,95.41,0.8947,0.8836,3.18,3.8,0.8326,0.8792,0.8326,0.8858,0.7,0.65,1.07
af2m,msa,6Q76,af2m,ranked_6,95.41,0.8947,0.8833,3.18,3.8,0.8308,0.8789,0.8308,0.8856,0.69,0.64,1.06
af2m,msa,6Q76,af2m,ranked_7,95.39,0.8939,0.8824,3.19,3.82,0.8312,0.8778,0.8312,0.8847,0.69,0.64,1.12
af2m,msa,6Q76,af2m,ranked_8,95.35,0.8939,0.8821,3.21,3.84,0.8293,0.8772,0.8293,0.8845,0.69,0.63,1.07
af2m,msa,6Q76,af2m,ranked_9,95.33,0.8928,0.8808,3.2,3.84,0.8297,0.876,0.8297,0.8832,0.7,0.64,1.06
af2m,msa,6Q76,af2m,ranked_10,94.75,0.8884,0.8736,3.32,4.05,0.8151,0.8661,0.8151,0.8766,0.67,0.54,0.87
af2m,msa,6Q76,af2m,ranked_11,94.73,0.8874,0.8718,3.34,4.08,0.8101,0.8637,0.8101,0.8749,0.67,0.55,0.94
af2m,msa,6Q76,af2m,ranked_12,94.68,0.887,0.8714,3.34,4.08,0.8129,0.8632,0.8129,0.8745,0.67,0.55,0.91
af2m,msa,6Q76,af2m,ranked_13,94.62,0.8866,0.8706,3.36,4.11,0.8135,0.8627,0.8135,0.8738,0.68,0.55,0.93
af2m,msa,6Q76,af2m,ranked_14,94.32,0.8852,0.8682,3.5,4.24,0.8167,0.8597,0.8167,0.8716,0.65,0.58,1.18
af2m,msa,6Q76,af2m,ranked_15,94.27,0.8851,0.8673,3.51,4.26,0.8173,0.8586,0.8173,0.8709,0.62,0.59,1.12
af2m,msa,6Q76,af2m,ranked_16,94.54,0.8847,0.8671,3.39,4.16,0.8079,0.8576,0.8079,0.8706,0.67,0.55,0.92
af2m,msa,6Q76,af2m,ranked_17,94.27,0.8845,0.8667,3.52,4.28,0.8157,0.8582,0.8157,0.8703,0.63,0.59,1.11
af2m,msa,6Q76,af2m,ranked_18,94.28,0.8844,0.8667,3.51,4.27,0.8147,0.8576,0.8147,0.8702,0.65,0.58,1.08
af2m,msa,6Q76,af2m,ranked_19,94.33,0.8843,0.8667,3.5,4.25,0.8145,0.8577,0.8145,0.8702,0.65,0.58,1.05
af2m,msa,6Q76,af2m,ranked_20,94.69,0.8847,0.866,3.37,4.12,0.8111,0.8574,0.8111,0.8697,0.68,0.62,1.09
af2m,msa,6Q76,af2m,ranked_21,94.56,0.8825,0.8643,3.42,4.19,0.8104,0.8558,0.8104,0.8679,0.69,0.61,1.06
af2m,msa,6Q76,af2m,ranked_22,94.4,0.8817,0.8615,3.43,4.2,0.803,0.8515,0.803,0.8655,0.69,0.6,1.11
af2m,msa,6Q76,af2m,ranked_23,94.28,0.8783,0.8575,3.5,4.3,0.7989,0.8459,0.7989,0.8617,0.69,0.62,1.12
af2m,msa,6Q76,af2m,ranked_24,94.34,0.8782,0.8573,3.49,4.3,0.7942,0.8453,0.7942,0.8615,0.69,0.62,1.14
af3,msa,6Q76,af3,seed-1024_sample-0,94.83,0.92,0.91,2.63,3.07,0.8664,0.9069,0.8664,0.912,0.88,0.52,0.67
af3,msa,6Q76,af3,seed-1024_sample-1,94.84,0.92,0.91,2.66,3.11,0.8672,0.9053,0.8672,0.912,0.81,0.43,0.6
af3,msa,6Q76,af3,seed-123_sample-2,94.71,0.92,0.91,2.65,3.11,0.8631,0.9032,0.8631,0.912,0.72,0.36,0.74
af3,msa,6Q76,af3,seed-42_sample-0,95.01,0.92,0.91,2.5,2.92,0.8765,0.9121,0.8765,0.912,0.87,0.49,0.73
af3,msa,6Q76,af3,seed-42_sample-2,94.92,0.92,0.91,2.57,3.01,0.8713,0.9095,0.8713,0.912,0.74,0.38,1.02
af3,msa,6Q76,af3,seed-789_sample-0,94.74,0.92,0.91,2.65,3.11,0.8644,0.9034,0.8644,0.912,0.77,0.5,0.66
af3,msa,6Q76,af3,seed-456_sample-1,94.7,0.91,0.91,2.71,3.18,0.8618,0.9034,0.8618,0.91,0.81,0.34,0.42
af3,msa,6Q76,af3,seed-1024_sample-2,94.43,0.91,0.9,2.86,3.35,0.8542,0.8942,0.8542,0.902,0.71,0.54,0.68
af3,msa,6Q76,af3,seed-1024_sample-3,94.66,0.91,0.9,2.7,3.18,0.8609,0.9014,0.8609,0.902,0.84,0.37,0.5
af3,msa,6Q76,af3,seed-1024_sample-4,94.42,0.91,0.9,2.87,3.35,0.8616,0.8951,0.8616,0.902,0.66,0.57,0.73
af3,msa,6Q76,af3,seed-123_sample-0,94.48,0.91,0.9,2.78,3.25,0.8595,0.9017,0.8595,0.902,0.76,0.41,0.58
af3,msa,6Q76,af3,seed-123_sample-1,94.52,0.91,0.9,2.76,3.23,0.8609,0.9001,0.8609,0.902,0.77,0.51,0.67
af3,msa,6Q76,af3,seed-123_sample-3,94.61,0.91,0.9,2.7,3.17,0.8619,0.9022,0.8619,0.902,0.78,0.62,0.66
af3,msa,6Q76,af3,seed-123_sample-4,94.43,0.91,0.9,2.82,3.3,0.8572,0.901,0.8572,0.902,0.79,0.7,0.92
af3,msa,6Q76,af3,seed-42_sample-1,94.5,0.91,0.9,2.86,3.34,0.8599,0.8978,0.8599,0.902,0.71,0.36,0.57
af3,msa,6Q76,af3,seed-42_sample-3,94.48,0.91,0.9,2.81,3.29,0.8543,0.8987,0.8543,0.902,0.8,0.37,0.46
af3,msa,6Q76,af3,seed-42_sample-4,94.58,0.91,0.9,2.75,3.23,0.8609,0.9015,0.8609,0.902,0.77,0.38,0.85
af3,msa,6Q76,af3,seed-456_sample-0,94.56,0.91,0.9,2.72,3.19,0.8639,0.9025,0.8639,0.902,0.79,0.36,0.8
af3,msa,6Q76,af3,seed-456_sample-2,94.51,0.91,0.9,2.77,3.26,0.8542,0.897,0.8542,0.902,0.78,0.41,0.6
af3,msa,6Q76,af3,seed-456_sample-3,94.55,0.91,0.9,2.78,3.25,0.8588,0.9002,0.8588,0.902,0.74,0.41,0.66
af3,msa,6Q76,af3,seed-456_sample-4,94.47,0.91,0.9,2.84,3.33,0.8548,0.8962,0.8548,0.902,0.78,0.37,0.56
af3,msa,6Q76,af3,seed-789_sample-1,94.54,0.91,0.9,2.77,3.25,0.8573,0.9005,0.8573,0.902,0.76,0.58,0.79
af3,msa,6Q76,af3,seed-789_sample-2,94.45,0.91,0.9,2.85,3.35,0.8521,0.896,0.8521,0.902,0.73,0.36,0.59
af3,msa,6Q76,af3,seed-789_sample-3,94.48,0.91,0.9,2.84,3.33,0.8525,0.8942,0.8525,0.902,0.72,0.53,0.72
af3,msa,6Q76,af3,seed-789_sample-4,94.56,0.91,0.9,2.76,3.23,0.862,0.9016,0.862,0.902,0.74,0.43,0.62
af3,no_msa,6Q76,af3_nomsa,seed-42_sample-2,91.18,0.88,0.86,3.71,4.45,0.7813,0.8354,0.7813,0.864,1.03,0.38,1.13
af3,no_msa,6Q76,af3_nomsa,seed-42_sample-4,91.32,0.88,0.86,3.62,4.34,0.7866,0.8435,0.7866,0.864,1.08,0.46,1.37
af3,no_msa,6Q76,af3_nomsa,seed-42_sample-0,91.11,0.87,0.85,3.7,4.45,0.7791,0.8328,0.7791,0.854,1.04,0.51,0.95
af3,no_msa,6Q76,af3_nomsa,seed-42_sample-1,91.09,0.87,0.85,3.81,4.58,0.7721,0.8254,0.7721,0.854,0.98,0.53,0.86
af3,no_msa,6Q76,af3_nomsa,seed-42_sample-3,91.12,0.87,0.85,3.7,4.45,0.7787,0.8315,0.7787,0.854,1.0,0.54,0.87
af3,no_msa,6Q76,af3_nomsa,seed-123_sample-1,86.58,0.84,0.84,4.72,5.87,0.704,0.7695,0.704,0.84,1.06,2.93,3.14
af3,no_msa,6Q76,af3_nomsa,seed-123_sample-0,86.48,0.84,0.82,4.8,6.04,0.6767,0.7287,0.6767,0.824,1.07,3.1,3.53
af3,no_msa,6Q76,af3_nomsa,seed-123_sample-3,86.05,0.84,0.82,4.92,6.15,0.6891,0.7448,0.6891,0.824,0.99,3.45,4.17
af3,no_msa,6Q76,af3_nomsa,seed-123_sample-2,85.03,0.83,0.82,5.33,6.58,0.6709,0.7446,0.6709,0.822,0.94,3.53,4.12
af3,no_msa,6Q76,af3_nomsa,seed-123_sample-4,85.96,0.83,0.82,5.03,6.23,0.6753,0.7444,0.6753,0.822,1.04,3.59,4.08
af3,no_msa,6Q76,af3_nomsa,seed-456_sample-4,77.36,0.72,0.64,8.02,10.6,0.3451,0.3911,0.3451,0.656,0.99,4.22,7.43
af3,no_msa,6Q76,af3_nomsa,seed-789_sample-0,75.54,0.72,0.63,8.32,11.06,0.3255,0.3417,0.3255,0.648,1.05,4.62,7.42
af3,no_msa,6Q76,af3_nomsa,seed-789_sample-1,76.09,0.72,0.63,8.23,10.94,0.3238,0.3485,0.3238,0.648,1.04,4.43,7.64
af3,no_msa,6Q76,af3_nomsa,seed-456_sample-0,76.85,0.71,0.63,8.27,11.0,0.3048,0.3603,0.3048,0.646,1.05,4.83,7.54
af3,no_msa,6Q76,af3_nomsa,seed-456_sample-1,76.27,0.71,0.63,8.21,10.9,0.3263,0.3697,0.3263,0.646,1.04,4.21,6.73
af3,no_msa,6Q76,af3_nomsa,seed-1024_sample-0,77.4,0.73,0.62,7.35,9.7,0.3942,0.3963,0.3942,0.642,1.02,3.19,3.99
af3,no_msa,6Q76,af3_nomsa,seed-789_sample-4,77.29,0.72,0.62,7.94,10.63,0.3224,0.3409,0.3224,0.64,1.04,5.46,9.43
af3,no_msa,6Q76,af3_nomsa,seed-456_sample-3,76.74,0.71,0.6,8.2,10.94,0.3029,0.3179,0.3029,0.622,1.0,4.48,7.7
af3,no_msa,6Q76,af3_nomsa,seed-456_sample-2,76.13,0.7,0.6,8.62,11.47,0.2869,0.3163,0.2869,0.62,1.01,5.46,9.14
af3,no_msa,6Q76,af3_nomsa,seed-1024_sample-1,75.43,0.7,0.56,8.3,11.15,0.313,0.297,0.297,0.588,1.02,1.81,2.53
af3,no_msa,6Q76,af3_nomsa,seed-1024_sample-2,75.43,0.7,0.56,8.09,10.86,0.3308,0.3071,0.3071,0.588,1.07,2.3,2.67
af3,no_msa,6Q76,af3_nomsa,seed-1024_sample-3,75.7,0.69,0.56,8.28,11.1,0.3218,0.3146,0.3146,0.586,1.01,2.34,2.74
af3,no_msa,6Q76,af3_nomsa,seed-1024_sample-4,75.32,0.69,0.56,8.35,11.26,0.3083,0.3048,0.3048,0.586,1.0,1.62,1.8
af3,no_msa,6Q76,af3_nomsa,seed-789_sample-2,74.15,0.67,0.52,9.5,12.94,0.1958,0.1965,0.1958,0.55,0.99,5.21,9.27
af3,no_msa,6Q76,af3_nomsa,seed-789_sample-3,73.49,0.66,0.5,9.74,13.28,0.1824,0.1718,0.1718,0.532,1.0,5.12,8.38
boltz1,no_msa,6Q76,boltz1,input_model_0,0.96,0.9638,0.9607,1.86,2.28,0.9547,0.9659,0.9547,0.9613,1.13,0.47,0.87
boltz1,no_msa,6Q76,boltz1,input_model_1,0.96,0.9631,0.9607,1.88,2.31,0.953,0.9659,0.953,0.9612,1.15,0.47,0.87
boltz1,no_msa,6Q76,boltz1,input_model_3,0.96,0.9629,0.9606,1.89,2.31,0.9524,0.9657,0.9524,0.9611,1.14,0.5,0.88
boltz1,no_msa,6Q76,boltz1,input_model_0,0.96,0.9628,0.9607,1.89,2.32,0.9524,0.9658,0.9524,0.9611,1.14,0.5,0.73
boltz1,no_msa,6Q76,boltz1,input_model_4,0.96,0.9625,0.9606,1.89,2.32,0.9519,0.9658,0.9519,0.961,1.13,0.49,0.86
boltz1,no_msa,6Q76,boltz1,input_model_3,0.96,0.9626,0.9606,1.88,2.31,0.9521,0.9658,0.9521,0.961,1.13,0.55,0.9
boltz1,no_msa,6Q76,boltz1,input_model_1,0.96,0.9622,0.9606,1.92,2.35,0.9511,0.9657,0.9511,0.9609,1.15,0.54,0.93
boltz1,no_msa,6Q76,boltz1,input_model_0,0.96,0.9623,0.9605,1.92,2.35,0.9514,0.9656,0.9514,0.9609,1.15,0.45,0.91
boltz1,no_msa,6Q76,boltz1,input_model_1,0.96,0.9622,0.9605,1.9,2.33,0.9511,0.9657,0.9511,0.9608,1.14,0.55,0.88
boltz1,no_msa,6Q76,boltz1,input_model_1,0.96,0.9619,0.9605,1.93,2.37,0.9504,0.9657,0.9504,0.9608,1.14,0.64,0.98
boltz1,no_msa,6Q76,boltz1,input_model_1,0.96,0.9624,0.9603,1.89,2.31,0.9517,0.9656,0.9517,0.9607,1.14,0.61,0.95
boltz1,no_msa,6Q76,boltz1,input_model_4,0.96,0.9614,0.9604,1.98,2.42,0.9488,0.9656,0.9488,0.9606,1.14,0.79,1.08
boltz1,no_msa,6Q76,boltz1,input_model_0,0.96,0.9615,0.9603,1.93,2.36,0.9497,0.9655,0.9497,0.9605,1.14,0.76,1.09
boltz1,no_msa,6Q76,boltz1,input_model_2,0.96,0.9626,0.9599,1.9,2.33,0.9525,0.9651,0.9525,0.9604,1.14,0.5,0.86
boltz1,no_msa,6Q76,boltz1,input_model_3,0.96,0.9614,0.9602,1.91,2.35,0.9499,0.9653,0.9499,0.9604,1.13,0.6,1.02
boltz1,no_msa,6Q76,boltz1,input_model_3,0.96,0.9617,0.9601,1.91,2.35,0.9503,0.9653,0.9503,0.9604,1.14,0.63,0.89
boltz1,no_msa,6Q76,boltz1,input_model_2,0.96,0.9618,0.9598,1.9,2.33,0.9505,0.9651,0.9505,0.9602,1.14,0.54,0.81
boltz1,no_msa,6Q76,boltz1,input_model_3,0.96,0.9622,0.9596,1.89,2.32,0.9516,0.9648,0.9516,0.9601,1.14,0.5,0.79
boltz1,no_msa,6Q76,boltz1,input_model_4,0.96,0.9619,0.9596,1.91,2.34,0.9508,0.9649,0.9508,0.9601,1.13,0.57,0.84
boltz1,no_msa,6Q76,boltz1,input_model_4,0.96,0.9609,0.9599,1.93,2.37,0.9487,0.9651,0.9487,0.9601,1.14,0.65,0.83
boltz1,no_msa,6Q76,boltz1,input_model_2,0.96,0.9618,0.9596,1.91,2.34,0.9507,0.9648,0.9507,0.96,1.13,0.52,0.82
boltz1,no_msa,6Q76,boltz1,input_model_4,0.96,0.9611,0.9597,2.01,2.45,0.9481,0.965,0.9481,0.96,1.14,0.96,1.19
boltz1,no_msa,6Q76,boltz1,input_model_2,0.96,0.9614,0.9596,1.91,2.34,0.9501,0.9648,0.9501,0.96,1.14,0.54,1.04
boltz1,no_msa,6Q76,boltz1,input_model_0,0.96,0.9608,0.9594,1.94,2.38,0.9482,0.9646,0.9482,0.9597,1.14,0.7,1.08
boltz1,no_msa,6Q76,boltz1,input_model_2,0.96,0.9612,0.9591,1.92,2.36,0.9485,0.9643,0.9485,0.9595,1.14,0.51,0.71
boltz1,msa,6Q76,boltz1_msa,input_model_0,0.67,0.6047,0.2487,11.79,17.18,0.0362,0.0057,0.0057,0.3199,0.88,10.25,12.27
boltz1,msa,6Q76,boltz1_msa,input_model_0,0.66,0.599,0.2319,12.05,17.96,0.0426,0.0,0.0,0.3053,0.91,9.73,11.56
boltz1,msa,6Q76,boltz1_msa,input_model_0,0.66,0.5935,0.2241,12.15,17.88,0.0274,0.0,0.0,0.298,0.91,9.7,12.05
boltz1,msa,6Q76,boltz1_msa,input_model_2,0.66,0.581,0.2007,12.6,18.55,0.0207,0.0,0.0,0.2768,0.87,10.68,12.42
boltz1,msa,6Q76,boltz1_msa,input_model_1,0.66,0.58,0.1978,12.51,18.57,0.019,0.0,0.0,0.2742,0.86,10.52,11.95
boltz1,msa,6Q76,boltz1_msa,input_model_3,0.62,0.5821,0.1901,12.77,18.08,0.075,0.0056,0.0056,0.2685,0.88,10.3,20.07
boltz1,msa,6Q76,boltz1_msa,input_model_2,0.65,0.5747,0.1888,12.74,18.79,0.0196,0.0,0.0,0.266,0.89,9.86,11.98
boltz1,msa,6Q76,boltz1_msa,input_model_3,0.64,0.5742,0.1862,13.14,19.13,0.0183,0.0,0.0,0.2638,0.86,10.02,11.95
boltz1,msa,6Q76,boltz1_msa,input_model_1,0.66,0.575,0.1849,13.17,19.24,0.0174,0.0,0.0,0.2629,0.89,9.73,11.78
boltz1,msa,6Q76,boltz1_msa,input_model_3,0.65,0.5738,0.1835,13.1,19.16,0.0179,0.0,0.0,0.2616,0.89,10.1,11.96
boltz1,msa,6Q76,boltz1_msa,input_model_1,0.66,0.5733,0.1835,12.61,18.73,0.0199,0.0,0.0,0.2615,0.88,9.75,11.33
boltz1,msa,6Q76,boltz1_msa,input_model_1,0.66,0.5733,0.1791,12.87,19.23,0.0141,0.0,0.0,0.2579,0.91,9.78,11.51
boltz1,msa,6Q76,boltz1_msa,input_model_0,0.67,0.5713,0.1776,12.93,19.24,0.0164,0.0,0.0,0.2563,0.88,9.96,11.79
boltz1,msa,6Q76,boltz1_msa,input_model_3,0.64,0.573,0.1754,13.29,19.34,0.0206,0.0,0.0,0.2549,0.87,9.49,12.26
boltz1,msa,6Q76,boltz1_msa,input_model_3,0.66,0.5698,0.1686,13.02,19.47,0.0185,0.0,0.0,0.2488,0.89,10.21,12.16
boltz1,msa,6Q76,boltz1_msa,input_model_1,0.64,0.5679,0.167,13.32,19.68,0.0184,0.0,0.0,0.2472,0.87,10.01,11.93
boltz1,msa,6Q76,boltz1_msa,input_model_0,0.65,0.5674,0.1652,13.35,19.56,0.0186,0.0,0.0,0.2456,0.89,10.14,13.98
boltz1,msa,6Q76,boltz1_msa,input_model_2,0.66,0.5613,0.1565,13.46,20.39,0.008,0.0,0.0,0.2375,0.92,10.03,11.74
boltz1,msa,6Q76,boltz1_msa,input_model_4,0.64,0.5586,0.1563,13.38,19.78,0.0115,0.0,0.0,0.2368,0.87,10.77,13.0
boltz1,msa,6Q76,boltz1_msa,input_model_2,0.67,0.5578,0.1455,13.18,20.16,0.0,0.0,0.0,0.228,0.87,10.0,13.08
boltz1,msa,6Q76,boltz1_msa,input_model_4,0.62,0.5526,0.1382,14.02,20.12,0.0166,0.0,0.0,0.2211,0.85,10.96,20.05
boltz1,msa,6Q76,boltz1_msa,input_model_2,0.65,0.5538,0.1368,13.75,20.81,0.0027,0.0,0.0,0.2202,0.89,10.05,11.48
boltz1,msa,6Q76,boltz1_msa,input_model_4,0.61,0.5502,0.1317,14.28,20.78,0.0101,0.0,0.0,0.2154,0.88,10.31,19.82
boltz1,msa,6Q76,boltz1_msa,input_model_4,0.64,0.5511,0.1282,13.96,20.89,0.0055,0.0,0.0,0.2128,0.85,10.81,16.85
boltz1,msa,6Q76,boltz1_msa,input_model_4,0.63,0.5479,0.12,13.54,20.06,0.0146,0.0,0.0,0.2056,0.88,9.85,14.03
boltz2,no_msa,6Q76,boltz2,input_model_0,0.96,0.9427,0.9318,2.66,3.39,0.883,0.9197,0.883,0.934,1.09,0.94,1.05
boltz2,no_msa,6Q76,boltz2,input_model_0,0.96,0.9424,0.9303,2.61,3.35,0.8809,0.9182,0.8809,0.9327,1.1,0.57,0.73
boltz2,no_msa,6Q76,boltz2,input_model_0,0.96,0.9414,0.929,2.65,3.39,0.876,0.9166,0.876,0.9315,1.11,0.55,0.83
boltz2,no_msa,6Q76,boltz2,input_model_1,0.96,0.9406,0.9289,2.66,3.42,0.8745,0.9155,0.8745,0.9312,1.16,0.97,1.07
boltz2,no_msa,6Q76,boltz2,input_model_3,0.96,0.9386,0.9271,2.74,3.5,0.8696,0.912,0.8696,0.9294,1.17,1.0,1.16
boltz2,no_msa,6Q76,boltz2,input_model_2,0.96,0.9401,0.9256,2.74,3.52,0.8734,0.9088,0.8734,0.9285,1.08,0.93,1.1
boltz2,no_msa,6Q76,boltz2,input_model_1,0.96,0.94,0.9248,2.65,3.41,0.868,0.9097,0.868,0.9278,1.17,0.92,1.04
boltz2,no_msa,6Q76,boltz2,input_model_2,0.96,0.9379,0.9247,2.8,3.59,0.8687,0.9067,0.8687,0.9273,1.1,0.86,0.99
boltz2,no_msa,6Q76,boltz2,input_model_1,0.96,0.9378,0.9244,2.8,3.58,0.8667,0.9062,0.8667,0.9271,1.11,0.98,1.16
boltz2,no_msa,6Q76,boltz2,input_model_2,0.96,0.9384,0.9239,2.75,3.54,0.87,0.9061,0.87,0.9268,1.11,0.95,1.1
boltz2,no_msa,6Q76,boltz2,input_model_0,0.96,0.9386,0.9234,2.69,3.47,0.8738,0.9086,0.8738,0.9264,1.09,0.46,1.12
boltz2,no_msa,6Q76,boltz2,input_model_1,0.96,0.9363,0.9222,2.76,3.56,0.8613,0.9028,0.8613,0.925,1.18,0.89,1.01
boltz2,no_msa,6Q76,boltz2,input_model_1,0.96,0.9361,0.922,2.83,3.64,0.8632,0.9002,0.8632,0.9248,1.1,0.93,1.06
boltz2,no_msa,6Q76,boltz2,input_model_0,0.96,0.9362,0.9218,2.79,3.58,0.8667,0.9039,0.8667,0.9247,1.09,0.48,0.8
boltz2,no_msa,6Q76,boltz2,input_model_3,0.96,0.9364,0.921,2.82,3.64,0.8626,0.8991,0.8626,0.9241,1.1,0.93,1.01
boltz2,no_msa,6Q76,boltz2,input_model_4,0.96,0.9371,0.9206,2.76,3.56,0.8682,0.9044,0.8682,0.9239,1.11,0.99,1.32
boltz2,no_msa,6Q76,boltz2,input_model_3,0.96,0.9368,0.9205,2.77,3.56,0.861,0.9006,0.861,0.9238,1.16,0.87,1.11
boltz2,no_msa,6Q76,boltz2,input_model_2,0.96,0.9354,0.9207,2.79,3.61,0.8635,0.903,0.8635,0.9236,1.1,0.51,0.62
boltz2,no_msa,6Q76,boltz2,input_model_2,0.96,0.9333,0.9198,2.95,3.77,0.858,0.9,0.858,0.9225,1.12,0.98,1.12
boltz2,no_msa,6Q76,boltz2,input_model_3,0.96,0.9344,0.9188,2.78,3.59,0.8618,0.8999,0.8618,0.9219,1.14,0.53,0.74
boltz2,no_msa,6Q76,boltz2,input_model_4,0.96,0.9334,0.9189,2.86,3.67,0.8571,0.8999,0.8571,0.9218,1.16,0.98,1.13
boltz2,no_msa,6Q76,boltz2,input_model_4,0.95,0.933,0.9179,2.84,3.65,0.86,0.9014,0.86,0.9209,1.09,0.63,0.74
boltz2,no_msa,6Q76,boltz2,input_model_4,0.96,0.9331,0.9179,2.89,3.73,0.853,0.8931,0.853,0.9209,1.14,0.94,1.04
boltz2,no_msa,6Q76,boltz2,input_model_4,0.96,0.9334,0.9172,2.89,3.72,0.8603,0.9006,0.8603,0.9204,1.1,0.88,1.02
boltz2,no_msa,6Q76,boltz2,input_model_3,0.96,0.9302,0.9125,2.93,3.79,0.8527,0.8937,0.8527,0.916,1.1,0.78,0.93
boltz2,msa,6Q76,boltz2_msa,input_model_0,0.97,0.9633,0.9555,2.05,2.56,0.9389,0.9586,0.9389,0.9571,0.97,0.34,0.76
boltz2,msa,6Q76,boltz2_msa,input_model_0,0.97,0.9626,0.9543,2.07,2.6,0.9387,0.9569,0.9387,0.956,0.96,0.33,0.78
boltz2,msa,6Q76,boltz2_msa,input_model_3,0.97,0.962,0.9543,2.13,2.66,0.9386,0.9572,0.9386,0.9558,0.92,0.33,0.67
boltz2,msa,6Q76,boltz2_msa,input_model_4,0.97,0.9622,0.9537,2.13,2.66,0.9382,0.9567,0.9382,0.9554,0.97,0.33,0.82
boltz2,msa,6Q76,boltz2_msa,input_model_1,0.97,0.962,0.9532,2.09,2.62,0.9379,0.9561,0.9379,0.955,0.97,0.32,0.85
boltz2,msa,6Q76,boltz2_msa,input_model_0,0.97,0.9614,0.9532,2.11,2.64,0.9372,0.9558,0.9372,0.9548,0.97,0.33,0.8
boltz2,msa,6Q76,boltz2_msa,input_model_3,0.97,0.9616,0.953,2.12,2.65,0.9377,0.9559,0.9377,0.9547,0.95,0.34,0.85
boltz2,msa,6Q76,boltz2_msa,input_model_0,0.97,0.9613,0.9531,2.13,2.66,0.9363,0.9557,0.9363,0.9547,0.99,0.33,0.88
boltz2,msa,6Q76,boltz2_msa,input_model_0,0.97,0.9613,0.9529,2.13,2.66,0.9363,0.9556,0.9363,0.9546,0.99,0.34,0.83
boltz2,msa,6Q76,boltz2_msa,input_model_2,0.97,0.9613,0.9529,2.12,2.66,0.9365,0.9555,0.9365,0.9546,0.99,0.33,0.79
boltz2,msa,6Q76,boltz2_msa,input_model_3,0.97,0.9614,0.9528,2.11,2.64,0.937,0.9554,0.937,0.9545,0.98,0.33,0.97
boltz2,msa,6Q76,boltz2_msa,input_model_4,0.97,0.9615,0.9523,2.13,2.67,0.9372,0.9551,0.9372,0.9541,0.98,0.41,0.97
boltz2,msa,6Q76,boltz2_msa,input_model_1,0.97,0.9605,0.9521,2.17,2.71,0.9341,0.9546,0.9341,0.9538,0.99,0.32,0.74
boltz2,msa,6Q76,boltz2_msa,input_model_2,0.97,0.9607,0.9519,2.14,2.69,0.9347,0.9543,0.9347,0.9537,0.99,0.34,0.73
boltz2,msa,6Q76,boltz2_msa,input_model_1,0.97,0.9606,0.9519,2.15,2.69,0.9341,0.9541,0.9341,0.9536,0.97,0.34,0.76
boltz2,msa,6Q76,boltz2_msa,input_model_2,0.97,0.9603,0.9517,2.17,2.72,0.9337,0.954,0.9337,0.9534,0.93,0.32,0.73
boltz2,msa,6Q76,boltz2_msa,input_model_3,0.97,0.9602,0.9516,2.16,2.71,0.9354,0.9541,0.9354,0.9533,0.96,0.33,0.68
boltz2,msa,6Q76,boltz2_msa,input_model_3,0.97,0.9604,0.9514,2.17,2.72,0.9359,0.9539,0.9359,0.9532,1.0,0.32,0.75
boltz2,msa,6Q76,boltz2_msa,input_model_2,0.97,0.961,0.9511,2.14,2.69,0.9359,0.9537,0.9359,0.9531,0.97,0.34,0.92
boltz2,msa,6Q76,boltz2_msa,input_model_1,0.97,0.9602,0.9513,2.17,2.72,0.933,0.9534,0.933,0.9531,0.95,0.33,0.88
boltz2,msa,6Q76,boltz2_msa,input_model_1,0.97,0.9601,0.9511,2.17,2.72,0.9324,0.9533,0.9324,0.9529,0.96,0.33,0.79
boltz2,msa,6Q76,boltz2_msa,input_model_4,0.97,0.9598,0.9509,2.19,2.73,0.9326,0.9529,0.9326,0.9527,0.97,0.35,0.84
boltz2,msa,6Q76,boltz2_msa,input_model_4,0.97,0.9599,0.9508,2.19,2.74,0.9341,0.9532,0.9341,0.9526,0.99,0.35,0.76
boltz2,msa,6Q76,boltz2_msa,input_model_2,0.97,0.9593,0.9498,2.19,2.74,0.9332,0.9521,0.9332,0.9517,0.97,0.35,1.09
boltz2,msa,6Q76,boltz2_msa,input_model_4,0.97,0.9555,0.9457,2.34,2.92,0.924,0.9469,0.924,0.9477,0.97,0.36,0.82
chai1,no_msa,6Q76,chai1,pred.model_idx_0,91.22,0.8807,0.79,0.0,0.0,0.0,0.0,0.0,0.8081,1.11,2.61,3.7
chai1,no_msa,6Q76,chai1,pred.model_idx_2,91.31,0.8819,0.7895,0.0,0.0,0.0,0.0,0.0,0.808,1.09,2.52,3.77
chai1,no_msa,6Q76,chai1,pred.model_idx_0,91.12,0.8808,0.7897,0.0,0.0,0.0,0.0,0.0,0.8079,1.1,2.61,3.47
chai1,no_msa,6Q76,chai1,pred.model_idx_3,90.98,0.8807,0.7894,0.0,0.0,0.0,0.0,0.0,0.8077,1.11,2.76,4.07
chai1,no_msa,6Q76,chai1,pred.model_idx_2,91.27,0.8812,0.7889,0.0,0.0,0.0,0.0,0.0,0.8074,1.11,2.55,3.85
chai1,no_msa,6Q76,chai1,pred.model_idx_3,91.25,0.8815,0.7888,0.0,0.0,0.0,0.0,0.0,0.8073,1.09,2.48,3.66
chai1,no_msa,6Q76,chai1,pred.model_idx_4,91.29,0.8812,0.7888,0.0,0.0,0.0,0.0,0.0,0.8073,1.09,2.52,3.7
chai1,no_msa,6Q76,chai1,pred.model_idx_4,91.26,0.8806,0.789,0.0,0.0,0.0,0.0,0.0,0.8073,1.11,2.5,3.84
chai1,no_msa,6Q76,chai1,pred.model_idx_3,91.24,0.8806,0.7888,0.0,0.0,0.0,0.0,0.0,0.8072,1.1,2.63,3.87
chai1,no_msa,6Q76,chai1,pred.model_idx_2,90.99,0.8799,0.7888,0.0,0.0,0.0,0.0,0.0,0.807,1.11,2.69,3.89
chai1,no_msa,6Q76,chai1,pred.model_idx_1,91.27,0.8809,0.7885,0.0,0.0,0.0,0.0,0.0,0.807,1.1,2.5,3.95
chai1,no_msa,6Q76,chai1,pred.model_idx_1,91.26,0.8815,0.7884,0.0,0.0,0.0,0.0,0.0,0.807,1.1,2.53,3.81
chai1,no_msa,6Q76,chai1,pred.model_idx_4,91.23,0.8814,0.7884,0.0,0.0,0.0,0.0,0.0,0.807,1.1,2.57,3.86
chai1,no_msa,6Q76,chai1,pred.model_idx_2,91.26,0.8808,0.7884,0.0,0.0,0.0,0.0,0.0,0.8069,1.08,2.58,4.01
chai1,no_msa,6Q76,chai1,pred.model_idx_1,91.21,0.8806,0.7881,0.0,0.0,0.0,0.0,0.0,0.8066,1.07,2.44,3.38
chai1,no_msa,6Q76,chai1,pred.model_idx_3,91.2,0.8808,0.7881,0.0,0.0,0.0,0.0,0.0,0.8066,1.11,2.52,3.82
chai1,no_msa,6Q76,chai1,pred.model_idx_1,91.22,0.8806,0.788,0.0,0.0,0.0,0.0,0.0,0.8065,1.12,2.48,3.66
chai1,no_msa,6Q76,chai1,pred.model_idx_0,91.24,0.881,0.7877,0.0,0.0,0.0,0.0,0.0,0.8064,1.09,2.56,3.78
chai1,no_msa,6Q76,chai1,pred.model_idx_0,91.11,0.8801,0.7877,0.0,0.0,0.0,0.0,0.0,0.8062,1.12,2.56,3.81
chai1,no_msa,6Q76,chai1,pred.model_idx_4,91.16,0.8807,0.7872,0.0,0.0,0.0,0.0,0.0,0.8059,1.12,2.58,3.54
chai1,no_msa,6Q76,chai1,pred.model_idx_1,91.15,0.8803,0.787,0.0,0.0,0.0,0.0,0.0,0.8057,1.09,2.52,3.72
chai1,no_msa,6Q76,chai1,pred.model_idx_3,91.12,0.8799,0.7868,0.0,0.0,0.0,0.0,0.0,0.8054,1.09,2.52,3.65
chai1,no_msa,6Q76,chai1,pred.model_idx_4,91.13,0.8803,0.7867,0.0,0.0,0.0,0.0,0.0,0.8054,1.1,2.49,3.52
chai1,no_msa,6Q76,chai1,pred.model_idx_2,91.07,0.8799,0.7867,0.0,0.0,0.0,0.0,0.0,0.8053,1.11,2.52,3.77
chai1,no_msa,6Q76,chai1,pred.model_idx_0,91.19,0.8806,0.7865,0.0,0.0,0.0,0.0,0.0,0.8053,1.11,2.57,3.74
colabfold,msa,6Q76,colabfold,complex_unrelaxed_rank_002_alphafold2_multimer_v3_model_1_seed_004,95.84,0.91,0.89,2.96,3.49,0.8547,0.8923,0.8547,0.894,0.72,0.54,1.09
colabfold,msa,6Q76,colabfold,complex_unrelaxed_rank_001_alphafold2_multimer_v3_model_1_seed_001,95.02,0.9,0.89,3.2,3.79,0.8389,0.8919,0.8389,0.892,0.73,0.6,1.05
colabfold,msa,6Q76,colabfold,complex_unrelaxed_rank_003_alphafold2_multimer_v3_model_1_seed_002,95.49,0.9,0.89,3.06,3.63,0.8446,0.8911,0.8446,0.892,0.72,0.59,1.17
colabfold,msa,6Q76,colabfold,complex_unrelaxed_rank_004_alphafold2_multimer_v3_model_1_seed_000,95.32,0.9,0.89,3.14,3.74,0.8382,0.8857,0.8382,0.892,0.72,0.63,1.1
colabfold,msa,6Q76,colabfold,complex_unrelaxed_rank_005_alphafold2_multimer_v3_model_5_seed_003,95.07,0.9,0.89,3.2,3.82,0.8333,0.8847,0.8333,0.892,0.75,0.56,0.87
colabfold,msa,6Q76,colabfold,complex_unrelaxed_rank_006_alphafold2_multimer_v3_model_5_seed_004,95.01,0.9,0.89,3.21,3.82,0.8335,0.8833,0.8335,0.892,0.74,0.54,0.84
colabfold,msa,6Q76,colabfold,complex_unrelaxed_rank_007_alphafold2_multimer_v3_model_2_seed_004,94.58,0.89,0.88,3.36,4.01,0.8251,0.8791,0.8251,0.882,0.74,0.65,1.12
colabfold,msa,6Q76,colabfold,complex_unrelaxed_rank_009_alphafold2_multimer_v3_model_2_seed_002,94.39,0.89,0.88,3.41,4.09,0.8183,0.8742,0.8183,0.882,0.74,0.73,1.28
colabfold,msa,6Q76,colabfold,complex_unrelaxed_rank_010_alphafold2_multimer_v3_model_2_seed_000,95.15,0.89,0.88,3.24,3.89,0.8185,0.8709,0.8185,0.882,0.74,0.61,1.37
colabfold,msa,6Q76,colabfold,complex_unrelaxed_rank_008_alphafold2_multimer_v3_model_4_seed_003,93.39,0.88,0.88,3.68,4.41,0.8141,0.8746,0.8141,0.88,0.76,0.61,1.15
colabfold,msa,6Q76,colabfold,complex_unrelaxed_rank_011_alphafold2_multimer_v3_model_4_seed_002,93.53,0.88,0.88,3.67,4.4,0.8162,0.8704,0.8162,0.88,0.75,0.7,1.31
colabfold,msa,6Q76,colabfold,complex_unrelaxed_rank_012_alphafold2_multimer_v3_model_2_seed_003,94.64,0.89,0.87,3.33,4.02,0.8114,0.8684,0.8114,0.874,0.75,0.59,1.17
colabfold,msa,6Q76,colabfold,complex_unrelaxed_rank_013_alphafold2_multimer_v3_model_2_seed_001,94.13,0.88,0.87,3.49,4.2,0.8078,0.8686,0.8078,0.872,0.74,0.57,1.22
colabfold,msa,6Q76,colabfold,complex_unrelaxed_rank_014_alphafold2_multimer_v3_model_4_seed_004,93.52,0.88,0.87,3.66,4.39,0.8158,0.8676,0.8158,0.872,0.75,0.62,1.05
colabfold,msa,6Q76,colabfold,complex_unrelaxed_rank_015_alphafold2_multimer_v3_model_4_seed_001,92.51,0.88,0.87,3.92,4.71,0.8008,0.8669,0.8008,0.872,0.76,0.65,1.2
colabfold,msa,6Q76,colabfold,complex_unrelaxed_rank_016_alphafold2_multimer_v3_model_4_seed_000,92.4,0.88,0.87,3.96,4.76,0.8006,0.8661,0.8006,0.872,0.76,0.61,1.06
colabfold,msa,6Q76,colabfold,complex_unrelaxed_rank_017_alphafold2_multimer_v3_model_3_seed_003,90.15,0.85,0.83,4.64,5.64,0.7401,0.7943,0.7401,0.834,0.75,3.44,4.79
colabfold,msa,6Q76,colabfold,complex_unrelaxed_rank_018_alphafold2_multimer_v3_model_3_seed_001,90.94,0.85,0.82,4.47,5.45,0.7419,0.783,0.7419,0.826,0.75,2.52,3.98
colabfold,msa,6Q76,colabfold,complex_unrelaxed_rank_019_alphafold2_multimer_v3_model_5_seed_002,72.7,0.63,0.39,9.55,14.04,0.1146,0.095,0.095,0.438,0.79,5.16,12.1
colabfold,msa,6Q76,colabfold,complex_unrelaxed_rank_020_alphafold2_multimer_v3_model_3_seed_000,72.52,0.61,0.32,9.41,13.81,0.1092,0.0734,0.0734,0.378,0.76,5.18,12.37
colabfold,msa,6Q76,colabfold,complex_unrelaxed_rank_021_alphafold2_multimer_v3_model_5_seed_001,76.41,0.57,0.24,10.26,16.46,0.0168,0.0055,0.0055,0.306,0.78,2.8,4.47
colabfold,msa,6Q76,colabfold,complex_unrelaxed_rank_022_alphafold2_multimer_v3_model_3_seed_002,72.69,0.52,0.14,12.11,19.65,0.0,0.0,0.0,0.216,0.79,2.98,19.91
colabfold,msa,6Q76,colabfold,complex_unrelaxed_rank_023_alphafold2_multimer_v3_model_3_seed_004,72.68,0.52,0.14,12.07,19.62,0.0,0.0,0.0,0.216,0.78,2.95,20.01
colabfold,msa,6Q76,colabfold,complex_unrelaxed_rank_025_alphafold2_multimer_v3_model_5_seed_000,77.34,0.51,0.1,12.14,20.97,0.0,0.0,0.0,0.182,0.8,2.52,12.06
colabfold,msa,6Q76,colabfold,complex_unrelaxed_rank_024_alphafold2_multimer_v3_model_1_seed_003,69.26,0.5,0.1,13.62,22.37,0.0,0.0,0.0,0.18,0.82,2.7,37.08
colabfold,no_msa,6Q76,colabfold_nomsa,complex_unrelaxed_rank_001_alphafold2_multimer_v3_model_2_seed_004,84.1,0.78,0.75,6.25,8.06,0.5085,0.5778,0.5085,0.756,1.05,1.79,1.99
colabfold,no_msa,6Q76,colabfold_nomsa,complex_unrelaxed_rank_002_alphafold2_multimer_v3_model_2_seed_002,82.22,0.76,0.71,6.69,8.67,0.4725,0.5109,0.4725,0.72,1.04,1.81,2.14
colabfold,no_msa,6Q76,colabfold_nomsa,complex_unrelaxed_rank_003_alphafold2_multimer_v3_model_2_seed_000,80.57,0.76,0.69,7.1,9.15,0.473,0.4796,0.473,0.704,1.0,2.11,2.79
colabfold,no_msa,6Q76,colabfold_nomsa,complex_unrelaxed_rank_004_alphafold2_multimer_v3_model_2_seed_003,79.82,0.75,0.68,7.22,9.29,0.4505,0.4714,0.4505,0.694,1.03,1.92,2.68
colabfold,no_msa,6Q76,colabfold_nomsa,complex_unrelaxed_rank_005_alphafold2_multimer_v3_model_3_seed_000,74.44,0.7,0.65,8.39,10.54,0.4513,0.4483,0.4483,0.66,2.88,1.74,4.72
colabfold,no_msa,6Q76,colabfold_nomsa,complex_unrelaxed_rank_006_alphafold2_multimer_v3_model_5_seed_003,76.79,0.7,0.63,8.02,10.24,0.4188,0.4147,0.4147,0.644,2.45,1.74,3.0
colabfold,no_msa,6Q76,colabfold_nomsa,complex_unrelaxed_rank_007_alphafold2_multimer_v3_model_2_seed_001,72.71,0.67,0.59,8.87,11.21,0.3569,0.3719,0.3569,0.606,2.62,1.85,4.29
colabfold,no_msa,6Q76,colabfold_nomsa,complex_unrelaxed_rank_008_alphafold2_multimer_v3_model_5_seed_002,66.67,0.58,0.49,10.58,13.48,0.2238,0.2307,0.2238,0.508,2.77,2.21,4.9
colabfold,no_msa,6Q76,colabfold_nomsa,complex_unrelaxed_rank_009_alphafold2_multimer_v3_model_5_seed_001,65.64,0.5,0.33,11.39,15.61,0.0627,0.0515,0.0515,0.364,2.79,1.88,5.34
colabfold,no_msa,6Q76,colabfold_nomsa,complex_unrelaxed_rank_010_alphafold2_multimer_v3_model_5_seed_000,62.92,0.46,0.24,12.59,17.84,0.012,0.0162,0.012,0.284,2.81,2.13,5.83
colabfold,no_msa,6Q76,colabfold_nomsa,complex_unrelaxed_rank_011_alphafold2_multimer_v3_model_3_seed_002,53.4,0.42,0.16,14.55,19.38,0.005,0.0082,0.005,0.212,3.47,1.81,6.25
colabfold,no_msa,6Q76,colabfold_nomsa,complex_unrelaxed_rank_014_alphafold2_multimer_v3_model_4_seed_000,51.35,0.4,0.11,16.43,22.47,0.0,0.0,0.0,0.168,4.45,1.66,20.89
colabfold,no_msa,6Q76,colabfold_nomsa,complex_unrelaxed_rank_024_alphafold2_multimer_v3_model_3_seed_003,53.4,0.45,0.09,16.31,23.36,0.0,0.0,0.0,0.162,1.01,10.87,37.94
colabfold,no_msa,6Q76,colabfold_nomsa,complex_unrelaxed_rank_013_alphafold2_multimer_v3_model_4_seed_001,45.07,0.32,0.11,17.22,22.38,0.0,0.0,0.0,0.152,4.94,4.28,8.9
colabfold,no_msa,6Q76,colabfold_nomsa,complex_unrelaxed_rank_012_alphafold2_multimer_v3_model_3_seed_001,39.1,0.25,0.12,17.77,21.61,0.0,0.0,0.0,0.146,3.6,11.74,19.04
colabfold,no_msa,6Q76,colabfold_nomsa,complex_unrelaxed_rank_017_alphafold2_multimer_v3_model_1_seed_001,39.54,0.25,0.1,18.41,22.9,0.0,0.0,0.0,0.13,5.88,5.05,18.88
colabfold,no_msa,6Q76,colabfold_nomsa,complex_unrelaxed_rank_018_alphafold2_multimer_v3_model_1_seed_004,38.22,0.24,0.1,18.55,22.92,0.0,0.0,0.0,0.128,5.34,5.44,14.2
colabfold,no_msa,6Q76,colabfold_nomsa,complex_unrelaxed_rank_019_alphafold2_multimer_v3_model_1_seed_000,38.58,0.24,0.1,18.27,22.69,0.0,0.0,0.0,0.128,5.59,4.69,17.25
colabfold,no_msa,6Q76,colabfold_nomsa,complex_unrelaxed_rank_020_alphafold2_multimer_v3_model_1_seed_003,38.05,0.24,0.1,18.47,22.91,0.0,0.0,0.0,0.128,5.77,4.95,18.87
colabfold,no_msa,6Q76,colabfold_nomsa,complex_unrelaxed_rank_015_alphafold2_multimer_v3_model_3_seed_004,35.59,0.23,0.1,18.49,22.03,0.0,0.0,0.0,0.126,6.56,11.71,25.65
colabfold,no_msa,6Q76,colabfold_nomsa,complex_unrelaxed_rank_022_alphafold2_multimer_v3_model_1_seed_002,38.61,0.23,0.1,18.6,23.16,0.0,0.0,0.0,0.126,5.39,5.33,18.68
colabfold,no_msa,6Q76,colabfold_nomsa,complex_unrelaxed_rank_016_alphafold2_multimer_v3_model_4_seed_003,34.65,0.22,0.1,18.86,22.89,0.0,0.0,0.0,0.124,6.46,11.15,23.56
colabfold,no_msa,6Q76,colabfold_nomsa,complex_unrelaxed_rank_021_alphafold2_multimer_v3_model_4_seed_004,35.39,0.22,0.1,19.16,23.24,0.0,0.0,0.0,0.124,5.43,12.14,17.28
colabfold,no_msa,6Q76,colabfold_nomsa,complex_unrelaxed_rank_025_alphafold2_multimer_v3_model_5_seed_004,41.97,0.28,0.08,18.15,23.64,0.0,0.0,0.0,0.12,2.68,11.3,35.18
colabfold,no_msa,6Q76,colabfold_nomsa,complex_unrelaxed_rank_023_alphafold2_multimer_v3_model_4_seed_002,35.74,0.23,0.09,18.78,22.92,0.0,0.0,0.0,0.118,5.6,11.34,20.57
esmfold2,no_msa,6Q76,esmfold2,output_seed789_esmfold2_pred,92.28,0.9293,0.914,2.88,3.6,0.8767,0.9094,0.8767,0.9171,1.14,0.56,0.82
esmfold2,no_msa,6Q76,esmfold2,output_seed1024_esmfold2_pred,92.3,0.9281,0.9128,2.88,3.6,0.8759,0.9085,0.8759,0.9159,1.13,0.53,0.98
esmfold2,no_msa,6Q76,esmfold2,output_seed456_esmfold2_pred,92.18,0.9255,0.909,2.93,3.67,0.8677,0.9037,0.8677,0.9123,1.07,0.5,0.86
esmfold2,no_msa,6Q76,esmfold2,output_esmfold2_pred,92.09,0.9254,0.9076,2.92,3.68,0.8637,0.9009,0.8637,0.9112,1.07,0.44,0.61
esmfold2,no_msa,6Q76,esmfold2,output_seed123_esmfold2_pred,92.1,0.9262,0.907,2.92,3.66,0.8697,0.9005,0.8697,0.9108,1.06,0.49,1.17
af2m,msa,6R8K,af2m,ranked_0,94.19,0.8735,0.8218,3.49,4.41,0.7731,0.7738,0.7731,0.8321,1.14,0.55,1.85
af2m,msa,6R8K,af2m,ranked_1,94.16,0.8711,0.8193,3.49,4.41,0.7726,0.7726,0.7726,0.8297,1.12,0.55,1.91
af2m,msa,6R8K,af2m,ranked_2,93.2,0.8565,0.814,3.78,4.8,0.7429,0.7508,0.7429,0.8225,0.81,0.52,29.04
af2m,msa,6R8K,af2m,ranked_3,93.73,0.8651,0.808,3.61,4.61,0.7471,0.7554,0.7471,0.8194,1.1,0.56,1.72
af2m,msa,6R8K,af2m,ranked_4,81.77,0.5693,0.1851,10.77,18.72,0.0,0.0178,0.0,0.2619,1.46,0.55,20.24
af2m,msa,6R8K,af2m,ranked_5,81.18,0.5533,0.1584,11.34,19.87,0.0,0.0107,0.0,0.2374,1.48,0.54,19.59
af2m,msa,6R8K,af2m,ranked_6,79.61,0.5484,0.1459,11.66,20.43,0.0,0.0053,0.0,0.2264,1.61,0.54,22.51
af2m,msa,6R8K,af2m,ranked_7,82.59,0.5388,0.1482,11.83,20.52,0.0,0.0026,0.0,0.2263,1.36,0.44,44.72
af2m,msa,6R8K,af2m,ranked_8,78.68,0.5471,0.1461,11.69,20.55,0.0,0.0029,0.0,0.2263,1.24,0.58,23.43
af2m,msa,6R8K,af2m,ranked_9,82.31,0.5491,0.145,11.55,20.31,0.0,0.0081,0.0,0.2258,1.25,0.55,19.77
af2m,msa,6R8K,af2m,ranked_10,82.22,0.5496,0.1446,11.55,20.35,0.0,0.0082,0.0,0.2256,1.28,0.56,20.56
af2m,msa,6R8K,af2m,ranked_11,82.49,0.5498,0.1445,11.65,20.5,0.0,0.0081,0.0,0.2256,1.2,0.55,20.32
af2m,msa,6R8K,af2m,ranked_12,78.69,0.5464,0.1453,11.79,20.64,0.0,0.0029,0.0,0.2255,1.55,0.55,23.14
af2m,msa,6R8K,af2m,ranked_13,82.08,0.5469,0.144,11.78,20.64,0.0,0.0051,0.0,0.2246,1.2,0.56,19.38
af2m,msa,6R8K,af2m,ranked_14,79.07,0.5444,0.1389,11.83,20.71,0.0,0.0027,0.0,0.22,1.5,0.53,24.2
af2m,msa,6R8K,af2m,ranked_15,81.69,0.5453,0.1373,11.73,20.62,0.0,0.0025,0.0,0.2189,1.28,0.56,21.6
af2m,msa,6R8K,af2m,ranked_16,81.66,0.5374,0.1378,12.16,21.12,0.0,0.0,0.0,0.2177,1.37,0.46,45.14
af2m,msa,6R8K,af2m,ranked_17,82.27,0.5361,0.1363,12.16,21.16,0.0,0.0,0.0,0.2163,1.36,0.46,45.26
af2m,msa,6R8K,af2m,ranked_18,82.36,0.5349,0.1356,12.13,21.1,0.0,0.0,0.0,0.2155,1.37,0.44,45.12
af2m,msa,6R8K,af2m,ranked_19,81.6,0.5288,0.1313,12.38,21.5,0.0,0.0,0.0,0.2108,1.36,0.46,44.47
af2m,msa,6R8K,af2m,ranked_20,78.11,0.5316,0.1279,12.45,21.78,0.0,0.0,0.0,0.2086,1.38,0.52,22.17
af2m,msa,6R8K,af2m,ranked_21,78.91,0.5332,0.1273,12.36,21.72,0.0,0.0,0.0,0.2085,1.39,0.56,21.47
af2m,msa,6R8K,af2m,ranked_22,78.27,0.5318,0.1271,12.37,21.67,0.0,0.0,0.0,0.208,1.61,0.53,23.73
af2m,msa,6R8K,af2m,ranked_23,78.53,0.5325,0.1254,12.34,21.61,0.0,0.0,0.0,0.2068,1.53,0.54,20.79
af2m,msa,6R8K,af2m,ranked_24,78.53,0.5297,0.1214,12.42,21.77,0.0,0.0,0.0,0.2031,1.37,0.55,24.04
af3,msa,6R8K,af3,seed-123_sample-4,94.21,0.92,0.9,2.47,2.93,0.8945,0.8838,0.8838,0.904,0.63,0.75,1.09
af3,msa,6R8K,af3,seed-1024_sample-1,94.12,0.92,0.89,2.73,3.23,0.8893,0.8753,0.8753,0.896,0.79,0.56,1.41
af3,msa,6R8K,af3,seed-42_sample-0,94.01,0.92,0.89,2.71,3.22,0.8858,0.875,0.875,0.896,0.73,0.64,1.06
af3,msa,6R8K,af3,seed-456_sample-1,94.06,0.92,0.89,2.64,3.12,0.8884,0.8781,0.8781,0.896,0.81,0.69,1.13
af3,msa,6R8K,af3,seed-789_sample-1,93.61,0.92,0.89,2.87,3.42,0.884,0.8679,0.8679,0.896,1.19,0.73,1.29
af3,msa,6R8K,af3,seed-789_sample-3,94.08,0.92,0.89,2.64,3.12,0.8843,0.8777,0.8777,0.896,0.84,0.63,1.18
af3,msa,6R8K,af3,seed-789_sample-4,93.99,0.92,0.89,2.79,3.29,0.8845,0.8737,0.8737,0.896,0.75,0.58,1.19
af3,msa,6R8K,af3,seed-1024_sample-4,93.91,0.91,0.89,2.79,3.3,0.8839,0.8719,0.8719,0.894,0.75,0.6,1.2
af3,msa,6R8K,af3,seed-456_sample-2,93.5,0.91,0.89,2.98,3.54,0.8851,0.8628,0.8628,0.894,1.19,0.73,1.44
af3,msa,6R8K,af3,seed-456_sample-3,93.43,0.91,0.89,2.86,3.41,0.8867,0.8658,0.8658,0.894,1.1,0.67,1.17
af3,msa,6R8K,af3,seed-789_sample-0,93.93,0.91,0.89,2.77,3.27,0.8841,0.8719,0.8719,0.894,0.7,0.4,1.11
af3,msa,6R8K,af3,seed-1024_sample-0,93.77,0.91,0.88,2.86,3.39,0.8806,0.8674,0.8674,0.886,0.64,0.59,1.25
af3,msa,6R8K,af3,seed-1024_sample-2,93.57,0.91,0.88,2.92,3.45,0.8782,0.8628,0.8628,0.886,0.7,0.5,0.92
af3,msa,6R8K,af3,seed-1024_sample-3,93.73,0.91,0.88,2.84,3.36,0.8792,0.865,0.865,0.886,0.8,0.61,1.11
af3,msa,6R8K,af3,seed-123_sample-0,93.71,0.91,0.88,2.79,3.32,0.8815,0.8692,0.8692,0.886,0.76,0.73,1.12
af3,msa,6R8K,af3,seed-123_sample-1,93.22,0.91,0.88,2.99,3.56,0.8759,0.8588,0.8588,0.886,1.05,0.37,0.88
af3,msa,6R8K,af3,seed-123_sample-2,93.59,0.91,0.88,2.9,3.42,0.8753,0.8675,0.8675,0.886,0.75,0.64,1.21
af3,msa,6R8K,af3,seed-123_sample-3,93.45,0.91,0.88,2.93,3.47,0.8772,0.8612,0.8612,0.886,0.81,0.54,1.06
af3,msa,6R8K,af3,seed-42_sample-1,93.91,0.91,0.88,2.77,3.28,0.8814,0.8703,0.8703,0.886,0.79,0.6,1.07
af3,msa,6R8K,af3,seed-42_sample-2,93.54,0.91,0.88,2.97,3.53,0.8776,0.8608,0.8608,0.886,0.74,0.66,1.15
af3,msa,6R8K,af3,seed-42_sample-3,93.86,0.91,0.88,2.83,3.36,0.8791,0.8678,0.8678,0.886,0.76,0.62,1.18
af3,msa,6R8K,af3,seed-42_sample-4,93.46,0.91,0.88,2.97,3.53,0.876,0.8588,0.8588,0.886,0.79,0.63,1.19
af3,msa,6R8K,af3,seed-456_sample-0,93.71,0.91,0.88,2.88,3.4,0.8807,0.867,0.867,0.886,0.79,0.56,1.27
af3,msa,6R8K,af3,seed-456_sample-4,93.77,0.91,0.88,2.86,3.38,0.8805,0.8674,0.8674,0.886,0.7,0.42,1.03
af3,msa,6R8K,af3,seed-789_sample-2,93.34,0.91,0.88,3.04,3.6,0.8767,0.8609,0.8609,0.886,1.32,0.59,1.68
af3,no_msa,6R8K,af3_nomsa,seed-123_sample-3,92.96,0.91,0.88,3.23,3.82,0.87,0.8485,0.8485,0.886,2.73,0.47,3.02
af3,no_msa,6R8K,af3_nomsa,seed-123_sample-4,92.74,0.91,0.88,3.22,3.81,0.878,0.85,0.85,0.886,2.77,0.38,3.04
af3,no_msa,6R8K,af3_nomsa,seed-123_sample-0,92.73,0.9,0.88,3.35,3.98,0.8704,0.8431,0.8431,0.884,3.05,0.88,3.37
af3,no_msa,6R8K,af3_nomsa,seed-456_sample-3,92.75,0.9,0.88,3.31,3.94,0.8754,0.8426,0.8426,0.884,2.54,0.74,3.29
af3,no_msa,6R8K,af3_nomsa,seed-456_sample-4,92.4,0.9,0.88,3.51,4.19,0.8659,0.8299,0.8299,0.884,2.8,0.63,3.0
af3,no_msa,6R8K,af3_nomsa,seed-42_sample-0,92.36,0.9,0.87,3.36,4.01,0.866,0.8409,0.8409,0.876,2.58,0.71,3.44
af3,no_msa,6R8K,af3_nomsa,seed-42_sample-1,92.2,0.9,0.87,3.45,4.12,0.8571,0.83,0.83,0.876,2.57,0.69,3.21
af3,no_msa,6R8K,af3_nomsa,seed-42_sample-2,91.88,0.9,0.87,3.6,4.29,0.8575,0.8309,0.8309,0.876,2.61,0.7,3.14
af3,no_msa,6R8K,af3_nomsa,seed-42_sample-3,92.32,0.9,0.87,3.47,4.14,0.8588,0.8328,0.8328,0.876,2.57,0.67,3.11
af3,no_msa,6R8K,af3_nomsa,seed-42_sample-4,91.91,0.9,0.87,3.5,4.17,0.8591,0.8333,0.8333,0.876,2.69,0.5,3.16
af3,no_msa,6R8K,af3_nomsa,seed-456_sample-0,92.0,0.9,0.87,3.61,4.32,0.8552,0.8235,0.8235,0.876,2.53,0.65,2.98
af3,no_msa,6R8K,af3_nomsa,seed-456_sample-1,92.24,0.9,0.87,3.53,4.21,0.866,0.8317,0.8317,0.876,2.63,0.77,3.36
af3,no_msa,6R8K,af3_nomsa,seed-456_sample-2,92.23,0.9,0.87,3.51,4.18,0.8628,0.8324,0.8324,0.876,2.57,0.85,3.2
af3,no_msa,6R8K,af3_nomsa,seed-123_sample-1,91.99,0.89,0.87,3.6,4.27,0.8555,0.8224,0.8224,0.874,2.77,0.45,2.99
af3,no_msa,6R8K,af3_nomsa,seed-123_sample-2,91.75,0.89,0.87,3.69,4.42,0.8536,0.8192,0.8192,0.874,2.73,0.66,2.89
af3,no_msa,6R8K,af3_nomsa,seed-789_sample-2,90.34,0.88,0.84,4.18,5.1,0.7911,0.7562,0.7562,0.848,2.57,0.69,3.11
af3,no_msa,6R8K,af3_nomsa,seed-1024_sample-4,89.81,0.87,0.83,4.39,5.37,0.7786,0.7461,0.7461,0.838,2.59,0.54,2.97
af3,no_msa,6R8K,af3_nomsa,seed-789_sample-0,89.81,0.87,0.83,4.4,5.41,0.7604,0.7469,0.7469,0.838,2.69,0.37,3.16
af3,no_msa,6R8K,af3_nomsa,seed-789_sample-1,89.43,0.87,0.83,4.46,5.49,0.767,0.7331,0.7331,0.838,2.67,0.79,2.74
af3,no_msa,6R8K,af3_nomsa,seed-789_sample-3,89.79,0.87,0.83,4.31,5.28,0.771,0.7428,0.7428,0.838,2.69,0.73,3.43
af3,no_msa,6R8K,af3_nomsa,seed-1024_sample-1,89.04,0.86,0.83,4.61,5.72,0.7598,0.7188,0.7188,0.836,2.4,0.64,3.03
af3,no_msa,6R8K,af3_nomsa,seed-1024_sample-2,89.07,0.86,0.82,4.72,5.83,0.7445,0.712,0.712,0.828,2.62,0.49,2.68
af3,no_msa,6R8K,af3_nomsa,seed-789_sample-4,89.35,0.86,0.82,4.68,5.75,0.7384,0.7193,0.7193,0.828,2.58,0.48,2.84
af3,no_msa,6R8K,af3_nomsa,seed-1024_sample-0,88.73,0.85,0.81,4.73,5.84,0.7457,0.7022,0.7022,0.818,2.62,0.49,2.74
af3,no_msa,6R8K,af3_nomsa,seed-1024_sample-3,88.3,0.85,0.81,4.89,6.07,0.7298,0.6908,0.6908,0.818,2.62,0.68,3.08
boltz1,no_msa,6R8K,boltz1,input_model_1,0.94,0.9479,0.9396,2.63,3.2,0.9445,0.9127,0.9127,0.9413,1.55,0.83,2.28
boltz1,no_msa,6R8K,boltz1,input_model_0,0.94,0.9477,0.9395,2.62,3.2,0.9444,0.914,0.914,0.9411,1.64,0.85,2.27
boltz1,no_msa,6R8K,boltz1,input_model_0,0.94,0.9476,0.9393,2.62,3.21,0.9441,0.917,0.917,0.941,1.76,0.8,2.18
boltz1,no_msa,6R8K,boltz1,input_model_0,0.94,0.9478,0.9392,2.61,3.19,0.944,0.9132,0.9132,0.9409,1.64,0.85,2.34
boltz1,no_msa,6R8K,boltz1,input_model_4,0.94,0.9475,0.9389,2.64,3.23,0.9437,0.9163,0.9163,0.9406,1.7,0.82,2.12
boltz1,no_msa,6R8K,boltz1,input_model_1,0.94,0.9467,0.9388,2.67,3.25,0.9436,0.9114,0.9114,0.9404,1.53,0.83,2.31
boltz1,no_msa,6R8K,boltz1,input_model_2,0.94,0.9472,0.9386,2.61,3.2,0.9435,0.9128,0.9128,0.9403,1.66,0.82,2.13
boltz1,no_msa,6R8K,boltz1,input_model_0,0.94,0.9473,0.9384,2.63,3.21,0.9433,0.9152,0.9152,0.9402,1.66,0.84,2.25
boltz1,no_msa,6R8K,boltz1,input_model_0,0.94,0.9471,0.9383,2.64,3.23,0.9432,0.9158,0.9158,0.9401,1.74,0.87,2.3
boltz1,no_msa,6R8K,boltz1,input_model_2,0.94,0.947,0.9378,2.69,3.26,0.9424,0.9123,0.9123,0.9396,1.75,1.06,2.44
boltz1,no_msa,6R8K,boltz1,input_model_1,0.94,0.9467,0.9377,2.7,3.28,0.9424,0.9134,0.9134,0.9395,1.68,1.08,2.36
boltz1,no_msa,6R8K,boltz1,input_model_3,0.94,0.947,0.9372,2.7,3.27,0.9418,0.9168,0.9168,0.9392,1.72,1.07,2.51
boltz1,no_msa,6R8K,boltz1,input_model_2,0.94,0.9473,0.937,2.65,3.21,0.9415,0.9149,0.9149,0.9391,1.65,1.19,2.57
boltz1,no_msa,6R8K,boltz1,input_model_4,0.94,0.947,0.937,2.68,3.26,0.9414,0.9162,0.9162,0.939,1.76,1.15,2.4
boltz1,no_msa,6R8K,boltz1,input_model_1,0.94,0.9465,0.9371,2.69,3.27,0.9418,0.9103,0.9103,0.939,1.61,0.93,2.45
boltz1,no_msa,6R8K,boltz1,input_model_1,0.94,0.9464,0.9369,2.71,3.28,0.9415,0.9148,0.9148,0.9388,1.59,1.15,2.5
boltz1,no_msa,6R8K,boltz1,input_model_2,0.94,0.9449,0.9371,2.73,3.33,0.942,0.9098,0.9098,0.9387,1.66,0.81,2.15
boltz1,no_msa,6R8K,boltz1,input_model_3,0.94,0.9466,0.9363,2.68,3.26,0.9409,0.9145,0.9145,0.9384,1.71,1.07,2.25
boltz1,no_msa,6R8K,boltz1,input_model_3,0.94,0.9457,0.9364,2.73,3.3,0.9409,0.9118,0.9118,0.9383,1.58,1.14,2.51
boltz1,no_msa,6R8K,boltz1,input_model_3,0.94,0.9454,0.9364,2.77,3.37,0.941,0.9069,0.9069,0.9382,1.76,1.07,2.32
boltz1,no_msa,6R8K,boltz1,input_model_3,0.94,0.9456,0.9362,2.74,3.32,0.9406,0.9133,0.9133,0.9381,1.57,1.14,2.47
boltz1,no_msa,6R8K,boltz1,input_model_4,0.94,0.9459,0.9356,2.73,3.32,0.9402,0.9141,0.9141,0.9377,1.71,1.07,2.27
boltz1,no_msa,6R8K,boltz1,input_model_2,0.94,0.944,0.936,2.84,3.42,0.9405,0.9072,0.9072,0.9376,1.49,1.01,2.4
boltz1,no_msa,6R8K,boltz1,input_model_4,0.94,0.9455,0.9355,2.73,3.32,0.9399,0.9154,0.9154,0.9375,1.74,1.2,2.45
boltz1,no_msa,6R8K,boltz1,input_model_4,0.94,0.9457,0.9352,2.7,3.28,0.9397,0.9095,0.9095,0.9373,1.8,1.15,2.56
boltz1,msa,6R8K,boltz1_msa,input_model_0,0.96,0.9573,0.9449,2.13,2.62,0.9498,0.9349,0.9349,0.9474,0.96,0.56,1.99
boltz1,msa,6R8K,boltz1_msa,input_model_1,0.96,0.956,0.9433,2.18,2.68,0.9481,0.9325,0.9325,0.9458,0.92,0.59,1.95
boltz1,msa,6R8K,boltz1_msa,input_model_2,0.96,0.9559,0.9431,2.17,2.68,0.9479,0.9328,0.9328,0.9457,0.93,0.57,2.03
boltz1,msa,6R8K,boltz1_msa,input_model_2,0.96,0.9561,0.9426,2.2,2.69,0.9471,0.9341,0.9341,0.9453,0.94,0.98,2.01
boltz1,msa,6R8K,boltz1_msa,input_model_1,0.96,0.9559,0.9426,2.23,2.72,0.9472,0.9342,0.9342,0.9453,0.88,0.98,2.06
boltz1,msa,6R8K,boltz1_msa,input_model_0,0.96,0.9554,0.9426,2.19,2.7,0.9475,0.9319,0.9319,0.9452,0.94,0.65,2.01
boltz1,msa,6R8K,boltz1_msa,input_model_1,0.96,0.9559,0.9424,2.2,2.69,0.9471,0.9346,0.9346,0.9451,0.92,0.94,2.06
boltz1,msa,6R8K,boltz1_msa,input_model_1,0.96,0.9556,0.9424,2.19,2.7,0.9472,0.9327,0.9327,0.945,0.9,0.66,1.86
boltz1,msa,6R8K,boltz1_msa,input_model_3,0.96,0.9554,0.942,2.23,2.72,0.9466,0.9333,0.9333,0.9447,0.96,0.92,2.1
boltz1,msa,6R8K,boltz1_msa,input_model_0,0.96,0.9547,0.9419,2.21,2.73,0.9467,0.9311,0.9311,0.9445,0.94,0.56,1.95
boltz1,msa,6R8K,boltz1_msa,input_model_3,0.96,0.9548,0.9416,2.19,2.7,0.9465,0.9317,0.9317,0.9442,0.92,0.57,1.82
boltz1,msa,6R8K,boltz1_msa,input_model_2,0.96,0.9551,0.9415,2.24,2.74,0.946,0.9329,0.9329,0.9442,0.89,0.92,2.02
boltz1,msa,6R8K,boltz1_msa,input_model_2,0.96,0.9551,0.9413,2.24,2.73,0.9459,0.9335,0.9335,0.9441,0.96,0.86,2.04
boltz1,msa,6R8K,boltz1_msa,input_model_0,0.96,0.9549,0.9411,2.23,2.72,0.9457,0.9329,0.9329,0.9439,0.91,0.89,2.06
boltz1,msa,6R8K,boltz1_msa,input_model_1,0.96,0.9548,0.9411,2.23,2.73,0.9457,0.933,0.933,0.9438,0.92,0.99,2.02
boltz1,msa,6R8K,boltz1_msa,input_model_0,0.96,0.9547,0.9411,2.23,2.73,0.9456,0.9319,0.9319,0.9438,0.89,0.99,2.18
boltz1,msa,6R8K,boltz1_msa,input_model_4,0.96,0.9547,0.9409,2.25,2.75,0.9455,0.9326,0.9326,0.9437,0.91,0.91,2.03
boltz1,msa,6R8K,boltz1_msa,input_model_4,0.96,0.9544,0.9408,2.26,2.77,0.9454,0.9309,0.9309,0.9435,0.96,0.94,2.04
boltz1,msa,6R8K,boltz1_msa,input_model_3,0.96,0.9545,0.9408,2.26,2.77,0.9453,0.931,0.931,0.9435,0.86,0.98,2.0
boltz1,msa,6R8K,boltz1_msa,input_model_3,0.96,0.9542,0.9405,2.28,2.78,0.9451,0.9303,0.9303,0.9432,0.93,0.97,2.07
boltz1,msa,6R8K,boltz1_msa,input_model_3,0.96,0.9537,0.9406,2.24,2.76,0.9453,0.9297,0.9297,0.9432,0.91,0.63,1.84
boltz1,msa,6R8K,boltz1_msa,input_model_4,0.96,0.954,0.9405,2.28,2.78,0.945,0.9303,0.9303,0.9432,0.98,1.05,2.16
boltz1,msa,6R8K,boltz1_msa,input_model_4,0.96,0.9539,0.9403,2.27,2.78,0.9448,0.9312,0.9312,0.943,0.9,0.95,2.08
boltz1,msa,6R8K,boltz1_msa,input_model_2,0.96,0.954,0.94,2.25,2.76,0.9445,0.9316,0.9316,0.9428,0.9,0.98,2.02
boltz1,msa,6R8K,boltz1_msa,input_model_4,0.96,0.9529,0.9394,2.34,2.85,0.944,0.9295,0.9295,0.9421,0.91,0.77,1.9
boltz2,no_msa,6R8K,boltz2,input_model_0,0.92,0.6305,0.3673,10.45,16.21,0.0,0.0,0.0,0.4199,1.5,1.8,29.15
boltz2,no_msa,6R8K,boltz2,input_model_1,0.84,0.6149,0.3417,10.4,16.36,0.0,0.0,0.0,0.3963,1.35,1.15,33.54
boltz2,no_msa,6R8K,boltz2,input_model_4,0.84,0.5445,0.2205,12.33,19.42,0.0,0.0,0.0,0.2853,1.73,1.07,35.64
boltz2,no_msa,6R8K,boltz2,input_model_0,0.9,0.5201,0.2265,13.33,21.07,0.0,0.0,0.0,0.2852,1.22,10.3,32.07
boltz2,no_msa,6R8K,boltz2,input_model_3,0.87,0.5195,0.171,13.24,21.54,0.0,0.0,0.0,0.2407,1.54,0.67,30.38
boltz2,no_msa,6R8K,boltz2,input_model_0,0.9,0.5213,0.1692,13.37,21.44,0.0,0.0,0.0,0.2396,1.44,1.07,19.61
boltz2,no_msa,6R8K,boltz2,input_model_2,0.89,0.5106,0.1555,13.63,21.79,0.0,0.0,0.0,0.2265,1.32,0.79,20.83
boltz2,no_msa,6R8K,boltz2,input_model_0,0.91,0.5084,0.1384,13.51,21.88,0.0,0.0,0.0,0.2124,1.21,0.91,25.71
boltz2,no_msa,6R8K,boltz2,input_model_1,0.9,0.5039,0.1345,13.64,22.22,0.0,0.0,0.0,0.2084,1.37,0.92,24.59
boltz2,no_msa,6R8K,boltz2,input_model_4,0.87,0.4981,0.1315,13.76,22.47,0.0,0.0,0.0,0.2048,1.43,0.7,23.08
boltz2,no_msa,6R8K,boltz2,input_model_1,0.91,0.4992,0.1298,13.81,22.21,0.0,0.0,0.0,0.2037,1.34,0.85,24.22
boltz2,no_msa,6R8K,boltz2,input_model_2,0.89,0.5006,0.1291,13.64,22.29,0.0,0.0,0.0,0.2034,1.4,1.06,26.15
boltz2,no_msa,6R8K,boltz2,input_model_3,0.88,0.4965,0.1292,13.9,22.5,0.0,0.0,0.0,0.2027,1.4,0.68,23.32
boltz2,no_msa,6R8K,boltz2,input_model_4,0.88,0.4976,0.1281,14.02,22.62,0.0,0.0,0.0,0.202,1.39,0.87,22.45
boltz2,no_msa,6R8K,boltz2,input_model_0,0.91,0.4998,0.1261,13.79,22.32,0.0,0.0,0.0,0.2008,1.21,0.96,24.89
boltz2,no_msa,6R8K,boltz2,input_model_1,0.91,0.5005,0.1255,13.83,22.42,0.0,0.0,0.0,0.2005,1.23,1.01,24.97
boltz2,no_msa,6R8K,boltz2,input_model_3,0.89,0.4999,0.124,13.47,22.36,0.0,0.0,0.0,0.1992,1.27,1.07,26.66
boltz2,no_msa,6R8K,boltz2,input_model_2,0.91,0.4951,0.1221,13.92,22.53,0.0,0.0,0.0,0.1967,1.39,1.12,24.65
boltz2,no_msa,6R8K,boltz2,input_model_2,0.89,0.493,0.1221,14.06,22.78,0.0,0.0,0.0,0.1963,1.33,0.71,23.09
boltz2,no_msa,6R8K,boltz2,input_model_3,0.87,0.4934,0.1216,14.11,22.79,0.0,0.0,0.0,0.196,1.53,0.86,21.83
boltz2,no_msa,6R8K,boltz2,input_model_4,0.87,0.4948,0.1206,14.07,22.83,0.0,0.0,0.0,0.1954,1.27,0.86,22.58
boltz2,no_msa,6R8K,boltz2,input_model_1,0.89,0.4909,0.1154,13.98,22.79,0.0,0.0,0.0,0.1905,1.23,0.93,24.5
boltz2,no_msa,6R8K,boltz2,input_model_2,0.88,0.4937,0.1147,14.06,22.85,0.0,0.0,0.0,0.1905,1.24,0.94,24.75
boltz2,no_msa,6R8K,boltz2,input_model_3,0.88,0.4899,0.1142,14.19,23.06,0.0,0.0,0.0,0.1893,1.37,0.66,23.46
boltz2,no_msa,6R8K,boltz2,input_model_4,0.88,0.487,0.1088,14.25,23.13,0.0,0.0,0.0,0.1844,1.1,0.69,22.59
boltz2,msa,6R8K,boltz2_msa,input_model_0,0.97,0.9692,0.9608,1.72,2.14,0.9645,0.9529,0.9529,0.9625,0.58,0.53,0.96
boltz2,msa,6R8K,boltz2_msa,input_model_0,0.97,0.9684,0.9598,1.79,2.22,0.9631,0.9506,0.9506,0.9615,0.55,0.51,1.06
boltz2,msa,6R8K,boltz2_msa,input_model_0,0.97,0.9681,0.9596,1.78,2.21,0.9631,0.9511,0.9511,0.9613,0.58,0.52,1.06
boltz2,msa,6R8K,boltz2_msa,input_model_1,0.97,0.9677,0.9589,1.78,2.22,0.9624,0.95,0.95,0.9607,0.55,0.46,0.99
boltz2,msa,6R8K,boltz2_msa,input_model_0,0.97,0.9676,0.9587,1.78,2.22,0.9622,0.9498,0.9498,0.9605,0.54,0.48,0.95
boltz2,msa,6R8K,boltz2_msa,input_model_2,0.97,0.9675,0.9588,1.8,2.24,0.9623,0.9495,0.9495,0.9605,0.55,0.53,1.0
boltz2,msa,6R8K,boltz2_msa,input_model_2,0.97,0.9671,0.9582,1.84,2.28,0.9613,0.9485,0.9485,0.96,0.52,0.48,0.98
boltz2,msa,6R8K,boltz2_msa,input_model_4,0.97,0.967,0.958,1.81,2.25,0.9614,0.949,0.949,0.9598,0.56,0.47,1.02
boltz2,msa,6R8K,boltz2_msa,input_model_1,0.97,0.9665,0.9577,1.81,2.26,0.9611,0.9479,0.9479,0.9595,0.55,0.51,1.0
boltz2,msa,6R8K,boltz2_msa,input_model_0,0.97,0.9664,0.9576,1.85,2.3,0.9605,0.946,0.946,0.9594,0.52,0.53,1.06
boltz2,msa,6R8K,boltz2_msa,input_model_2,0.97,0.9666,0.9576,1.84,2.29,0.9605,0.9473,0.9473,0.9594,0.55,0.51,1.02
boltz2,msa,6R8K,boltz2_msa,input_model_4,0.97,0.9666,0.9576,1.82,2.26,0.961,0.9479,0.9479,0.9594,0.55,0.51,1.02
boltz2,msa,6R8K,boltz2_msa,input_model_3,0.97,0.9664,0.9575,1.82,2.27,0.9607,0.9474,0.9474,0.9593,0.54,0.52,0.93
boltz2,msa,6R8K,boltz2_msa,input_model_3,0.97,0.9663,0.9574,1.82,2.27,0.9607,0.9483,0.9483,0.9592,0.55,0.44,0.91
boltz2,msa,6R8K,boltz2_msa,input_model_2,0.97,0.9657,0.9567,1.87,2.32,0.9598,0.9463,0.9463,0.9585,0.58,0.37,1.16
boltz2,msa,6R8K,boltz2_msa,input_model_1,0.97,0.9657,0.9566,1.86,2.31,0.9595,0.9456,0.9456,0.9584,0.55,0.49,1.07
boltz2,msa,6R8K,boltz2_msa,input_model_1,0.97,0.9655,0.9565,1.87,2.33,0.9594,0.9456,0.9456,0.9583,0.58,0.46,1.17
boltz2,msa,6R8K,boltz2_msa,input_model_1,0.97,0.9652,0.9562,1.88,2.33,0.9592,0.9454,0.9454,0.958,0.55,0.52,1.03
boltz2,msa,6R8K,boltz2_msa,input_model_3,0.97,0.9654,0.956,1.86,2.32,0.9591,0.946,0.946,0.9579,0.64,0.46,1.02
boltz2,msa,6R8K,boltz2_msa,input_model_2,0.97,0.9651,0.9558,1.86,2.32,0.9589,0.9452,0.9452,0.9577,0.53,0.52,0.93
boltz2,msa,6R8K,boltz2_msa,input_model_3,0.97,0.9647,0.9552,1.87,2.33,0.9586,0.9447,0.9447,0.9571,0.56,0.52,0.99
boltz2,msa,6R8K,boltz2_msa,input_model_3,0.97,0.9627,0.9531,1.95,2.42,0.956,0.9416,0.9416,0.955,0.54,0.5,1.0
boltz2,msa,6R8K,boltz2_msa,input_model_4,0.97,0.9615,0.951,1.99,2.47,0.9538,0.9398,0.9398,0.9531,0.56,0.47,0.94
boltz2,msa,6R8K,boltz2_msa,input_model_4,0.97,0.96,0.9496,2.01,2.5,0.9523,0.9374,0.9374,0.9517,0.56,0.53,1.02
boltz2,msa,6R8K,boltz2_msa,input_model_4,0.97,0.9585,0.9476,2.09,2.59,0.95,0.9337,0.9337,0.9498,0.55,0.52,1.06
chai1,no_msa,6R8K,chai1,pred.model_idx_1,94.82,0.8783,0.7301,0.0,0.0,0.0,0.0,0.0,0.7597,0.89,1.94,2.66
chai1,no_msa,6R8K,chai1,pred.model_idx_4,94.87,0.878,0.73,0.0,0.0,0.0,0.0,0.0,0.7596,0.94,1.96,2.77
chai1,no_msa,6R8K,chai1,pred.model_idx_2,94.73,0.878,0.7299,0.0,0.0,0.0,0.0,0.0,0.7595,0.81,2.02,2.82
chai1,no_msa,6R8K,chai1,pred.model_idx_1,94.73,0.8778,0.7296,0.0,0.0,0.0,0.0,0.0,0.7592,0.82,2.04,2.53
chai1,no_msa,6R8K,chai1,pred.model_idx_4,94.83,0.8779,0.7295,0.0,0.0,0.0,0.0,0.0,0.7592,0.87,1.99,2.75
chai1,no_msa,6R8K,chai1,pred.model_idx_2,94.84,0.8778,0.7294,0.0,0.0,0.0,0.0,0.0,0.7591,0.82,1.95,2.76
chai1,no_msa,6R8K,chai1,pred.model_idx_3,94.84,0.878,0.7294,0.0,0.0,0.0,0.0,0.0,0.7591,0.85,1.97,2.79
chai1,no_msa,6R8K,chai1,pred.model_idx_3,94.8,0.8776,0.7292,0.0,0.0,0.0,0.0,0.0,0.7589,0.8,2.0,2.7
chai1,no_msa,6R8K,chai1,pred.model_idx_0,94.88,0.8773,0.729,0.0,0.0,0.0,0.0,0.0,0.7587,0.9,2.0,2.85
chai1,no_msa,6R8K,chai1,pred.model_idx_2,94.79,0.8776,0.7287,0.0,0.0,0.0,0.0,0.0,0.7585,0.87,1.93,2.56
chai1,no_msa,6R8K,chai1,pred.model_idx_3,94.77,0.8772,0.7286,0.0,0.0,0.0,0.0,0.0,0.7583,0.9,1.95,2.98
chai1,no_msa,6R8K,chai1,pred.model_idx_4,94.82,0.8776,0.7285,0.0,0.0,0.0,0.0,0.0,0.7583,0.79,1.9,2.28
chai1,no_msa,6R8K,chai1,pred.model_idx_0,94.7,0.8773,0.7283,0.0,0.0,0.0,0.0,0.0,0.7581,0.83,1.91,2.63
chai1,no_msa,6R8K,chai1,pred.model_idx_0,94.85,0.8773,0.7282,0.0,0.0,0.0,0.0,0.0,0.758,0.97,1.87,2.52
chai1,no_msa,6R8K,chai1,pred.model_idx_0,94.83,0.8773,0.7281,0.0,0.0,0.0,0.0,0.0,0.7579,0.84,1.91,2.76
chai1,no_msa,6R8K,chai1,pred.model_idx_4,94.74,0.877,0.728,0.0,0.0,0.0,0.0,0.0,0.7578,0.86,1.93,2.92
chai1,no_msa,6R8K,chai1,pred.model_idx_0,94.83,0.8767,0.7275,0.0,0.0,0.0,0.0,0.0,0.7573,0.78,1.77,2.18
chai1,no_msa,6R8K,chai1,pred.model_idx_1,94.86,0.8768,0.7273,0.0,0.0,0.0,0.0,0.0,0.7572,0.78,1.85,2.75
chai1,no_msa,6R8K,chai1,pred.model_idx_2,94.77,0.8765,0.7273,0.0,0.0,0.0,0.0,0.0,0.7571,0.82,1.91,2.57
chai1,no_msa,6R8K,chai1,pred.model_idx_3,94.77,0.8765,0.7272,0.0,0.0,0.0,0.0,0.0,0.7571,0.78,1.9,2.44
chai1,no_msa,6R8K,chai1,pred.model_idx_2,94.75,0.8764,0.727,0.0,0.0,0.0,0.0,0.0,0.7569,0.78,1.95,2.8
chai1,no_msa,6R8K,chai1,pred.model_idx_3,94.82,0.8766,0.7269,0.0,0.0,0.0,0.0,0.0,0.7568,1.0,1.88,2.57
chai1,no_msa,6R8K,chai1,pred.model_idx_4,94.89,0.8765,0.7268,0.0,0.0,0.0,0.0,0.0,0.7567,0.87,1.91,2.46
chai1,no_msa,6R8K,chai1,pred.model_idx_1,94.81,0.8761,0.7263,0.0,0.0,0.0,0.0,0.0,0.7563,0.77,1.91,2.67
chai1,no_msa,6R8K,chai1,pred.model_idx_1,94.71,0.8759,0.7261,0.0,0.0,0.0,0.0,0.0,0.7561,0.87,2.05,2.83
colabfold,msa,6R8K,colabfold,complex_unrelaxed_rank_001_alphafold2_multimer_v3_model_4_seed_002,94.2,0.87,0.84,3.46,4.18,0.8149,0.7875,0.7875,0.846,0.76,0.57,1.59
colabfold,msa,6R8K,colabfold,complex_unrelaxed_rank_002_alphafold2_multimer_v3_model_4_seed_004,91.16,0.83,0.77,4.07,5.15,0.6872,0.7086,0.6872,0.782,0.97,0.89,1.76
colabfold,msa,6R8K,colabfold,complex_unrelaxed_rank_003_alphafold2_multimer_v3_model_1_seed_000,90.93,0.82,0.74,4.47,5.88,0.6018,0.6274,0.6018,0.756,0.85,0.6,2.48
colabfold,msa,6R8K,colabfold,complex_unrelaxed_rank_004_alphafold2_multimer_v3_model_4_seed_001,89.75,0.8,0.73,4.71,6.29,0.555,0.5951,0.555,0.744,1.45,0.92,2.55
colabfold,msa,6R8K,colabfold,complex_unrelaxed_rank_005_alphafold2_multimer_v3_model_2_seed_004,90.5,0.81,0.72,4.61,6.13,0.5608,0.6247,0.5608,0.738,0.99,0.68,2.33
colabfold,msa,6R8K,colabfold,complex_unrelaxed_rank_006_alphafold2_multimer_v3_model_3_seed_003,88.22,0.78,0.66,5.55,7.77,0.371,0.4568,0.371,0.684,0.83,0.77,28.61
colabfold,msa,6R8K,colabfold,complex_unrelaxed_rank_007_alphafold2_multimer_v3_model_3_seed_000,86.37,0.74,0.56,6.26,9.29,0.277,0.3608,0.277,0.596,1.17,0.88,34.81
colabfold,msa,6R8K,colabfold,complex_unrelaxed_rank_008_alphafold2_multimer_v3_model_1_seed_002,83.42,0.67,0.44,7.97,12.62,0.0293,0.1765,0.0293,0.486,0.84,0.8,28.35
colabfold,msa,6R8K,colabfold,complex_unrelaxed_rank_009_alphafold2_multimer_v3_model_3_seed_002,84.32,0.66,0.41,7.8,12.48,0.0896,0.1694,0.0896,0.46,1.19,0.9,35.24
colabfold,msa,6R8K,colabfold,complex_unrelaxed_rank_010_alphafold2_multimer_v3_model_4_seed_003,79.85,0.56,0.22,10.32,17.25,0.0,0.0324,0.0,0.288,1.23,0.97,21.06
colabfold,msa,6R8K,colabfold,complex_unrelaxed_rank_011_alphafold2_multimer_v3_model_2_seed_002,80.85,0.57,0.2,10.59,18.07,0.0,0.0324,0.0,0.274,1.24,1.06,22.12
colabfold,msa,6R8K,colabfold,complex_unrelaxed_rank_013_alphafold2_multimer_v3_model_2_seed_000,82.23,0.56,0.2,10.73,18.35,0.0,0.0201,0.0,0.272,1.19,0.78,20.69
colabfold,msa,6R8K,colabfold,complex_unrelaxed_rank_012_alphafold2_multimer_v3_model_4_seed_000,79.03,0.55,0.2,10.66,18.01,0.0,0.0207,0.0,0.27,1.14,1.08,29.24
colabfold,msa,6R8K,colabfold,complex_unrelaxed_rank_014_alphafold2_multimer_v3_model_3_seed_004,80.42,0.56,0.19,10.88,18.52,0.0,0.0271,0.0,0.264,1.21,0.89,20.52
colabfold,msa,6R8K,colabfold,complex_unrelaxed_rank_015_alphafold2_multimer_v3_model_5_seed_000,78.52,0.55,0.19,11.12,18.98,0.0,0.0078,0.0,0.262,1.21,1.06,30.72
colabfold,msa,6R8K,colabfold,complex_unrelaxed_rank_016_alphafold2_multimer_v3_model_3_seed_001,79.11,0.56,0.18,11.12,18.86,0.0,0.0206,0.0,0.256,1.1,0.86,24.63
colabfold,msa,6R8K,colabfold,complex_unrelaxed_rank_017_alphafold2_multimer_v3_model_1_seed_001,78.5,0.55,0.18,11.04,18.94,0.0,0.0165,0.0,0.254,1.24,1.05,21.02
colabfold,msa,6R8K,colabfold,complex_unrelaxed_rank_018_alphafold2_multimer_v3_model_2_seed_003,80.59,0.55,0.18,11.02,18.88,0.0,0.02,0.0,0.254,1.24,1.04,21.85
colabfold,msa,6R8K,colabfold,complex_unrelaxed_rank_019_alphafold2_multimer_v3_model_1_seed_003,78.78,0.55,0.17,11.18,19.32,0.0,0.0187,0.0,0.246,1.26,1.07,20.25
colabfold,msa,6R8K,colabfold,complex_unrelaxed_rank_020_alphafold2_multimer_v3_model_1_seed_004,78.51,0.55,0.17,11.43,19.72,0.0,0.0128,0.0,0.246,1.34,0.91,21.04
colabfold,msa,6R8K,colabfold,complex_unrelaxed_rank_021_alphafold2_multimer_v3_model_2_seed_001,80.81,0.54,0.16,11.5,19.9,0.0,0.0158,0.0,0.236,1.25,0.84,19.72
colabfold,msa,6R8K,colabfold,complex_unrelaxed_rank_022_alphafold2_multimer_v3_model_5_seed_002,77.27,0.54,0.16,11.77,20.34,0.0,0.008,0.0,0.236,1.09,0.89,28.76
colabfold,msa,6R8K,colabfold,complex_unrelaxed_rank_023_alphafold2_multimer_v3_model_5_seed_004,76.86,0.54,0.15,11.77,20.35,0.0,0.0083,0.0,0.228,1.33,0.94,22.96
colabfold,msa,6R8K,colabfold,complex_unrelaxed_rank_024_alphafold2_multimer_v3_model_5_seed_003,77.96,0.53,0.14,11.94,20.72,0.0,0.0077,0.0,0.218,1.36,0.94,20.25
colabfold,msa,6R8K,colabfold,complex_unrelaxed_rank_025_alphafold2_multimer_v3_model_5_seed_001,76.74,0.53,0.14,12.22,21.17,0.0,0.005,0.0,0.218,1.35,1.09,20.0
colabfold,no_msa,6R8K,colabfold_nomsa,complex_unrelaxed_rank_001_alphafold2_multimer_v3_model_1_seed_002,34.84,0.27,0.15,19.24,22.11,0.0054,0.006,0.0054,0.174,11.29,15.23,28.4
colabfold,no_msa,6R8K,colabfold_nomsa,complex_unrelaxed_rank_015_alphafold2_multimer_v3_model_5_seed_004,49.91,0.42,0.09,17.68,24.25,0.0,0.0,0.0,0.156,1.28,11.35,33.21
colabfold,no_msa,6R8K,colabfold_nomsa,complex_unrelaxed_rank_003_alphafold2_multimer_v3_model_4_seed_004,36.06,0.25,0.13,19.4,22.66,0.0,0.0028,0.0,0.154,5.97,15.9,35.29
colabfold,no_msa,6R8K,colabfold_nomsa,complex_unrelaxed_rank_005_alphafold2_multimer_v3_model_4_seed_002,36.05,0.25,0.13,19.49,22.97,0.0,0.0,0.0,0.154,8.83,15.56,36.68
colabfold,no_msa,6R8K,colabfold_nomsa,complex_unrelaxed_rank_002_alphafold2_multimer_v3_model_1_seed_000,33.24,0.2,0.14,20.14,23.3,0.0,0.0,0.0,0.152,10.4,15.25,34.61
colabfold,no_msa,6R8K,colabfold_nomsa,complex_unrelaxed_rank_004_alphafold2_multimer_v3_model_4_seed_003,36.33,0.24,0.13,19.38,22.66,0.0,0.0025,0.0,0.152,6.68,16.2,33.97
colabfold,no_msa,6R8K,colabfold_nomsa,complex_unrelaxed_rank_006_alphafold2_multimer_v3_model_4_seed_000,36.38,0.24,0.12,19.38,22.79,0.0,0.0,0.0,0.144,6.65,16.04,30.86
colabfold,no_msa,6R8K,colabfold_nomsa,complex_unrelaxed_rank_011_alphafold2_multimer_v3_model_3_seed_004,40.84,0.32,0.1,19.13,24.08,0.0,0.0,0.0,0.144,2.86,13.84,24.58
colabfold,no_msa,6R8K,colabfold_nomsa,complex_unrelaxed_rank_023_alphafold2_multimer_v3_model_2_seed_002,47.65,0.41,0.07,18.66,25.45,0.0,0.0,0.0,0.138,1.19,8.0,27.85
colabfold,no_msa,6R8K,colabfold_nomsa,complex_unrelaxed_rank_016_alphafold2_multimer_v3_model_5_seed_000,43.22,0.36,0.08,18.97,24.72,0.0,0.0,0.0,0.136,2.55,13.65,31.23
colabfold,no_msa,6R8K,colabfold_nomsa,complex_unrelaxed_rank_010_alphafold2_multimer_v3_model_1_seed_001,37.15,0.24,0.1,19.48,23.74,0.0,0.0,0.0,0.128,4.19,14.06,27.91
colabfold,no_msa,6R8K,colabfold_nomsa,complex_unrelaxed_rank_020_alphafold2_multimer_v3_model_5_seed_001,48.01,0.36,0.07,17.9,24.91,0.0,0.0,0.0,0.128,2.67,7.42,32.22
colabfold,no_msa,6R8K,colabfold_nomsa,complex_unrelaxed_rank_008_alphafold2_multimer_v3_model_3_seed_001,34.57,0.23,0.1,19.84,23.47,0.0,0.0,0.0,0.126,4.97,13.29,36.74
colabfold,no_msa,6R8K,colabfold_nomsa,complex_unrelaxed_rank_009_alphafold2_multimer_v3_model_3_seed_002,33.85,0.23,0.1,20.05,23.75,0.0,0.0,0.0,0.126,4.91,14.11,36.35
colabfold,no_msa,6R8K,colabfold_nomsa,complex_unrelaxed_rank_021_alphafold2_multimer_v3_model_3_seed_000,45.61,0.35,0.07,18.82,25.15,0.0,0.0,0.0,0.126,2.49,10.05,31.6
colabfold,no_msa,6R8K,colabfold_nomsa,complex_unrelaxed_rank_007_alphafold2_multimer_v3_model_3_seed_003,33.16,0.22,0.1,20.22,23.57,0.0,0.0,0.0,0.124,5.13,14.3,36.06
colabfold,no_msa,6R8K,colabfold_nomsa,complex_unrelaxed_rank_024_alphafold2_multimer_v3_model_2_seed_000,41.42,0.3,0.07,20.1,25.62,0.0,0.0,0.0,0.116,2.54,14.6,23.36
colabfold,no_msa,6R8K,colabfold_nomsa,complex_unrelaxed_rank_018_alphafold2_multimer_v3_model_5_seed_002,36.82,0.25,0.08,20.0,25.18,0.0,0.0,0.0,0.114,3.16,14.26,31.6
colabfold,no_msa,6R8K,colabfold_nomsa,complex_unrelaxed_rank_019_alphafold2_multimer_v3_model_5_seed_003,41.23,0.29,0.07,19.16,25.04,0.0,0.0,0.0,0.114,3.12,7.81,34.9
colabfold,no_msa,6R8K,colabfold_nomsa,complex_unrelaxed_rank_025_alphafold2_multimer_v3_model_2_seed_004,43.5,0.33,0.06,19.69,25.64,0.0,0.0,0.0,0.114,2.59,14.35,22.79
colabfold,no_msa,6R8K,colabfold_nomsa,complex_unrelaxed_rank_012_alphafold2_multimer_v3_model_2_seed_001,31.18,0.19,0.09,21.23,25.0,0.0,0.0,0.0,0.11,13.56,14.32,40.5
colabfold,no_msa,6R8K,colabfold_nomsa,complex_unrelaxed_rank_013_alphafold2_multimer_v3_model_1_seed_003,32.17,0.19,0.09,20.6,24.12,0.0,0.0,0.0,0.11,11.89,14.73,37.27
colabfold,no_msa,6R8K,colabfold_nomsa,complex_unrelaxed_rank_014_alphafold2_multimer_v3_model_4_seed_001,30.37,0.19,0.09,22.88,25.98,0.0,0.0,0.0,0.11,9.57,18.88,44.77
colabfold,no_msa,6R8K,colabfold_nomsa,complex_unrelaxed_rank_022_alphafold2_multimer_v3_model_1_seed_004,38.06,0.26,0.07,19.99,25.2,0.0,0.0,0.0,0.108,3.17,15.62,24.32
colabfold,no_msa,6R8K,colabfold_nomsa,complex_unrelaxed_rank_017_alphafold2_multimer_v3_model_2_seed_003,30.81,0.18,0.08,21.7,25.72,0.0,0.0,0.0,0.1,13.81,14.73,34.17
esmfold2,no_msa,6R8K,esmfold2,output_seed123_esmfold2_pred,85.05,0.8303,0.7724,4.81,6.28,0.6238,0.5962,0.5962,0.784,1.35,0.43,2.04
esmfold2,no_msa,6R8K,esmfold2,output_esmfold2_pred,84.75,0.8244,0.7617,4.96,6.5,0.6054,0.5706,0.5706,0.7742,1.41,0.59,1.63
esmfold2,no_msa,6R8K,esmfold2,output_seed1024_esmfold2_pred,84.68,0.822,0.7565,5.0,6.58,0.5909,0.5645,0.5645,0.7696,1.5,0.44,1.7
esmfold2,no_msa,6R8K,esmfold2,output_seed789_esmfold2_pred,84.29,0.8159,0.7484,5.12,6.77,0.5768,0.5492,0.5492,0.7619,1.54,0.69,2.14
esmfold2,no_msa,6R8K,esmfold2,output_seed456_esmfold2_pred,84.25,0.8115,0.7406,5.1,6.73,0.5665,0.5441,0.5441,0.7548,1.36,0.43,2.16
af2m,msa,6R8M,af2m,ranked_0,94.43,0.8826,0.8519,3.41,4.14,0.8283,0.8,0.8,0.858,1.09,0.28,0.77
af2m,msa,6R8M,af2m,ranked_1,94.41,0.882,0.852,3.42,4.14,0.8284,0.8058,0.8058,0.858,1.03,0.27,0.71
af2m,msa,6R8M,af2m,ranked_2,94.28,0.8792,0.8477,3.45,4.2,0.8214,0.7985,0.7985,0.854,1.1,0.27,0.76
af2m,msa,6R8M,af2m,ranked_3,93.9,0.8697,0.834,3.61,4.41,0.8021,0.7759,0.7759,0.8411,1.03,0.28,0.95
af2m,msa,6R8M,af2m,ranked_4,81.01,0.5657,0.1899,10.81,18.59,0.0,0.0204,0.0,0.2651,1.6,0.31,19.88
af2m,msa,6R8M,af2m,ranked_5,81.36,0.5571,0.1806,10.88,18.75,0.0,0.012,0.0,0.2559,1.59,0.31,20.09
af2m,msa,6R8M,af2m,ranked_6,81.25,0.5342,0.1415,11.99,20.54,0.0,0.0,0.0,0.22,1.43,0.38,43.25
af2m,msa,6R8M,af2m,ranked_7,80.99,0.5428,0.1388,12.24,21.25,0.0,0.0027,0.0,0.2196,1.49,0.32,19.03
af2m,msa,6R8M,af2m,ranked_8,77.69,0.5403,0.1391,12.24,21.09,0.0,0.0026,0.0,0.2193,1.51,0.37,20.15
af2m,msa,6R8M,af2m,ranked_9,80.94,0.5411,0.1369,12.25,21.23,0.0,0.0025,0.0,0.2177,1.48,0.32,19.71
af2m,msa,6R8M,af2m,ranked_10,80.91,0.5386,0.1346,12.27,21.27,0.0,0.0025,0.0,0.2154,1.5,0.33,18.99
af2m,msa,6R8M,af2m,ranked_11,77.1,0.537,0.1344,12.43,21.45,0.0,0.0,0.0,0.2149,1.43,0.37,23.4
af2m,msa,6R8M,af2m,ranked_12,76.79,0.5354,0.1326,12.46,21.49,0.0,0.0,0.0,0.2132,1.46,0.4,22.47
af2m,msa,6R8M,af2m,ranked_13,77.59,0.5363,0.1321,12.45,21.54,0.0,0.0,0.0,0.2129,1.37,0.4,23.47
af2m,msa,6R8M,af2m,ranked_14,80.71,0.5367,0.132,12.34,21.41,0.0,0.0,0.0,0.2129,1.5,0.35,19.08
af2m,msa,6R8M,af2m,ranked_15,75.7,0.5348,0.1309,12.43,21.45,0.0,0.0,0.0,0.2117,1.22,0.42,31.17
af2m,msa,6R8M,af2m,ranked_16,80.97,0.5356,0.1288,12.43,21.61,0.0,0.0,0.0,0.2102,1.5,0.34,19.12
af2m,msa,6R8M,af2m,ranked_17,76.7,0.5281,0.1302,12.51,21.6,0.0,0.0,0.0,0.2098,1.45,0.44,31.73
af2m,msa,6R8M,af2m,ranked_18,79.63,0.5303,0.1292,12.59,21.73,0.0,0.0,0.0,0.2094,1.47,0.42,40.91
af2m,msa,6R8M,af2m,ranked_19,80.8,0.5284,0.1261,12.49,21.53,0.0,0.0,0.0,0.2066,1.44,0.4,42.18
af2m,msa,6R8M,af2m,ranked_20,80.32,0.526,0.1227,12.73,21.97,0.0,0.0,0.0,0.2034,1.46,0.42,41.93
af2m,msa,6R8M,af2m,ranked_21,77.24,0.5232,0.1173,12.8,22.23,0.0,0.0,0.0,0.1985,1.7,0.42,17.59
af2m,msa,6R8M,af2m,ranked_22,76.47,0.5208,0.1179,12.88,22.34,0.0,0.0,0.0,0.1985,1.6,0.45,20.14
af2m,msa,6R8M,af2m,ranked_23,76.48,0.5211,0.1158,12.9,22.35,0.0,0.0,0.0,0.1969,1.65,0.44,7.56
af2m,msa,6R8M,af2m,ranked_24,75.91,0.489,0.0705,14.06,24.54,0.0,0.0,0.0,0.1542,1.78,0.67,17.53
af3,msa,6R8M,af3,seed-789_sample-0,92.98,0.91,0.9,3.25,3.83,0.8924,0.8536,0.8536,0.902,1.57,0.28,0.74
af3,msa,6R8M,af3,seed-1024_sample-0,92.46,0.91,0.89,3.25,3.83,0.8864,0.847,0.847,0.894,1.27,0.3,0.53
af3,msa,6R8M,af3,seed-1024_sample-1,92.78,0.91,0.89,3.25,3.82,0.8855,0.8521,0.8521,0.894,1.99,0.32,0.65
af3,msa,6R8M,af3,seed-1024_sample-2,92.82,0.91,0.89,3.3,3.85,0.8871,0.8506,0.8506,0.894,1.31,0.33,0.81
af3,msa,6R8M,af3,seed-1024_sample-3,93.06,0.91,0.89,3.18,3.72,0.884,0.8567,0.8567,0.894,1.58,0.28,0.54
af3,msa,6R8M,af3,seed-1024_sample-4,93.25,0.91,0.89,3.15,3.68,0.8883,0.8572,0.8572,0.894,1.28,0.29,0.54
af3,msa,6R8M,af3,seed-123_sample-0,92.96,0.91,0.89,3.23,3.78,0.8801,0.8519,0.8519,0.894,1.16,0.25,0.54
af3,msa,6R8M,af3,seed-123_sample-1,93.09,0.91,0.89,3.16,3.69,0.8866,0.8559,0.8559,0.894,1.21,0.27,0.51
af3,msa,6R8M,af3,seed-123_sample-2,92.54,0.91,0.89,3.25,3.83,0.891,0.8486,0.8486,0.894,1.01,0.26,0.33
af3,msa,6R8M,af3,seed-123_sample-4,93.19,0.91,0.89,3.08,3.62,0.8862,0.862,0.862,0.894,1.33,0.27,0.97
af3,msa,6R8M,af3,seed-42_sample-0,93.0,0.91,0.89,3.22,3.78,0.8898,0.8559,0.8559,0.894,1.2,0.34,0.76
af3,msa,6R8M,af3,seed-42_sample-1,92.99,0.91,0.89,3.24,3.8,0.882,0.8499,0.8499,0.894,1.0,0.26,0.57
af3,msa,6R8M,af3,seed-42_sample-2,93.18,0.91,0.89,3.17,3.71,0.8873,0.8567,0.8567,0.894,1.67,0.26,0.46
af3,msa,6R8M,af3,seed-42_sample-3,93.09,0.91,0.89,3.17,3.7,0.8846,0.8626,0.8626,0.894,1.14,0.25,0.69
af3,msa,6R8M,af3,seed-42_sample-4,93.19,0.91,0.89,3.18,3.71,0.8865,0.8566,0.8566,0.894,1.0,0.3,0.9
af3,msa,6R8M,af3,seed-456_sample-0,93.2,0.91,0.89,3.18,3.73,0.8776,0.8542,0.8542,0.894,0.98,0.3,0.57
af3,msa,6R8M,af3,seed-456_sample-1,93.03,0.91,0.89,3.2,3.76,0.8876,0.8562,0.8562,0.894,1.03,0.34,0.68
af3,msa,6R8M,af3,seed-456_sample-2,93.27,0.91,0.89,3.18,3.71,0.8795,0.8528,0.8528,0.894,1.03,0.26,0.53
af3,msa,6R8M,af3,seed-456_sample-3,92.83,0.91,0.89,3.32,3.91,0.8864,0.8514,0.8514,0.894,0.9,0.28,0.58
af3,msa,6R8M,af3,seed-456_sample-4,92.75,0.91,0.89,3.33,3.91,0.8869,0.8501,0.8501,0.894,1.26,0.27,0.35
af3,msa,6R8M,af3,seed-789_sample-1,93.22,0.91,0.89,3.14,3.66,0.8827,0.8569,0.8569,0.894,1.12,0.28,0.61
af3,msa,6R8M,af3,seed-789_sample-2,93.31,0.91,0.89,3.09,3.6,0.8884,0.8647,0.8647,0.894,1.43,0.37,0.89
af3,msa,6R8M,af3,seed-789_sample-3,92.44,0.91,0.89,3.3,3.88,0.8858,0.846,0.846,0.894,1.55,0.26,0.74
af3,msa,6R8M,af3,seed-789_sample-4,93.13,0.91,0.89,3.21,3.75,0.8841,0.855,0.855,0.894,1.04,0.27,0.78
af3,msa,6R8M,af3,seed-123_sample-3,92.67,0.9,0.89,3.32,3.9,0.882,0.8494,0.8494,0.892,1.26,0.29,0.51
af3,no_msa,6R8M,af3_nomsa,seed-123_sample-4,93.08,0.91,0.89,2.93,3.42,0.8827,0.8654,0.8654,0.894,2.1,0.39,0.96
af3,no_msa,6R8M,af3_nomsa,seed-42_sample-0,93.02,0.91,0.89,3.1,3.63,0.8841,0.8627,0.8627,0.894,1.31,0.34,0.99
af3,no_msa,6R8M,af3_nomsa,seed-42_sample-4,92.92,0.91,0.89,3.2,3.73,0.8773,0.8547,0.8547,0.894,1.2,0.31,0.82
af3,no_msa,6R8M,af3_nomsa,seed-456_sample-1,93.04,0.91,0.89,3.16,3.69,0.8838,0.8578,0.8578,0.894,1.86,0.34,0.53
af3,no_msa,6R8M,af3_nomsa,seed-456_sample-3,92.99,0.91,0.89,3.14,3.68,0.8806,0.8578,0.8578,0.894,1.97,0.33,1.03
af3,no_msa,6R8M,af3_nomsa,seed-1024_sample-0,92.23,0.91,0.88,3.22,3.77,0.878,0.8497,0.8497,0.886,1.86,0.37,0.82
af3,no_msa,6R8M,af3_nomsa,seed-1024_sample-3,92.61,0.91,0.88,3.26,3.83,0.8713,0.8513,0.8513,0.886,1.22,0.28,0.59
af3,no_msa,6R8M,af3_nomsa,seed-42_sample-1,92.93,0.91,0.88,3.26,3.81,0.8744,0.8515,0.8515,0.886,1.1,0.28,0.86
af3,no_msa,6R8M,af3_nomsa,seed-42_sample-2,92.9,0.91,0.88,3.18,3.71,0.8763,0.8571,0.8571,0.886,2.12,0.33,0.9
af3,no_msa,6R8M,af3_nomsa,seed-42_sample-3,92.97,0.91,0.88,3.12,3.65,0.8755,0.8594,0.8594,0.886,2.41,0.3,0.61
af3,no_msa,6R8M,af3_nomsa,seed-1024_sample-1,92.27,0.9,0.88,3.29,3.86,0.8722,0.8478,0.8478,0.884,2.04,0.36,0.95
af3,no_msa,6R8M,af3_nomsa,seed-1024_sample-2,92.38,0.9,0.88,3.41,3.99,0.8706,0.8442,0.8442,0.884,1.15,0.28,0.81
af3,no_msa,6R8M,af3_nomsa,seed-1024_sample-4,92.67,0.9,0.88,3.33,3.88,0.8715,0.8468,0.8468,0.884,1.26,0.34,0.52
af3,no_msa,6R8M,af3_nomsa,seed-123_sample-0,92.48,0.9,0.88,3.37,3.94,0.8666,0.8452,0.8452,0.884,1.32,0.28,0.6
af3,no_msa,6R8M,af3_nomsa,seed-123_sample-1,92.31,0.9,0.88,3.38,3.96,0.8721,0.8446,0.8446,0.884,1.84,0.26,0.37
af3,no_msa,6R8M,af3_nomsa,seed-123_sample-2,92.6,0.9,0.88,3.3,3.87,0.8742,0.847,0.847,0.884,1.96,0.3,0.44
af3,no_msa,6R8M,af3_nomsa,seed-123_sample-3,92.2,0.9,0.88,3.36,3.94,0.8698,0.8438,0.8438,0.884,2.11,0.29,1.15
af3,no_msa,6R8M,af3_nomsa,seed-456_sample-2,92.29,0.9,0.88,3.47,4.06,0.8714,0.8385,0.8385,0.884,1.93,0.35,0.63
af3,no_msa,6R8M,af3_nomsa,seed-456_sample-4,92.43,0.9,0.88,3.44,4.03,0.8671,0.8397,0.8397,0.884,1.78,0.38,0.55
af3,no_msa,6R8M,af3_nomsa,seed-789_sample-0,92.37,0.9,0.88,3.41,4.0,0.8716,0.8436,0.8436,0.884,2.04,0.3,0.46
af3,no_msa,6R8M,af3_nomsa,seed-789_sample-1,92.69,0.9,0.88,3.33,3.91,0.8713,0.8442,0.8442,0.884,1.9,0.28,0.45
af3,no_msa,6R8M,af3_nomsa,seed-789_sample-3,92.72,0.9,0.88,3.32,3.88,0.8742,0.8461,0.8461,0.884,1.95,0.29,0.5
af3,no_msa,6R8M,af3_nomsa,seed-789_sample-4,92.35,0.9,0.88,3.41,3.99,0.8661,0.8439,0.8439,0.884,1.81,0.35,0.98
af3,no_msa,6R8M,af3_nomsa,seed-456_sample-0,92.68,0.9,0.87,3.37,3.95,0.8632,0.8451,0.8451,0.876,1.24,0.31,0.53
af3,no_msa,6R8M,af3_nomsa,seed-789_sample-2,92.74,0.9,0.87,3.4,3.98,0.8656,0.8428,0.8428,0.876,1.25,0.33,0.83
boltz1,no_msa,6R8M,boltz1,input_model_0,0.95,0.9574,0.947,2.28,2.72,0.952,0.9294,0.9294,0.9491,1.93,0.91,2.28
boltz1,no_msa,6R8M,boltz1,input_model_0,0.95,0.9563,0.9466,2.33,2.77,0.9516,0.929,0.929,0.9485,2.06,0.87,2.25
boltz1,no_msa,6R8M,boltz1,input_model_1,0.95,0.9566,0.9464,2.28,2.72,0.9515,0.9299,0.9299,0.9484,2.03,0.91,2.45
boltz1,no_msa,6R8M,boltz1,input_model_2,0.95,0.9556,0.9458,2.36,2.8,0.9509,0.929,0.929,0.9478,2.07,0.87,2.26
boltz1,no_msa,6R8M,boltz1,input_model_2,0.95,0.9556,0.9457,2.37,2.82,0.9507,0.9296,0.9296,0.9477,1.93,0.88,2.43
boltz1,no_msa,6R8M,boltz1,input_model_2,0.95,0.9544,0.9458,2.45,2.89,0.9508,0.9254,0.9254,0.9475,2.11,0.89,2.23
boltz1,no_msa,6R8M,boltz1,input_model_1,0.95,0.9549,0.9455,2.38,2.82,0.9506,0.9269,0.9269,0.9474,2.09,0.87,2.28
boltz1,no_msa,6R8M,boltz1,input_model_3,0.95,0.9561,0.9451,2.32,2.77,0.9501,0.9309,0.9309,0.9473,1.89,0.86,2.19
boltz1,no_msa,6R8M,boltz1,input_model_1,0.95,0.9556,0.9451,2.36,2.8,0.9501,0.9285,0.9285,0.9472,1.9,0.87,2.25
boltz1,no_msa,6R8M,boltz1,input_model_1,0.95,0.9548,0.9452,2.39,2.82,0.9502,0.9259,0.9259,0.9471,2.0,0.89,2.2
boltz1,no_msa,6R8M,boltz1,input_model_3,0.95,0.9551,0.9451,2.4,2.85,0.9501,0.9271,0.9271,0.9471,1.94,0.89,2.35
boltz1,no_msa,6R8M,boltz1,input_model_2,0.95,0.9548,0.9451,2.42,2.87,0.9501,0.9283,0.9283,0.947,1.83,0.87,2.25
boltz1,no_msa,6R8M,boltz1,input_model_3,0.95,0.9554,0.9447,2.35,2.79,0.9497,0.9284,0.9284,0.9468,1.89,0.86,2.11
boltz1,no_msa,6R8M,boltz1,input_model_0,0.95,0.9538,0.9451,2.43,2.88,0.9501,0.9243,0.9243,0.9468,2.02,0.88,2.31
boltz1,no_msa,6R8M,boltz1,input_model_2,0.95,0.9555,0.9446,2.34,2.78,0.9496,0.929,0.929,0.9468,1.91,0.86,2.17
boltz1,no_msa,6R8M,boltz1,input_model_0,0.95,0.9548,0.9447,2.36,2.8,0.9497,0.9273,0.9273,0.9467,2.07,0.89,2.26
boltz1,no_msa,6R8M,boltz1,input_model_3,0.95,0.9545,0.9448,2.4,2.85,0.9499,0.9266,0.9266,0.9467,1.92,0.86,2.3
boltz1,no_msa,6R8M,boltz1,input_model_4,0.95,0.9538,0.9446,2.44,2.88,0.9496,0.9249,0.9249,0.9464,2.12,0.86,2.13
boltz1,no_msa,6R8M,boltz1,input_model_0,0.95,0.955,0.9442,2.37,2.82,0.9492,0.9291,0.9291,0.9464,1.82,0.86,2.09
boltz1,no_msa,6R8M,boltz1,input_model_4,0.95,0.9542,0.9441,2.43,2.87,0.949,0.926,0.926,0.9461,1.9,0.86,2.17
boltz1,no_msa,6R8M,boltz1,input_model_1,0.95,0.9545,0.9436,2.38,2.84,0.9485,0.9265,0.9265,0.9458,1.87,0.85,2.1
boltz1,no_msa,6R8M,boltz1,input_model_3,0.95,0.9537,0.9437,2.43,2.88,0.9487,0.9265,0.9265,0.9457,1.9,0.86,2.11
boltz1,no_msa,6R8M,boltz1,input_model_4,0.95,0.9535,0.9432,2.41,2.87,0.9482,0.9244,0.9244,0.9453,1.99,0.85,2.27
boltz1,no_msa,6R8M,boltz1,input_model_4,0.95,0.9533,0.9429,2.49,2.96,0.9478,0.924,0.924,0.945,1.91,0.86,2.25
boltz1,no_msa,6R8M,boltz1,input_model_4,0.95,0.9497,0.936,2.57,3.05,0.9402,0.9237,0.9237,0.9387,1.97,0.79,2.16
boltz1,msa,6R8M,boltz1_msa,input_model_0,0.93,0.9308,0.9082,2.76,3.38,0.9045,0.8717,0.8717,0.9127,1.31,0.56,1.89
boltz1,msa,6R8M,boltz1_msa,input_model_0,0.93,0.9266,0.9025,2.88,3.54,0.8971,0.8568,0.8568,0.9073,1.44,0.58,1.48
boltz1,msa,6R8M,boltz1_msa,input_model_1,0.93,0.9248,0.901,2.84,3.48,0.895,0.8627,0.8627,0.9058,1.46,0.59,1.43
boltz1,msa,6R8M,boltz1_msa,input_model_1,0.92,0.9246,0.8972,2.86,3.54,0.8926,0.852,0.852,0.9027,1.25,0.58,1.53
boltz1,msa,6R8M,boltz1_msa,input_model_1,0.93,0.9244,0.8971,2.85,3.52,0.8905,0.8571,0.8571,0.9026,1.4,0.59,1.65
boltz1,msa,6R8M,boltz1_msa,input_model_2,0.93,0.922,0.8939,2.88,3.56,0.8877,0.8564,0.8564,0.8995,1.51,0.61,2.03
boltz1,msa,6R8M,boltz1_msa,input_model_0,0.93,0.9217,0.8938,2.81,3.5,0.8889,0.8552,0.8552,0.8994,1.44,0.59,1.49
boltz1,msa,6R8M,boltz1_msa,input_model_0,0.93,0.9198,0.8938,2.86,3.52,0.8869,0.8629,0.8629,0.899,1.48,0.6,1.33
boltz1,msa,6R8M,boltz1_msa,input_model_2,0.93,0.9174,0.8935,3.17,3.91,0.8794,0.8259,0.8259,0.8983,1.58,0.57,1.14
boltz1,msa,6R8M,boltz1_msa,input_model_3,0.92,0.9183,0.8907,2.88,3.6,0.8846,0.8416,0.8416,0.8962,1.51,0.62,1.62
boltz1,msa,6R8M,boltz1_msa,input_model_2,0.93,0.9131,0.8878,3.17,3.92,0.8753,0.8263,0.8263,0.8929,1.37,0.59,1.37
boltz1,msa,6R8M,boltz1_msa,input_model_0,0.93,0.9159,0.8864,2.92,3.63,0.8769,0.8403,0.8403,0.8923,1.39,0.61,1.45
boltz1,msa,6R8M,boltz1_msa,input_model_1,0.92,0.9157,0.886,2.93,3.66,0.8762,0.842,0.842,0.8919,1.33,0.61,1.49
boltz1,msa,6R8M,boltz1_msa,input_model_2,0.92,0.9111,0.8805,3.25,4.06,0.8601,0.8083,0.8083,0.8866,1.39,0.6,1.33
boltz1,msa,6R8M,boltz1_msa,input_model_1,0.92,0.9077,0.877,2.98,3.73,0.8674,0.8287,0.8287,0.8831,1.52,0.64,1.5
boltz1,msa,6R8M,boltz1_msa,input_model_3,0.92,0.9052,0.8737,3.29,4.11,0.8557,0.8033,0.8033,0.88,1.45,0.62,1.49
boltz1,msa,6R8M,boltz1_msa,input_model_2,0.92,0.9005,0.8702,3.34,4.17,0.8475,0.8029,0.8029,0.8763,1.44,0.66,1.54
boltz1,msa,6R8M,boltz1_msa,input_model_4,0.92,0.9044,0.8682,3.05,3.84,0.8529,0.8261,0.8261,0.8754,1.36,0.64,1.56
boltz1,msa,6R8M,boltz1_msa,input_model_3,0.92,0.8998,0.8683,3.25,4.06,0.8486,0.8026,0.8026,0.8746,1.55,0.64,1.48
boltz1,msa,6R8M,boltz1_msa,input_model_3,0.92,0.8991,0.8643,3.33,4.18,0.8402,0.798,0.798,0.8713,1.44,0.66,1.52
boltz1,msa,6R8M,boltz1_msa,input_model_4,0.91,0.8988,0.8613,3.27,4.15,0.8363,0.7924,0.7924,0.8688,1.25,0.63,1.67
boltz1,msa,6R8M,boltz1_msa,input_model_3,0.92,0.8878,0.851,3.51,4.46,0.8152,0.7711,0.7711,0.8584,1.43,0.65,2.08
boltz1,msa,6R8M,boltz1_msa,input_model_4,0.91,0.8786,0.8364,3.62,4.65,0.786,0.7517,0.7517,0.8448,1.5,0.64,1.92
boltz1,msa,6R8M,boltz1_msa,input_model_4,0.91,0.8681,0.8152,3.77,4.9,0.7485,0.7244,0.7244,0.8258,1.23,0.72,2.52
boltz1,msa,6R8M,boltz1_msa,input_model_4,0.82,0.5572,0.1362,11.3,19.92,0.057,0.0732,0.057,0.2204,1.46,0.64,25.42
boltz2,no_msa,6R8M,boltz2,input_model_1,0.94,0.9049,0.9042,4.44,5.18,0.8255,0.8837,0.8255,0.9043,1.74,0.8,2.0
boltz2,no_msa,6R8M,boltz2,input_model_2,0.94,0.8961,0.8979,4.76,5.55,0.8338,0.8734,0.8338,0.8975,1.84,0.78,2.02
boltz2,no_msa,6R8M,boltz2,input_model_3,0.94,0.8934,0.8969,4.89,5.68,0.8387,0.8713,0.8387,0.8962,1.97,0.79,2.02
boltz2,no_msa,6R8M,boltz2,input_model_0,0.94,0.8923,0.8968,4.9,5.69,0.8378,0.8727,0.8378,0.8959,1.86,0.8,2.05
boltz2,no_msa,6R8M,boltz2,input_model_4,0.94,0.8864,0.8931,5.13,5.95,0.8311,0.8665,0.8311,0.8918,1.94,0.79,2.13
boltz2,no_msa,6R8M,boltz2,input_model_0,0.92,0.8404,0.7316,4.8,7.13,0.3876,0.3877,0.3876,0.7534,2.01,1.42,30.83
boltz2,no_msa,6R8M,boltz2,input_model_1,0.92,0.8296,0.7105,5.17,7.67,0.3456,0.3503,0.3456,0.7343,2.05,1.44,30.25
boltz2,no_msa,6R8M,boltz2,input_model_0,0.93,0.8202,0.6914,5.42,8.1,0.31,0.3187,0.31,0.7172,1.97,1.5,28.8
boltz2,no_msa,6R8M,boltz2,input_model_0,0.89,0.8154,0.6922,5.37,7.95,0.3429,0.329,0.329,0.7168,2.0,0.97,32.55
boltz2,no_msa,6R8M,boltz2,input_model_0,0.87,0.8066,0.6715,5.58,8.44,0.296,0.3136,0.296,0.6985,1.83,0.95,36.37
boltz2,no_msa,6R8M,boltz2,input_model_3,0.86,0.7684,0.606,6.7,10.19,0.2047,0.2206,0.2047,0.6385,1.96,0.94,36.0
boltz2,no_msa,6R8M,boltz2,input_model_2,0.87,0.7589,0.5879,6.61,10.17,0.1793,0.2269,0.1793,0.6221,2.0,0.94,33.44
boltz2,no_msa,6R8M,boltz2,input_model_1,0.92,0.7598,0.5827,6.98,10.68,0.1503,0.1928,0.1503,0.6181,2.06,1.5,29.9
boltz2,no_msa,6R8M,boltz2,input_model_2,0.92,0.7575,0.5774,7.24,11.0,0.1376,0.1675,0.1376,0.6134,1.98,1.5,27.71
boltz2,no_msa,6R8M,boltz2,input_model_1,0.92,0.7388,0.5425,7.59,11.8,0.0951,0.1111,0.0951,0.5818,1.96,1.51,30.51
boltz2,no_msa,6R8M,boltz2,input_model_2,0.92,0.6853,0.4444,9.16,14.26,0.0077,0.0213,0.0077,0.4926,2.06,1.55,28.89
boltz2,no_msa,6R8M,boltz2,input_model_4,0.88,0.6549,0.3906,9.57,14.97,0.0,0.0186,0.0,0.4435,2.04,1.69,27.78
boltz2,no_msa,6R8M,boltz2,input_model_1,0.9,0.5816,0.262,11.49,18.5,0.0,0.0,0.0,0.3259,1.98,1.46,27.21
boltz2,no_msa,6R8M,boltz2,input_model_3,0.83,0.5646,0.2618,11.81,18.62,0.0,0.0,0.0,0.3224,1.84,0.71,36.59
boltz2,no_msa,6R8M,boltz2,input_model_2,0.86,0.5506,0.2266,12.27,19.92,0.0,0.0,0.0,0.2914,1.98,1.19,23.84
boltz2,no_msa,6R8M,boltz2,input_model_3,0.86,0.5486,0.2145,12.46,20.05,0.0,0.0,0.0,0.2813,1.76,0.38,28.28
boltz2,no_msa,6R8M,boltz2,input_model_3,0.86,0.5373,0.1891,12.56,20.64,0.0,0.0,0.0,0.2587,1.92,0.93,21.8
boltz2,no_msa,6R8M,boltz2,input_model_4,0.86,0.5295,0.1713,12.74,21.3,0.0,0.0,0.0,0.2429,1.98,1.09,24.55
boltz2,no_msa,6R8M,boltz2,input_model_4,0.85,0.5214,0.1655,13.03,21.37,0.0,0.0,0.0,0.2367,1.98,0.97,22.52
boltz2,no_msa,6R8M,boltz2,input_model_4,0.87,0.5168,0.1392,13.02,21.97,0.0,0.0,0.0,0.2147,2.09,1.16,26.11
boltz2,msa,6R8M,boltz2_msa,input_model_0,0.96,0.9627,0.955,2.1,2.59,0.9554,0.9397,0.9397,0.9565,1.4,0.32,0.86
boltz2,msa,6R8M,boltz2_msa,input_model_0,0.96,0.9622,0.9543,2.1,2.59,0.9551,0.9407,0.9407,0.9559,1.62,0.34,1.01
boltz2,msa,6R8M,boltz2_msa,input_model_0,0.96,0.9605,0.9524,2.15,2.65,0.9523,0.9375,0.9375,0.954,1.49,0.31,0.64
boltz2,msa,6R8M,boltz2_msa,input_model_3,0.96,0.9599,0.9522,2.2,2.71,0.9521,0.9353,0.9353,0.9537,1.44,0.32,0.68
boltz2,msa,6R8M,boltz2_msa,input_model_1,0.96,0.9602,0.952,2.19,2.69,0.9521,0.9349,0.9349,0.9536,1.61,0.34,0.91
boltz2,msa,6R8M,boltz2_msa,input_model_0,0.96,0.9596,0.9521,2.22,2.72,0.9516,0.9346,0.9346,0.9536,1.61,0.32,0.81
boltz2,msa,6R8M,boltz2_msa,input_model_2,0.96,0.9591,0.9516,2.24,2.76,0.9508,0.9327,0.9327,0.9531,1.55,0.31,0.67
boltz2,msa,6R8M,boltz2_msa,input_model_1,0.96,0.9584,0.951,2.27,2.79,0.9495,0.9316,0.9316,0.9525,1.64,0.31,0.75
boltz2,msa,6R8M,boltz2_msa,input_model_1,0.96,0.9587,0.9503,2.23,2.75,0.9499,0.9328,0.9328,0.952,1.53,0.32,0.77
boltz2,msa,6R8M,boltz2_msa,input_model_1,0.96,0.9583,0.95,2.27,2.79,0.949,0.9312,0.9312,0.9517,1.46,0.32,0.96
boltz2,msa,6R8M,boltz2_msa,input_model_2,0.96,0.9577,0.9501,2.29,2.82,0.9483,0.9295,0.9295,0.9516,1.54,0.33,0.77
boltz2,msa,6R8M,boltz2_msa,input_model_1,0.96,0.9573,0.95,2.29,2.82,0.9485,0.9289,0.9289,0.9515,1.47,0.31,0.65
boltz2,msa,6R8M,boltz2_msa,input_model_2,0.96,0.9575,0.9499,2.28,2.81,0.9485,0.93,0.93,0.9514,1.67,0.32,0.61
boltz2,msa,6R8M,boltz2_msa,input_model_3,0.96,0.9577,0.9497,2.27,2.8,0.9478,0.9303,0.9303,0.9513,1.46,0.33,0.88
boltz2,msa,6R8M,boltz2_msa,input_model_0,0.96,0.9571,0.9487,2.28,2.81,0.9472,0.9302,0.9302,0.9504,1.45,0.31,0.78
boltz2,msa,6R8M,boltz2_msa,input_model_2,0.96,0.9561,0.9486,2.37,2.93,0.9462,0.9248,0.9248,0.9501,1.42,0.31,0.87
boltz2,msa,6R8M,boltz2_msa,input_model_2,0.96,0.9563,0.9484,2.33,2.87,0.9464,0.928,0.928,0.95,1.61,0.32,0.81
boltz2,msa,6R8M,boltz2_msa,input_model_4,0.96,0.956,0.9473,2.22,2.73,0.9472,0.9334,0.9334,0.949,1.44,0.31,0.71
boltz2,msa,6R8M,boltz2_msa,input_model_3,0.96,0.9546,0.9463,2.37,2.91,0.945,0.9242,0.9242,0.948,1.49,0.31,0.75
boltz2,msa,6R8M,boltz2_msa,input_model_3,0.96,0.9546,0.9462,2.39,2.94,0.9437,0.9239,0.9239,0.9479,1.67,0.32,0.65
boltz2,msa,6R8M,boltz2_msa,input_model_3,0.96,0.9542,0.946,2.38,2.93,0.945,0.9244,0.9244,0.9476,1.5,0.31,0.72
boltz2,msa,6R8M,boltz2_msa,input_model_4,0.96,0.9531,0.9457,2.42,2.98,0.9441,0.9225,0.9225,0.9472,1.19,0.32,0.74
boltz2,msa,6R8M,boltz2_msa,input_model_4,0.96,0.9525,0.9447,2.49,3.07,0.9416,0.919,0.919,0.9463,1.56,0.33,0.78
boltz2,msa,6R8M,boltz2_msa,input_model_4,0.96,0.9514,0.9428,2.49,3.06,0.9394,0.9179,0.9179,0.9445,1.73,0.32,0.74
boltz2,msa,6R8M,boltz2_msa,input_model_4,0.96,0.952,0.9425,2.38,2.94,0.9411,0.9246,0.9246,0.9444,1.32,0.33,0.89
chai1,no_msa,6R8M,chai1,pred.model_idx_3,96.22,0.9104,0.8023,0.0,0.0,0.0,0.0,0.0,0.8239,1.22,0.76,3.37
chai1,no_msa,6R8M,chai1,pred.model_idx_2,96.23,0.9102,0.8015,0.0,0.0,0.0,0.0,0.0,0.8232,1.32,0.75,3.45
chai1,no_msa,6R8M,chai1,pred.model_idx_0,96.29,0.9103,0.8012,0.0,0.0,0.0,0.0,0.0,0.823,1.44,0.78,3.74
chai1,no_msa,6R8M,chai1,pred.model_idx_4,96.2,0.91,0.8004,0.0,0.0,0.0,0.0,0.0,0.8223,1.3,0.72,3.15
chai1,no_msa,6R8M,chai1,pred.model_idx_1,96.1,0.9096,0.8,0.0,0.0,0.0,0.0,0.0,0.8219,1.4,0.86,3.84
chai1,no_msa,6R8M,chai1,pred.model_idx_3,96.12,0.9097,0.7999,0.0,0.0,0.0,0.0,0.0,0.8219,1.29,0.79,3.73
chai1,no_msa,6R8M,chai1,pred.model_idx_1,96.14,0.9095,0.7994,0.0,0.0,0.0,0.0,0.0,0.8214,1.41,0.71,3.01
chai1,no_msa,6R8M,chai1,pred.model_idx_0,96.07,0.9092,0.7992,0.0,0.0,0.0,0.0,0.0,0.8212,1.44,0.8,3.97
chai1,no_msa,6R8M,chai1,pred.model_idx_2,96.09,0.9093,0.7992,0.0,0.0,0.0,0.0,0.0,0.8212,1.28,0.76,3.63
chai1,no_msa,6R8M,chai1,pred.model_idx_4,96.1,0.9089,0.7984,0.0,0.0,0.0,0.0,0.0,0.8205,1.39,0.74,3.36
chai1,no_msa,6R8M,chai1,pred.model_idx_1,95.39,0.9013,0.7818,0.0,0.0,0.0,0.0,0.0,0.8057,1.32,0.79,3.36
chai1,no_msa,6R8M,chai1,pred.model_idx_2,95.34,0.9012,0.7818,0.0,0.0,0.0,0.0,0.0,0.8057,1.38,0.88,3.64
chai1,no_msa,6R8M,chai1,pred.model_idx_3,95.37,0.9012,0.7818,0.0,0.0,0.0,0.0,0.0,0.8057,1.34,0.83,3.41
chai1,no_msa,6R8M,chai1,pred.model_idx_4,95.37,0.9011,0.7814,0.0,0.0,0.0,0.0,0.0,0.8053,1.38,0.81,3.46
chai1,no_msa,6R8M,chai1,pred.model_idx_0,95.32,0.9008,0.7812,0.0,0.0,0.0,0.0,0.0,0.8051,1.27,0.84,3.34
chai1,no_msa,6R8M,chai1,pred.model_idx_0,94.04,0.8909,0.7589,0.0,0.0,0.0,0.0,0.0,0.7853,1.56,1.96,2.87
chai1,no_msa,6R8M,chai1,pred.model_idx_1,93.99,0.8907,0.7586,0.0,0.0,0.0,0.0,0.0,0.785,1.34,1.43,2.64
chai1,no_msa,6R8M,chai1,pred.model_idx_3,93.98,0.8906,0.7584,0.0,0.0,0.0,0.0,0.0,0.7848,1.19,1.4,2.65
chai1,no_msa,6R8M,chai1,pred.model_idx_4,94.01,0.8903,0.758,0.0,0.0,0.0,0.0,0.0,0.7845,1.27,1.51,2.4
chai1,no_msa,6R8M,chai1,pred.model_idx_2,94.02,0.89,0.7574,0.0,0.0,0.0,0.0,0.0,0.7839,1.24,1.43,2.51
chai1,no_msa,6R8M,chai1,pred.model_idx_4,93.87,0.8881,0.7524,0.0,0.0,0.0,0.0,0.0,0.7795,1.32,1.46,2.15
chai1,no_msa,6R8M,chai1,pred.model_idx_1,93.7,0.8876,0.752,0.0,0.0,0.0,0.0,0.0,0.7791,1.44,0.61,2.68
chai1,no_msa,6R8M,chai1,pred.model_idx_3,93.69,0.8876,0.752,0.0,0.0,0.0,0.0,0.0,0.7791,1.4,0.72,2.77
chai1,no_msa,6R8M,chai1,pred.model_idx_2,93.63,0.8872,0.7519,0.0,0.0,0.0,0.0,0.0,0.779,1.26,0.7,2.51
chai1,no_msa,6R8M,chai1,pred.model_idx_0,93.56,0.8873,0.7515,0.0,0.0,0.0,0.0,0.0,0.7787,1.37,0.65,2.62
colabfold,msa,6R8M,colabfold,complex_unrelaxed_rank_001_alphafold2_multimer_v3_model_4_seed_004,91.69,0.84,0.8,4.06,4.97,0.7453,0.7266,0.7266,0.808,1.24,0.63,1.28
colabfold,msa,6R8M,colabfold,complex_unrelaxed_rank_004_alphafold2_multimer_v3_model_5_seed_000,75.56,0.56,0.2,10.82,18.31,0.0,0.0202,0.0,0.272,1.5,1.02,31.13
colabfold,msa,6R8M,colabfold,complex_unrelaxed_rank_002_alphafold2_multimer_v3_model_4_seed_003,78.66,0.55,0.2,10.72,17.99,0.0,0.0291,0.0,0.27,1.56,1.05,22.25
colabfold,msa,6R8M,colabfold,complex_unrelaxed_rank_003_alphafold2_multimer_v3_model_4_seed_000,78.42,0.55,0.2,10.94,18.38,0.0,0.0289,0.0,0.27,1.59,1.05,20.87
colabfold,msa,6R8M,colabfold,complex_unrelaxed_rank_005_alphafold2_multimer_v3_model_2_seed_004,80.32,0.56,0.19,11.03,18.67,0.0,0.0258,0.0,0.264,1.43,0.83,23.34
colabfold,msa,6R8M,colabfold,complex_unrelaxed_rank_006_alphafold2_multimer_v3_model_3_seed_001,79.68,0.56,0.19,11.28,19.2,0.0,0.022,0.0,0.264,1.53,0.84,20.32
colabfold,msa,6R8M,colabfold,complex_unrelaxed_rank_007_alphafold2_multimer_v3_model_1_seed_001,78.82,0.55,0.18,10.91,18.46,0.0,0.021,0.0,0.254,1.53,1.03,23.47
colabfold,msa,6R8M,colabfold,complex_unrelaxed_rank_009_alphafold2_multimer_v3_model_2_seed_001,80.78,0.55,0.18,11.19,19.01,0.0,0.0178,0.0,0.254,1.48,0.79,19.87
colabfold,msa,6R8M,colabfold,complex_unrelaxed_rank_010_alphafold2_multimer_v3_model_4_seed_001,78.96,0.55,0.18,11.17,19.03,0.0,0.0217,0.0,0.254,1.61,0.99,20.94
colabfold,msa,6R8M,colabfold,complex_unrelaxed_rank_008_alphafold2_multimer_v3_model_2_seed_003,79.72,0.54,0.18,11.29,19.06,0.0,0.0149,0.0,0.252,1.44,1.03,22.51
colabfold,msa,6R8M,colabfold,complex_unrelaxed_rank_011_alphafold2_multimer_v3_model_2_seed_000,80.49,0.55,0.17,11.32,19.28,0.0,0.0191,0.0,0.246,1.46,0.78,21.17
colabfold,msa,6R8M,colabfold,complex_unrelaxed_rank_012_alphafold2_multimer_v3_model_1_seed_003,77.32,0.55,0.17,11.38,19.36,0.0,0.0134,0.0,0.246,1.53,0.9,22.02
colabfold,msa,6R8M,colabfold,complex_unrelaxed_rank_013_alphafold2_multimer_v3_model_3_seed_000,78.8,0.55,0.17,11.36,19.28,0.0,0.021,0.0,0.246,1.51,0.9,21.34
colabfold,msa,6R8M,colabfold,complex_unrelaxed_rank_014_alphafold2_multimer_v3_model_1_seed_002,79.02,0.55,0.17,11.25,19.08,0.0,0.015,0.0,0.246,1.54,0.89,21.36
colabfold,msa,6R8M,colabfold,complex_unrelaxed_rank_015_alphafold2_multimer_v3_model_3_seed_004,78.75,0.55,0.17,11.47,19.44,0.0,0.0182,0.0,0.246,1.5,0.9,22.2
colabfold,msa,6R8M,colabfold,complex_unrelaxed_rank_016_alphafold2_multimer_v3_model_3_seed_003,78.78,0.55,0.17,11.49,19.53,0.0,0.0178,0.0,0.246,1.52,0.9,21.5
colabfold,msa,6R8M,colabfold,complex_unrelaxed_rank_018_alphafold2_multimer_v3_model_3_seed_002,78.44,0.55,0.17,11.64,19.85,0.0,0.0158,0.0,0.246,1.55,0.89,21.18
colabfold,msa,6R8M,colabfold,complex_unrelaxed_rank_017_alphafold2_multimer_v3_model_2_seed_002,79.64,0.54,0.17,11.54,19.68,0.0,0.0181,0.0,0.244,1.47,0.78,20.8
colabfold,msa,6R8M,colabfold,complex_unrelaxed_rank_019_alphafold2_multimer_v3_model_1_seed_000,78.14,0.54,0.17,11.45,19.48,0.0,0.0124,0.0,0.244,1.55,0.91,20.95
colabfold,msa,6R8M,colabfold,complex_unrelaxed_rank_020_alphafold2_multimer_v3_model_1_seed_004,77.5,0.54,0.17,11.51,19.59,0.0,0.015,0.0,0.244,1.6,0.9,21.11
colabfold,msa,6R8M,colabfold,complex_unrelaxed_rank_021_alphafold2_multimer_v3_model_5_seed_004,77.66,0.54,0.16,11.62,19.86,0.0,0.0116,0.0,0.236,1.61,0.89,21.21
colabfold,msa,6R8M,colabfold,complex_unrelaxed_rank_022_alphafold2_multimer_v3_model_5_seed_003,77.06,0.54,0.16,11.62,19.81,0.0,0.0141,0.0,0.236,1.54,1.05,24.28
colabfold,msa,6R8M,colabfold,complex_unrelaxed_rank_023_alphafold2_multimer_v3_model_5_seed_001,76.96,0.54,0.15,11.92,20.47,0.0,0.0109,0.0,0.228,1.65,0.87,22.54
colabfold,msa,6R8M,colabfold,complex_unrelaxed_rank_025_alphafold2_multimer_v3_model_5_seed_002,77.18,0.54,0.15,11.81,20.35,0.0,0.0088,0.0,0.228,1.67,0.84,22.63
colabfold,msa,6R8M,colabfold,complex_unrelaxed_rank_024_alphafold2_multimer_v3_model_4_seed_002,77.4,0.53,0.15,11.78,20.22,0.0,0.0125,0.0,0.226,1.66,0.98,23.21
colabfold,no_msa,6R8M,colabfold_nomsa,complex_unrelaxed_rank_001_alphafold2_multimer_v3_model_4_seed_003,39.11,0.29,0.15,18.53,21.55,0.0,0.0027,0.0,0.178,5.35,16.48,34.33
colabfold,no_msa,6R8M,colabfold_nomsa,complex_unrelaxed_rank_002_alphafold2_multimer_v3_model_1_seed_002,36.78,0.28,0.12,19.02,22.56,0.0,0.0,0.0,0.152,6.27,16.14,36.3
colabfold,no_msa,6R8M,colabfold_nomsa,complex_unrelaxed_rank_008_alphafold2_multimer_v3_model_5_seed_004,38.88,0.32,0.11,19.15,23.27,0.0,0.0,0.0,0.152,3.8,12.52,36.58
colabfold,no_msa,6R8M,colabfold_nomsa,complex_unrelaxed_rank_017_alphafold2_multimer_v3_model_5_seed_003,53.46,0.42,0.08,17.51,24.78,0.0,0.0,0.0,0.148,1.33,8.69,34.27
colabfold,no_msa,6R8M,colabfold_nomsa,complex_unrelaxed_rank_018_alphafold2_multimer_v3_model_2_seed_000,48.6,0.42,0.08,18.41,25.04,0.0,0.0,0.0,0.148,1.31,8.62,30.85
colabfold,no_msa,6R8M,colabfold_nomsa,complex_unrelaxed_rank_003_alphafold2_multimer_v3_model_4_seed_000,36.68,0.25,0.12,19.5,23.17,0.0,0.0,0.0,0.146,5.01,15.34,37.99
colabfold,no_msa,6R8M,colabfold_nomsa,complex_unrelaxed_rank_020_alphafold2_multimer_v3_model_5_seed_001,52.7,0.41,0.08,17.48,24.92,0.0,0.0,0.0,0.146,1.75,7.08,34.32
colabfold,no_msa,6R8M,colabfold_nomsa,complex_unrelaxed_rank_004_alphafold2_multimer_v3_model_3_seed_003,37.25,0.24,0.12,19.08,23.06,0.0,0.0,0.0,0.144,4.9,10.43,36.66
colabfold,no_msa,6R8M,colabfold_nomsa,complex_unrelaxed_rank_005_alphafold2_multimer_v3_model_4_seed_002,36.66,0.24,0.12,19.54,23.23,0.0,0.0,0.0,0.144,5.08,15.29,38.15
colabfold,no_msa,6R8M,colabfold_nomsa,complex_unrelaxed_rank_022_alphafold2_multimer_v3_model_5_seed_000,45.42,0.39,0.08,18.92,25.28,0.0,0.0,0.0,0.142,1.32,13.22,32.11
colabfold,no_msa,6R8M,colabfold_nomsa,complex_unrelaxed_rank_023_alphafold2_multimer_v3_model_2_seed_004,50.0,0.42,0.07,18.36,25.34,0.0,0.0,0.0,0.14,1.34,12.26,24.24
colabfold,no_msa,6R8M,colabfold_nomsa,complex_unrelaxed_rank_024_alphafold2_multimer_v3_model_2_seed_002,49.29,0.42,0.07,18.9,25.86,0.0,0.0,0.0,0.14,1.66,14.8,32.67
colabfold,no_msa,6R8M,colabfold_nomsa,complex_unrelaxed_rank_007_alphafold2_multimer_v3_model_1_seed_000,35.33,0.24,0.11,19.66,23.4,0.0,0.0,0.0,0.136,6.76,10.96,38.23
colabfold,no_msa,6R8M,colabfold_nomsa,complex_unrelaxed_rank_006_alphafold2_multimer_v3_model_4_seed_004,36.15,0.23,0.11,19.79,23.45,0.0,0.0,0.0,0.134,5.06,16.14,38.03
colabfold,no_msa,6R8M,colabfold_nomsa,complex_unrelaxed_rank_009_alphafold2_multimer_v3_model_3_seed_001,33.49,0.22,0.11,20.2,23.69,0.0,0.0,0.0,0.132,5.46,15.65,36.38
colabfold,no_msa,6R8M,colabfold_nomsa,complex_unrelaxed_rank_012_alphafold2_multimer_v3_model_3_seed_000,34.03,0.22,0.1,20.17,23.79,0.0,0.0,0.0,0.124,5.08,14.17,37.19
colabfold,no_msa,6R8M,colabfold_nomsa,complex_unrelaxed_rank_011_alphafold2_multimer_v3_model_1_seed_001,33.2,0.21,0.1,20.21,23.49,0.0,0.0,0.0,0.122,11.02,15.43,36.78
colabfold,no_msa,6R8M,colabfold_nomsa,complex_unrelaxed_rank_015_alphafold2_multimer_v3_model_5_seed_002,35.77,0.25,0.09,19.96,24.11,0.0,0.0,0.0,0.122,4.66,15.65,34.56
colabfold,no_msa,6R8M,colabfold_nomsa,complex_unrelaxed_rank_010_alphafold2_multimer_v3_model_3_seed_004,31.41,0.2,0.1,20.84,24.3,0.0,0.0,0.0,0.12,7.18,14.76,20.76
colabfold,no_msa,6R8M,colabfold_nomsa,complex_unrelaxed_rank_014_alphafold2_multimer_v3_model_1_seed_003,35.0,0.23,0.09,19.98,23.92,0.0,0.0,0.0,0.118,6.41,10.9,38.64
colabfold,no_msa,6R8M,colabfold_nomsa,complex_unrelaxed_rank_013_alphafold2_multimer_v3_model_3_seed_002,33.13,0.21,0.09,20.33,23.89,0.0,0.0,0.0,0.114,5.21,16.47,35.24
colabfold,no_msa,6R8M,colabfold_nomsa,complex_unrelaxed_rank_016_alphafold2_multimer_v3_model_1_seed_004,34.11,0.21,0.09,20.27,24.11,0.0,0.0,0.0,0.114,5.99,14.75,38.27
colabfold,no_msa,6R8M,colabfold_nomsa,complex_unrelaxed_rank_021_alphafold2_multimer_v3_model_2_seed_003,32.88,0.2,0.08,21.0,25.25,0.0,0.0,0.0,0.104,5.26,11.41,37.43
colabfold,no_msa,6R8M,colabfold_nomsa,complex_unrelaxed_rank_019_alphafold2_multimer_v3_model_2_seed_001,31.47,0.18,0.08,21.58,25.69,0.0,0.0,0.0,0.1,13.95,15.26,38.14
colabfold,no_msa,6R8M,colabfold_nomsa,complex_unrelaxed_rank_025_alphafold2_multimer_v3_model_4_seed_001,22.82,0.1,0.04,26.34,29.83,0.0,0.0,0.0,0.052,20.35,21.9,53.32
esmfold2,no_msa,6R8M,esmfold2,output_seed1024_esmfold2_pred,85.47,0.8183,0.7372,5.28,7.23,0.5054,0.5282,0.5054,0.7534,1.19,0.42,1.47
esmfold2,no_msa,6R8M,esmfold2,output_seed789_esmfold2_pred,84.86,0.807,0.7253,5.37,7.35,0.5023,0.5279,0.5023,0.7416,1.31,0.42,2.5
esmfold2,no_msa,6R8M,esmfold2,output_esmfold2_pred,84.66,0.8103,0.7216,5.57,7.65,0.4656,0.4983,0.4656,0.7393,1.18,0.44,1.16
esmfold2,no_msa,6R8M,esmfold2,output_seed123_esmfold2_pred,84.34,0.7968,0.7072,5.79,8.04,0.4269,0.459,0.4269,0.7251,1.46,0.49,1.13
esmfold2,no_msa,6R8M,esmfold2,output_seed456_esmfold2_pred,79.85,0.6954,0.5442,7.71,11.26,0.1784,0.2458,0.1784,0.5744,1.59,0.58,2.69
af2m,msa,7A8W,af2m,ranked_0,96.32,0.8919,0.8627,2.72,3.33,0.8469,0.8348,0.8348,0.8685,1.05,0.39,0.86
af2m,msa,7A8W,af2m,ranked_1,96.21,0.8908,0.8591,2.73,3.35,0.8415,0.8286,0.8286,0.8654,1.08,0.39,0.88
af2m,msa,7A8W,af2m,ranked_2,96.05,0.8877,0.8554,2.78,3.42,0.8368,0.8234,0.8234,0.8619,1.07,0.4,0.8
af2m,msa,7A8W,af2m,ranked_3,95.82,0.8863,0.8546,2.89,3.57,0.8335,0.8129,0.8129,0.8609,1.11,0.39,0.97
af2m,msa,7A8W,af2m,ranked_4,96.07,0.8885,0.8493,2.86,3.56,0.8214,0.8089,0.8089,0.8571,1.08,0.38,0.86
af2m,msa,7A8W,af2m,ranked_5,95.82,0.883,0.8472,2.83,3.51,0.8251,0.8142,0.8142,0.8544,1.09,0.39,0.87
af2m,msa,7A8W,af2m,ranked_6,95.93,0.8862,0.846,2.89,3.6,0.8177,0.8072,0.8072,0.854,1.07,0.38,0.91
af2m,msa,7A8W,af2m,ranked_7,95.61,0.8809,0.8429,2.88,3.59,0.8175,0.8088,0.8088,0.8505,1.09,0.39,0.77
af2m,msa,7A8W,af2m,ranked_8,95.83,0.8849,0.8382,2.94,3.69,0.8015,0.7966,0.7966,0.8475,1.08,0.38,0.85
af2m,msa,7A8W,af2m,ranked_9,81.23,0.5546,0.1686,11.06,19.34,0.0,0.0093,0.0,0.2458,1.28,0.39,24.43
af2m,msa,7A8W,af2m,ranked_10,81.97,0.5478,0.1515,11.42,20.13,0.0,0.0082,0.0,0.2308,1.28,0.39,25.45
af2m,msa,7A8W,af2m,ranked_11,80.37,0.5472,0.1453,11.47,20.33,0.0,0.0051,0.0,0.2257,1.28,0.38,25.65
af2m,msa,7A8W,af2m,ranked_12,80.04,0.5449,0.14,11.53,20.49,0.0,0.0028,0.0,0.221,1.34,0.41,6.92
af2m,msa,7A8W,af2m,ranked_13,80.96,0.5451,0.1389,11.72,20.87,0.0,0.0026,0.0,0.2201,1.33,0.38,16.97
af2m,msa,7A8W,af2m,ranked_14,81.43,0.5419,0.1393,11.74,20.78,0.0,0.0054,0.0,0.2198,1.29,0.4,17.57
af2m,msa,7A8W,af2m,ranked_15,79.63,0.5433,0.1389,11.64,20.64,0.0,0.0026,0.0,0.2198,1.28,0.39,24.85
af2m,msa,7A8W,af2m,ranked_16,79.71,0.5435,0.1383,11.6,20.62,0.0,0.0026,0.0,0.2193,1.34,0.4,17.11
af2m,msa,7A8W,af2m,ranked_17,80.96,0.5408,0.1374,11.81,20.92,0.0,0.0053,0.0,0.2181,1.32,0.42,15.05
af2m,msa,7A8W,af2m,ranked_18,82.38,0.5376,0.1245,11.97,21.36,0.0,0.0,0.0,0.2071,1.29,0.38,18.71
af2m,msa,7A8W,af2m,ranked_19,82.73,0.5384,0.1231,11.96,21.35,0.0,0.0,0.0,0.2062,1.28,0.37,17.66
af2m,msa,7A8W,af2m,ranked_20,78.77,0.5268,0.1154,12.32,21.81,0.0,0.0,0.0,0.1977,1.3,0.39,20.66
af2m,msa,7A8W,af2m,ranked_21,78.1,0.5174,0.1089,12.61,22.22,0.0,0.0,0.0,0.1906,1.31,0.41,22.86
af2m,msa,7A8W,af2m,ranked_22,78.53,0.5192,0.1056,12.65,22.4,0.0,0.0,0.0,0.1883,1.31,0.39,22.55
af2m,msa,7A8W,af2m,ranked_23,78.52,0.5128,0.0957,12.91,22.92,0.0,0.0,0.0,0.1791,1.31,0.4,23.77
af2m,msa,7A8W,af2m,ranked_24,77.46,0.5041,0.0848,13.31,23.57,0.0,0.0,0.0,0.1687,1.29,0.42,24.27
af3,msa,7A8W,af3,seed-1024_sample-2,93.79,0.9,0.88,2.71,3.25,0.8728,0.8507,0.8507,0.884,1.19,0.38,0.77
af3,msa,7A8W,af3,seed-123_sample-0,93.77,0.9,0.88,2.72,3.26,0.8693,0.8503,0.8503,0.884,1.11,0.35,0.8
af3,msa,7A8W,af3,seed-123_sample-2,94.05,0.9,0.88,2.64,3.16,0.8749,0.8568,0.8568,0.884,1.11,0.37,0.9
af3,msa,7A8W,af3,seed-456_sample-4,94.08,0.9,0.88,2.65,3.19,0.8682,0.8501,0.8501,0.884,1.13,0.37,0.76
af3,msa,7A8W,af3,seed-123_sample-3,93.44,0.9,0.87,2.78,3.33,0.8634,0.8454,0.8454,0.876,1.16,0.35,0.92
af3,msa,7A8W,af3,seed-123_sample-4,93.53,0.9,0.87,2.75,3.3,0.8664,0.8474,0.8474,0.876,1.18,0.42,0.97
af3,msa,7A8W,af3,seed-42_sample-1,93.65,0.9,0.87,2.73,3.3,0.8656,0.8396,0.8396,0.876,1.1,0.36,0.68
af3,msa,7A8W,af3,seed-42_sample-3,93.5,0.9,0.87,2.79,3.37,0.8619,0.8396,0.8396,0.876,1.1,0.35,0.76
af3,msa,7A8W,af3,seed-456_sample-2,93.67,0.9,0.87,2.77,3.35,0.8632,0.8364,0.8364,0.876,1.11,0.41,0.86
af3,msa,7A8W,af3,seed-789_sample-0,93.46,0.9,0.87,2.72,3.27,0.8656,0.8485,0.8485,0.876,1.13,0.45,0.76
af3,msa,7A8W,af3,seed-789_sample-1,93.31,0.9,0.87,2.72,3.28,0.8662,0.8508,0.8508,0.876,1.21,0.36,1.47
af3,msa,7A8W,af3,seed-789_sample-4,93.52,0.9,0.87,2.79,3.36,0.8604,0.843,0.843,0.876,1.11,0.38,0.75
af3,msa,7A8W,af3,seed-1024_sample-4,93.4,0.89,0.87,2.76,3.34,0.861,0.8377,0.8377,0.874,1.15,0.37,1.05
af3,msa,7A8W,af3,seed-123_sample-1,93.45,0.89,0.87,2.79,3.36,0.8641,0.8408,0.8408,0.874,1.09,0.37,0.85
af3,msa,7A8W,af3,seed-456_sample-1,93.17,0.89,0.87,2.83,3.44,0.8519,0.8341,0.8341,0.874,1.21,0.37,1.04
af3,msa,7A8W,af3,seed-456_sample-3,93.16,0.89,0.87,2.87,3.49,0.8506,0.826,0.826,0.874,1.14,0.38,1.32
af3,msa,7A8W,af3,seed-42_sample-4,93.37,0.9,0.86,2.77,3.37,0.8503,0.8434,0.8434,0.868,1.21,0.36,1.36
af3,msa,7A8W,af3,seed-1024_sample-1,92.91,0.89,0.86,2.83,3.42,0.8538,0.8296,0.8296,0.866,1.31,0.38,2.04
af3,msa,7A8W,af3,seed-1024_sample-3,93.57,0.89,0.86,2.76,3.34,0.8542,0.8405,0.8405,0.866,1.12,0.37,1.07
af3,msa,7A8W,af3,seed-42_sample-0,93.21,0.89,0.86,2.82,3.42,0.8477,0.8354,0.8354,0.866,1.18,0.41,1.34
af3,msa,7A8W,af3,seed-789_sample-2,93.08,0.89,0.86,2.77,3.35,0.8424,0.8443,0.8424,0.866,1.15,0.37,1.92
af3,msa,7A8W,af3,seed-42_sample-2,93.0,0.89,0.85,2.85,3.46,0.8433,0.8304,0.8304,0.858,1.15,0.39,1.66
af3,msa,7A8W,af3,seed-456_sample-0,92.83,0.89,0.84,2.93,3.6,0.8166,0.8173,0.8166,0.85,1.09,0.42,1.69
af3,msa,7A8W,af3,seed-789_sample-3,92.49,0.89,0.84,2.89,3.52,0.829,0.8268,0.8268,0.85,1.11,0.4,2.1
af3,msa,7A8W,af3,seed-1024_sample-0,92.55,0.88,0.84,2.94,3.58,0.8323,0.8153,0.8153,0.848,1.15,0.39,2.01
af3,no_msa,7A8W,af3_nomsa,seed-1024_sample-4,60.06,0.55,0.25,13.14,18.18,0.0059,0.0,0.0,0.31,1.65,6.32,31.6
af3,no_msa,7A8W,af3_nomsa,seed-123_sample-0,60.88,0.54,0.23,13.23,18.62,0.0027,0.0,0.0,0.292,1.43,11.32,34.27
af3,no_msa,7A8W,af3_nomsa,seed-456_sample-4,58.79,0.53,0.21,14.18,19.58,0.0025,0.0,0.0,0.274,1.47,12.48,34.28
af3,no_msa,7A8W,af3_nomsa,seed-456_sample-2,59.36,0.52,0.19,14.48,20.22,0.0,0.0,0.0,0.256,1.28,12.74,31.4
af3,no_msa,7A8W,af3_nomsa,seed-1024_sample-2,59.26,0.51,0.18,15.11,21.45,0.0026,0.0,0.0,0.246,1.46,11.99,34.8
af3,no_msa,7A8W,af3_nomsa,seed-456_sample-3,59.25,0.51,0.18,14.7,20.5,0.0,0.0,0.0,0.246,1.21,8.6,32.09
af3,no_msa,7A8W,af3_nomsa,seed-1024_sample-1,59.79,0.51,0.17,14.55,20.53,0.0,0.0,0.0,0.238,1.31,9.68,32.69
af3,no_msa,7A8W,af3_nomsa,seed-123_sample-3,58.24,0.51,0.16,15.07,20.92,0.0,0.0,0.0,0.23,1.34,12.48,38.81
af3,no_msa,7A8W,af3_nomsa,seed-123_sample-1,58.16,0.5,0.16,15.14,21.03,0.0,0.0,0.0,0.228,1.3,8.24,31.9
af3,no_msa,7A8W,af3_nomsa,seed-1024_sample-3,59.45,0.5,0.15,14.81,21.07,0.0,0.0,0.0,0.22,1.31,8.82,34.41
af3,no_msa,7A8W,af3_nomsa,seed-123_sample-4,59.92,0.5,0.15,14.9,21.54,0.0,0.0,0.0,0.22,1.3,8.02,34.78
af3,no_msa,7A8W,af3_nomsa,seed-789_sample-2,58.52,0.5,0.15,15.12,21.35,0.0,0.0,0.0,0.22,1.38,9.02,31.96
af3,no_msa,7A8W,af3_nomsa,seed-42_sample-2,62.32,0.49,0.15,15.03,21.94,0.0,0.0,0.0,0.218,1.28,12.66,38.78
af3,no_msa,7A8W,af3_nomsa,seed-789_sample-1,59.37,0.49,0.15,14.22,20.68,0.0,0.0,0.0,0.218,1.36,6.08,35.63
af3,no_msa,7A8W,af3_nomsa,seed-42_sample-1,63.4,0.49,0.14,15.01,22.12,0.0,0.0,0.0,0.21,1.51,12.32,38.09
af3,no_msa,7A8W,af3_nomsa,seed-789_sample-3,57.74,0.49,0.14,15.61,21.96,0.0,0.0,0.0,0.21,1.34,12.48,36.84
af3,no_msa,7A8W,af3_nomsa,seed-789_sample-4,57.62,0.49,0.14,15.69,21.81,0.0,0.0,0.0,0.21,1.4,14.77,35.26
af3,no_msa,7A8W,af3_nomsa,seed-123_sample-2,60.02,0.49,0.13,14.98,21.74,0.0,0.0,0.0,0.202,1.5,8.34,36.27
af3,no_msa,7A8W,af3_nomsa,seed-456_sample-1,57.39,0.49,0.13,15.17,21.47,0.0,0.0,0.0,0.202,1.48,14.07,34.8
af3,no_msa,7A8W,af3_nomsa,seed-789_sample-0,58.24,0.49,0.13,15.4,21.72,0.0,0.0,0.0,0.202,1.36,13.2,32.96
af3,no_msa,7A8W,af3_nomsa,seed-42_sample-3,61.61,0.48,0.13,15.49,22.17,0.0,0.0,0.0,0.2,1.48,11.79,36.39
af3,no_msa,7A8W,af3_nomsa,seed-1024_sample-0,57.73,0.49,0.12,15.93,22.24,0.0,0.0,0.0,0.194,1.37,13.67,35.91
af3,no_msa,7A8W,af3_nomsa,seed-42_sample-0,61.85,0.48,0.12,15.21,21.82,0.0,0.0,0.0,0.192,1.38,12.79,34.6
af3,no_msa,7A8W,af3_nomsa,seed-456_sample-0,58.77,0.48,0.11,15.64,22.62,0.0,0.0,0.0,0.184,1.38,13.2,37.38
af3,no_msa,7A8W,af3_nomsa,seed-42_sample-4,61.94,0.47,0.1,15.98,23.22,0.0,0.0,0.0,0.174,1.39,14.32,40.73
boltz1,no_msa,7A8W,boltz1,input_model_3,0.89,0.8982,0.9204,4.66,4.99,0.8863,0.921,0.8863,0.916,1.75,5.46,6.96
boltz1,no_msa,7A8W,boltz1,input_model_2,0.89,0.8974,0.9192,4.71,5.05,0.8842,0.9196,0.8842,0.9148,1.77,5.17,6.68
boltz1,no_msa,7A8W,boltz1,input_model_0,0.89,0.8991,0.9181,4.51,4.81,0.8814,0.9187,0.8814,0.9143,1.78,4.55,5.97
boltz1,no_msa,7A8W,boltz1,input_model_0,0.89,0.8982,0.9175,4.54,4.85,0.8798,0.918,0.8798,0.9136,1.76,4.24,5.69
boltz1,no_msa,7A8W,boltz1,input_model_2,0.88,0.8945,0.918,4.81,5.14,0.8899,0.9186,0.8899,0.9133,1.78,10.11,12.24
boltz1,no_msa,7A8W,boltz1,input_model_3,0.89,0.8962,0.9173,4.72,5.05,0.8771,0.9178,0.8771,0.9131,1.75,8.59,10.6
boltz1,no_msa,7A8W,boltz1,input_model_0,0.89,0.8944,0.9175,4.82,5.1,0.8861,0.9181,0.8861,0.9129,1.73,5.56,7.08
boltz1,no_msa,7A8W,boltz1,input_model_0,0.89,0.9,0.9159,4.56,4.86,0.8817,0.9161,0.8817,0.9127,1.7,10.74,12.99
boltz1,no_msa,7A8W,boltz1,input_model_1,0.89,0.8972,0.9166,4.68,5.02,0.8733,0.9171,0.8733,0.9127,1.8,4.94,6.38
boltz1,no_msa,7A8W,boltz1,input_model_1,0.89,0.8958,0.9164,4.74,5.07,0.8729,0.9168,0.8729,0.9123,1.81,4.91,6.46
boltz1,no_msa,7A8W,boltz1,input_model_4,0.88,0.8959,0.9164,4.76,5.05,0.8871,0.9168,0.8871,0.9123,1.75,8.85,10.87
boltz1,no_msa,7A8W,boltz1,input_model_1,0.89,0.9002,0.9152,4.55,4.88,0.8743,0.9155,0.8743,0.9122,1.77,5.32,6.86
boltz1,no_msa,7A8W,boltz1,input_model_2,0.89,0.8947,0.9161,4.73,5.07,0.8772,0.9165,0.8772,0.9118,1.77,5.38,6.83
boltz1,no_msa,7A8W,boltz1,input_model_4,0.88,0.8977,0.9149,4.67,4.95,0.8917,0.9152,0.8917,0.9115,1.78,9.7,11.63
boltz1,no_msa,7A8W,boltz1,input_model_4,0.88,0.8937,0.9157,4.83,5.19,0.8837,0.916,0.8837,0.9113,1.79,5.31,6.82
boltz1,no_msa,7A8W,boltz1,input_model_2,0.89,0.8949,0.9154,4.77,5.11,0.8702,0.9156,0.8702,0.9113,1.8,5.04,6.64
boltz1,no_msa,7A8W,boltz1,input_model_4,0.88,0.8981,0.9143,4.65,4.98,0.8758,0.9146,0.8758,0.9111,1.71,4.63,5.96
boltz1,no_msa,7A8W,boltz1,input_model_3,0.89,0.8979,0.914,4.61,4.93,0.8769,0.9142,0.8769,0.9108,1.74,5.22,6.67
boltz1,no_msa,7A8W,boltz1,input_model_0,0.89,0.8965,0.9143,4.71,5.04,0.8754,0.9144,0.8754,0.9107,1.72,4.92,6.31
boltz1,no_msa,7A8W,boltz1,input_model_3,0.88,0.9005,0.9132,4.54,4.88,0.8755,0.9131,0.8755,0.9107,1.72,5.07,6.51
boltz1,no_msa,7A8W,boltz1,input_model_2,0.89,0.8977,0.9133,4.66,4.99,0.876,0.9136,0.876,0.9102,1.79,4.96,6.45
boltz1,no_msa,7A8W,boltz1,input_model_3,0.88,0.8998,0.9123,4.61,4.91,0.8759,0.9121,0.8759,0.9098,1.66,10.03,12.05
boltz1,no_msa,7A8W,boltz1,input_model_1,0.89,0.89,0.9134,5.05,5.36,0.8942,0.9135,0.8942,0.9087,1.79,3.76,5.28
boltz1,no_msa,7A8W,boltz1,input_model_4,0.89,0.8954,0.9099,4.76,5.11,0.8818,0.9094,0.8818,0.907,1.73,4.78,6.18
boltz1,no_msa,7A8W,boltz1,input_model_1,0.89,0.8933,0.9089,4.81,5.17,0.8743,0.9086,0.8743,0.9058,1.74,5.08,6.58
boltz1,msa,7A8W,boltz1_msa,input_model_1,0.94,0.9399,0.9224,2.5,3.06,0.9255,0.9033,0.9033,0.9259,1.25,0.54,1.96
boltz1,msa,7A8W,boltz1_msa,input_model_1,0.94,0.9397,0.9223,2.52,3.09,0.924,0.8984,0.8984,0.9258,1.23,0.53,1.93
boltz1,msa,7A8W,boltz1_msa,input_model_0,0.94,0.9396,0.9216,2.46,3.02,0.9248,0.901,0.901,0.9252,1.24,0.54,1.95
boltz1,msa,7A8W,boltz1_msa,input_model_0,0.94,0.9388,0.9204,2.49,3.05,0.9234,0.9011,0.9011,0.9241,1.24,0.54,2.08
boltz1,msa,7A8W,boltz1_msa,input_model_3,0.94,0.9381,0.9202,2.56,3.14,0.9229,0.8997,0.8997,0.9238,1.22,0.54,2.13
boltz1,msa,7A8W,boltz1_msa,input_model_0,0.94,0.9383,0.9199,2.46,3.03,0.9228,0.9,0.9,0.9236,1.22,0.53,1.94
boltz1,msa,7A8W,boltz1_msa,input_model_1,0.94,0.9386,0.9196,2.51,3.08,0.9215,0.8992,0.8992,0.9234,1.24,0.53,1.75
boltz1,msa,7A8W,boltz1_msa,input_model_0,0.94,0.937,0.9193,2.62,3.22,0.9209,0.8957,0.8957,0.9228,1.22,0.54,1.94
boltz1,msa,7A8W,boltz1_msa,input_model_1,0.94,0.9378,0.9189,2.55,3.13,0.9214,0.9029,0.9029,0.9227,1.22,0.56,2.33
boltz1,msa,7A8W,boltz1_msa,input_model_2,0.94,0.9359,0.9174,2.53,3.11,0.9194,0.8977,0.8977,0.9211,1.24,0.54,1.91
boltz1,msa,7A8W,boltz1_msa,input_model_1,0.94,0.9357,0.9162,2.55,3.14,0.9176,0.898,0.898,0.9201,1.26,0.54,2.07
boltz1,msa,7A8W,boltz1_msa,input_model_0,0.94,0.9356,0.9153,2.54,3.13,0.9165,0.8932,0.8932,0.9194,1.22,0.54,2.13
boltz1,msa,7A8W,boltz1_msa,input_model_3,0.94,0.9344,0.9148,2.63,3.23,0.9157,0.8972,0.8972,0.9187,1.26,0.53,2.03
boltz1,msa,7A8W,boltz1_msa,input_model_3,0.94,0.9349,0.9136,2.54,3.14,0.9146,0.8932,0.8932,0.9179,1.25,0.54,2.37
boltz1,msa,7A8W,boltz1_msa,input_model_2,0.94,0.934,0.9127,2.55,3.15,0.9135,0.889,0.889,0.917,1.24,0.55,2.13
boltz1,msa,7A8W,boltz1_msa,input_model_3,0.94,0.933,0.9123,2.69,3.31,0.9115,0.8927,0.8927,0.9164,1.23,0.54,2.09
boltz1,msa,7A8W,boltz1_msa,input_model_3,0.94,0.9318,0.9126,2.65,3.27,0.9127,0.8919,0.8919,0.9164,1.25,0.55,1.78
boltz1,msa,7A8W,boltz1_msa,input_model_2,0.94,0.933,0.9118,2.64,3.25,0.911,0.8934,0.8934,0.916,1.22,0.55,2.22
boltz1,msa,7A8W,boltz1_msa,input_model_2,0.94,0.9316,0.9112,2.63,3.24,0.9112,0.8935,0.8935,0.9153,1.26,0.55,2.01
boltz1,msa,7A8W,boltz1_msa,input_model_4,0.94,0.9326,0.9108,2.65,3.26,0.9096,0.8936,0.8936,0.9152,1.26,0.56,2.41
boltz1,msa,7A8W,boltz1_msa,input_model_2,0.94,0.9328,0.9105,2.59,3.19,0.911,0.8835,0.8835,0.915,1.25,0.55,2.01
boltz1,msa,7A8W,boltz1_msa,input_model_4,0.94,0.9294,0.9079,2.81,3.47,0.9056,0.8849,0.8849,0.9122,1.25,0.56,2.14
boltz1,msa,7A8W,boltz1_msa,input_model_4,0.93,0.9292,0.9074,2.74,3.39,0.9056,0.8809,0.8809,0.9118,1.22,0.56,1.95
boltz1,msa,7A8W,boltz1_msa,input_model_4,0.94,0.9266,0.9038,2.79,3.45,0.8993,0.885,0.885,0.9084,1.28,0.56,1.82
boltz1,msa,7A8W,boltz1_msa,input_model_4,0.94,0.9251,0.8995,2.82,3.48,0.8929,0.8837,0.8837,0.9046,1.27,0.57,2.37
boltz2,no_msa,7A8W,boltz2,input_model_4,0.7,0.5807,0.2558,13.0,18.23,0.0025,0.0,0.0,0.3208,1.49,9.7,36.37
boltz2,no_msa,7A8W,boltz2,input_model_0,0.91,0.5795,0.2467,13.14,18.85,0.0,0.0,0.0,0.3133,1.47,0.91,33.69
boltz2,no_msa,7A8W,boltz2,input_model_0,0.82,0.5754,0.2342,13.06,18.65,0.0025,0.0,0.0,0.3024,1.5,7.98,33.47
boltz2,no_msa,7A8W,boltz2,input_model_1,0.87,0.5568,0.1995,13.55,19.84,0.0,0.0,0.0,0.271,1.46,0.96,34.15
boltz2,no_msa,7A8W,boltz2,input_model_2,0.83,0.5468,0.176,13.84,20.28,0.0,0.0,0.0,0.2502,1.47,0.89,34.03
boltz2,no_msa,7A8W,boltz2,input_model_3,0.8,0.5196,0.1774,15.13,22.0,0.0,0.0,0.0,0.2458,1.43,0.83,26.5
boltz2,no_msa,7A8W,boltz2,input_model_3,0.82,0.5321,0.1539,14.36,20.95,0.0,0.0,0.0,0.2295,1.47,0.75,34.58
boltz2,no_msa,7A8W,boltz2,input_model_2,0.83,0.5308,0.1504,14.49,21.07,0.0,0.0,0.0,0.2265,1.47,0.81,33.84
boltz2,no_msa,7A8W,boltz2,input_model_1,0.83,0.5152,0.1517,15.24,22.19,0.0,0.0,0.0,0.2244,1.41,0.66,27.42
boltz2,no_msa,7A8W,boltz2,input_model_1,0.83,0.5191,0.15,15.06,21.97,0.0,0.0,0.0,0.2238,1.42,0.72,27.57
boltz2,no_msa,7A8W,boltz2,input_model_2,0.8,0.5195,0.1489,14.95,21.87,0.0,0.0,0.0,0.223,1.43,0.77,27.05
boltz2,no_msa,7A8W,boltz2,input_model_0,0.88,0.5267,0.1448,14.68,21.23,0.0,0.0,0.0,0.2212,1.47,0.9,33.81
boltz2,no_msa,7A8W,boltz2,input_model_3,0.83,0.529,0.142,14.38,21.17,0.0,0.0,0.0,0.2194,1.47,0.75,34.19
boltz2,no_msa,7A8W,boltz2,input_model_0,0.86,0.5261,0.1403,14.29,21.36,0.0,0.0,0.0,0.2175,1.45,9.12,32.7
boltz2,no_msa,7A8W,boltz2,input_model_2,0.81,0.5106,0.1428,15.36,22.4,0.0,0.0,0.0,0.2164,1.42,0.66,27.06
boltz2,no_msa,7A8W,boltz2,input_model_3,0.79,0.5101,0.1425,15.42,22.49,0.0,0.0,0.0,0.216,1.43,0.66,26.82
boltz2,no_msa,7A8W,boltz2,input_model_1,0.84,0.5234,0.1318,14.59,21.7,0.0,0.0,0.0,0.2101,1.44,8.98,33.43
boltz2,no_msa,7A8W,boltz2,input_model_3,0.78,0.517,0.1332,15.21,22.3,0.0,0.0,0.0,0.21,1.4,0.99,27.99
boltz2,no_msa,7A8W,boltz2,input_model_0,0.84,0.5134,0.1337,15.2,22.33,0.0,0.0,0.0,0.2096,1.41,0.64,26.59
boltz2,no_msa,7A8W,boltz2,input_model_1,0.85,0.5196,0.1245,14.55,21.87,0.0,0.0,0.0,0.2035,1.45,8.7,33.85
boltz2,no_msa,7A8W,boltz2,input_model_2,0.82,0.5178,0.1242,14.64,21.67,0.0,0.0,0.0,0.2029,1.47,1.09,33.35
boltz2,no_msa,7A8W,boltz2,input_model_4,0.79,0.509,0.113,15.44,22.87,0.0,0.0,0.0,0.1922,1.41,0.86,29.32
boltz2,no_msa,7A8W,boltz2,input_model_4,0.78,0.5022,0.0971,15.78,23.2,0.0,0.0,0.0,0.1781,1.47,1.41,29.66
boltz2,no_msa,7A8W,boltz2,input_model_4,0.8,0.5029,0.0942,15.67,23.49,0.0,0.0,0.0,0.1759,1.44,2.31,31.97
boltz2,no_msa,7A8W,boltz2,input_model_4,0.78,0.5063,0.0926,15.14,23.35,0.0,0.0,0.0,0.1753,1.43,1.98,32.46
boltz2,msa,7A8W,boltz2_msa,input_model_0,0.96,0.9077,0.8384,3.01,4.45,0.6131,0.696,0.6131,0.8523,1.42,0.41,1.4
boltz2,msa,7A8W,boltz2_msa,input_model_0,0.95,0.8983,0.8264,3.27,4.82,0.5866,0.658,0.5866,0.8408,1.37,0.39,1.54
boltz2,msa,7A8W,boltz2_msa,input_model_0,0.96,0.8938,0.8052,3.42,5.13,0.5141,0.6274,0.5141,0.8229,1.37,0.58,28.57
boltz2,msa,7A8W,boltz2_msa,input_model_1,0.96,0.8831,0.7854,3.68,5.55,0.4624,0.5853,0.4624,0.8049,1.35,0.62,28.58
boltz2,msa,7A8W,boltz2_msa,input_model_2,0.96,0.8827,0.7831,3.69,5.63,0.4413,0.5746,0.4413,0.803,1.37,0.57,28.11
boltz2,msa,7A8W,boltz2_msa,input_model_1,0.96,0.8819,0.7811,3.71,5.68,0.4492,0.5656,0.4492,0.8013,1.38,0.6,28.24
boltz2,msa,7A8W,boltz2_msa,input_model_1,0.96,0.877,0.7715,3.82,5.89,0.4174,0.5461,0.4174,0.7926,1.36,0.59,28.15
boltz2,msa,7A8W,boltz2_msa,input_model_0,0.96,0.8735,0.764,3.88,6.03,0.4006,0.5276,0.4006,0.7859,1.35,0.57,28.1
boltz2,msa,7A8W,boltz2_msa,input_model_1,0.95,0.8707,0.7593,3.97,6.17,0.3923,0.5192,0.3923,0.7816,1.33,0.55,28.32
boltz2,msa,7A8W,boltz2_msa,input_model_3,0.95,0.869,0.7558,4.02,6.24,0.3814,0.5172,0.3814,0.7784,1.37,0.59,28.17
boltz2,msa,7A8W,boltz2_msa,input_model_1,0.95,0.8691,0.7554,3.98,6.21,0.3968,0.5088,0.3968,0.7781,1.36,0.56,28.38
boltz2,msa,7A8W,boltz2_msa,input_model_0,0.95,0.8678,0.7542,4.02,6.22,0.3921,0.5116,0.3921,0.7769,1.35,0.61,28.22
boltz2,msa,7A8W,boltz2_msa,input_model_3,0.95,0.8673,0.752,4.04,6.29,0.3852,0.5052,0.3852,0.7751,1.32,0.56,28.12
boltz2,msa,7A8W,boltz2_msa,input_model_3,0.95,0.8671,0.7516,4.05,6.33,0.3773,0.5045,0.3773,0.7747,1.36,0.57,28.2
boltz2,msa,7A8W,boltz2_msa,input_model_2,0.96,0.8636,0.7459,4.18,6.52,0.3484,0.494,0.3484,0.7694,1.36,0.6,28.19
boltz2,msa,7A8W,boltz2_msa,input_model_2,0.96,0.8625,0.7433,4.17,6.49,0.3618,0.4918,0.3618,0.7671,1.36,0.6,28.09
boltz2,msa,7A8W,boltz2_msa,input_model_4,0.95,0.8606,0.7394,4.2,6.56,0.3578,0.485,0.3578,0.7636,1.36,0.57,28.3
boltz2,msa,7A8W,boltz2_msa,input_model_2,0.96,0.8563,0.7326,4.37,6.81,0.3364,0.4757,0.3364,0.7573,1.33,0.65,28.27
boltz2,msa,7A8W,boltz2_msa,input_model_4,0.95,0.8544,0.728,4.39,6.88,0.336,0.465,0.336,0.7533,1.36,0.58,28.26
boltz2,msa,7A8W,boltz2_msa,input_model_3,0.95,0.8512,0.7208,4.38,6.89,0.3345,0.4483,0.3345,0.7469,1.38,0.57,28.17
boltz2,msa,7A8W,boltz2_msa,input_model_3,0.96,0.8509,0.7209,4.48,7.06,0.3153,0.4485,0.3153,0.7469,1.39,0.65,28.16
boltz2,msa,7A8W,boltz2_msa,input_model_2,0.95,0.8499,0.7181,4.47,7.08,0.3084,0.4442,0.3084,0.7445,1.34,0.6,28.18
boltz2,msa,7A8W,boltz2_msa,input_model_4,0.95,0.8417,0.7018,4.62,7.41,0.2835,0.4178,0.2835,0.7298,1.4,0.61,28.15
boltz2,msa,7A8W,boltz2_msa,input_model_4,0.95,0.8401,0.6996,4.66,7.38,0.3033,0.4139,0.3033,0.7277,1.35,0.6,27.84
boltz2,msa,7A8W,boltz2_msa,input_model_4,0.95,0.8402,0.6989,4.69,7.48,0.2893,0.4102,0.2893,0.7272,1.35,0.58,28.02
chai1,no_msa,7A8W,chai1,pred.model_idx_4,82.59,0.6281,0.2683,0.0,0.0,0.0,0.0,0.0,0.3403,1.38,12.04,43.53
chai1,no_msa,7A8W,chai1,pred.model_idx_3,82.38,0.6262,0.2652,0.0,0.0,0.0,0.0,0.0,0.3374,1.42,11.93,43.61
chai1,no_msa,7A8W,chai1,pred.model_idx_0,82.33,0.6282,0.2632,0.0,0.0,0.0,0.0,0.0,0.3362,1.4,11.4,44.25
chai1,no_msa,7A8W,chai1,pred.model_idx_2,81.89,0.622,0.2636,0.0,0.0,0.0,0.0,0.0,0.3353,1.4,12.28,44.51
chai1,no_msa,7A8W,chai1,pred.model_idx_1,82.37,0.6244,0.2559,0.0,0.0,0.0,0.0,0.0,0.3296,1.36,12.26,43.01
chai1,no_msa,7A8W,chai1,pred.model_idx_4,82.37,0.6277,0.2539,0.0,0.0,0.0,0.0,0.0,0.3287,1.41,12.74,43.89
chai1,no_msa,7A8W,chai1,pred.model_idx_3,81.71,0.6258,0.2521,0.0,0.0,0.0,0.0,0.0,0.3268,1.41,11.85,44.65
chai1,no_msa,7A8W,chai1,pred.model_idx_3,82.06,0.6268,0.2482,0.0,0.0,0.0,0.0,0.0,0.3239,1.43,11.47,44.8
chai1,no_msa,7A8W,chai1,pred.model_idx_2,82.5,0.6266,0.2479,0.0,0.0,0.0,0.0,0.0,0.3236,1.42,12.9,44.34
chai1,no_msa,7A8W,chai1,pred.model_idx_1,82.23,0.6273,0.246,0.0,0.0,0.0,0.0,0.0,0.3223,1.39,12.23,44.54
chai1,no_msa,7A8W,chai1,pred.model_idx_0,81.97,0.6279,0.244,0.0,0.0,0.0,0.0,0.0,0.3208,1.39,12.49,44.6
chai1,no_msa,7A8W,chai1,pred.model_idx_4,82.02,0.6257,0.2408,0.0,0.0,0.0,0.0,0.0,0.3178,1.36,12.12,43.95
chai1,no_msa,7A8W,chai1,pred.model_idx_2,81.49,0.6186,0.2418,0.0,0.0,0.0,0.0,0.0,0.3172,1.36,11.91,44.35
chai1,no_msa,7A8W,chai1,pred.model_idx_0,82.7,0.6275,0.2395,0.0,0.0,0.0,0.0,0.0,0.3171,1.38,12.82,44.1
chai1,no_msa,7A8W,chai1,pred.model_idx_1,79.32,0.6066,0.2436,0.0,0.0,0.0,0.0,0.0,0.3162,1.45,12.44,44.7
chai1,no_msa,7A8W,chai1,pred.model_idx_2,79.49,0.6083,0.243,0.0,0.0,0.0,0.0,0.0,0.3161,1.41,12.48,44.4
chai1,no_msa,7A8W,chai1,pred.model_idx_1,81.97,0.6246,0.2382,0.0,0.0,0.0,0.0,0.0,0.3155,1.35,11.92,44.38
chai1,no_msa,7A8W,chai1,pred.model_idx_3,79.36,0.6002,0.2374,0.0,0.0,0.0,0.0,0.0,0.31,1.41,12.14,45.13
chai1,no_msa,7A8W,chai1,pred.model_idx_4,79.6,0.6086,0.2352,0.0,0.0,0.0,0.0,0.0,0.3099,1.39,11.24,44.14
chai1,no_msa,7A8W,chai1,pred.model_idx_0,79.62,0.6085,0.2322,0.0,0.0,0.0,0.0,0.0,0.3075,1.39,11.27,43.6
chai1,no_msa,7A8W,chai1,pred.model_idx_4,75.13,0.5735,0.2256,0.0,0.0,0.0,0.0,0.0,0.2952,1.33,12.08,37.88
chai1,no_msa,7A8W,chai1,pred.model_idx_0,75.57,0.5619,0.2064,0.0,0.0,0.0,0.0,0.0,0.2775,1.41,11.83,33.3
chai1,no_msa,7A8W,chai1,pred.model_idx_1,75.89,0.5656,0.1997,0.0,0.0,0.0,0.0,0.0,0.2729,1.39,12.11,34.63
chai1,no_msa,7A8W,chai1,pred.model_idx_2,74.58,0.5551,0.1446,0.0,0.0,0.0,0.0,0.0,0.2267,1.41,13.29,35.7
chai1,no_msa,7A8W,chai1,pred.model_idx_3,74.72,0.5536,0.1389,0.0,0.0,0.0,0.0,0.0,0.2218,1.38,12.75,34.24
colabfold,msa,7A8W,colabfold,complex_unrelaxed_rank_001_alphafold2_multimer_v3_model_3_seed_003,88.65,0.83,0.83,5.32,6.2,0.7155,0.7969,0.7155,0.83,1.23,3.86,40.06
colabfold,msa,7A8W,colabfold,complex_unrelaxed_rank_002_alphafold2_multimer_v3_model_3_seed_002,89.56,0.79,0.67,5.02,6.99,0.4424,0.4944,0.4424,0.694,1.21,0.68,1.52
colabfold,msa,7A8W,colabfold,complex_unrelaxed_rank_003_alphafold2_multimer_v3_model_3_seed_000,89.05,0.78,0.66,5.11,7.14,0.4401,0.4662,0.4401,0.684,1.59,0.81,3.15
colabfold,msa,7A8W,colabfold,complex_unrelaxed_rank_004_alphafold2_multimer_v3_model_4_seed_002,79.59,0.56,0.21,10.67,18.22,0.0,0.0295,0.0,0.28,1.34,0.81,19.76
colabfold,msa,7A8W,colabfold,complex_unrelaxed_rank_005_alphafold2_multimer_v3_model_4_seed_000,80.34,0.56,0.2,10.14,17.33,0.0,0.0385,0.0,0.272,1.34,0.68,19.62
colabfold,msa,7A8W,colabfold,complex_unrelaxed_rank_007_alphafold2_multimer_v3_model_4_seed_003,79.33,0.55,0.18,10.78,18.62,0.0,0.0252,0.0,0.254,1.36,0.73,19.5
colabfold,msa,7A8W,colabfold,complex_unrelaxed_rank_008_alphafold2_multimer_v3_model_1_seed_002,77.08,0.55,0.18,11.06,18.92,0.0,0.0195,0.0,0.254,1.36,0.76,20.08
colabfold,msa,7A8W,colabfold,complex_unrelaxed_rank_009_alphafold2_multimer_v3_model_1_seed_003,78.28,0.55,0.18,10.97,18.95,0.0,0.0207,0.0,0.254,1.34,0.76,25.69
colabfold,msa,7A8W,colabfold,complex_unrelaxed_rank_006_alphafold2_multimer_v3_model_4_seed_004,77.9,0.54,0.18,11.11,18.91,0.0,0.0222,0.0,0.252,1.37,0.85,20.49
colabfold,msa,7A8W,colabfold,complex_unrelaxed_rank_010_alphafold2_multimer_v3_model_4_seed_001,78.43,0.55,0.17,10.98,18.93,0.0,0.0195,0.0,0.246,1.39,0.73,21.51
colabfold,msa,7A8W,colabfold,complex_unrelaxed_rank_011_alphafold2_multimer_v3_model_2_seed_002,80.2,0.55,0.17,11.22,19.42,0.0,0.0164,0.0,0.246,1.31,0.72,18.94
colabfold,msa,7A8W,colabfold,complex_unrelaxed_rank_012_alphafold2_multimer_v3_model_1_seed_004,77.61,0.55,0.17,11.14,19.19,0.0,0.0158,0.0,0.246,1.38,0.74,18.8
colabfold,msa,7A8W,colabfold,complex_unrelaxed_rank_013_alphafold2_multimer_v3_model_1_seed_000,77.02,0.55,0.17,11.19,19.26,0.0,0.0159,0.0,0.246,1.39,0.78,20.41
colabfold,msa,7A8W,colabfold,complex_unrelaxed_rank_014_alphafold2_multimer_v3_model_3_seed_001,78.37,0.55,0.16,11.48,19.79,0.0,0.0148,0.0,0.238,1.33,0.77,25.65
colabfold,msa,7A8W,colabfold,complex_unrelaxed_rank_018_alphafold2_multimer_v3_model_2_seed_001,80.24,0.55,0.16,11.22,19.49,0.0,0.0176,0.0,0.238,1.32,0.71,17.81
colabfold,msa,7A8W,colabfold,complex_unrelaxed_rank_016_alphafold2_multimer_v3_model_2_seed_003,80.61,0.54,0.16,11.3,19.61,0.0,0.0159,0.0,0.236,1.31,0.71,18.86
colabfold,msa,7A8W,colabfold,complex_unrelaxed_rank_017_alphafold2_multimer_v3_model_5_seed_001,76.57,0.54,0.16,11.61,19.94,0.0,0.008,0.0,0.236,1.33,0.78,33.52
colabfold,msa,7A8W,colabfold,complex_unrelaxed_rank_019_alphafold2_multimer_v3_model_5_seed_000,75.47,0.54,0.16,11.65,19.96,0.0,0.0053,0.0,0.236,1.33,0.88,33.34
colabfold,msa,7A8W,colabfold,complex_unrelaxed_rank_015_alphafold2_multimer_v3_model_1_seed_001,74.52,0.52,0.16,11.69,19.56,0.0,0.0051,0.0,0.232,1.34,1.5,33.27
colabfold,msa,7A8W,colabfold,complex_unrelaxed_rank_020_alphafold2_multimer_v3_model_5_seed_003,75.63,0.53,0.15,11.74,20.17,0.0,0.0077,0.0,0.226,1.34,0.89,33.33
colabfold,msa,7A8W,colabfold,complex_unrelaxed_rank_021_alphafold2_multimer_v3_model_5_seed_002,75.11,0.53,0.15,12.0,20.59,0.0,0.0078,0.0,0.226,1.36,0.87,32.44
colabfold,msa,7A8W,colabfold,complex_unrelaxed_rank_022_alphafold2_multimer_v3_model_3_seed_004,66.86,0.47,0.11,13.87,21.86,0.0,0.0,0.0,0.182,1.26,4.7,30.63
colabfold,msa,7A8W,colabfold,complex_unrelaxed_rank_023_alphafold2_multimer_v3_model_5_seed_004,61.75,0.47,0.1,14.47,22.66,0.0,0.0,0.0,0.174,1.26,4.45,28.52
colabfold,msa,7A8W,colabfold,complex_unrelaxed_rank_024_alphafold2_multimer_v3_model_2_seed_000,61.96,0.47,0.08,15.26,23.52,0.0,0.0,0.0,0.158,1.25,4.57,17.53
colabfold,msa,7A8W,colabfold,complex_unrelaxed_rank_025_alphafold2_multimer_v3_model_2_seed_004,63.73,0.47,0.08,15.28,23.73,0.0,0.0,0.0,0.158,1.29,4.58,20.1
colabfold,no_msa,7A8W,colabfold_nomsa,complex_unrelaxed_rank_001_alphafold2_multimer_v3_model_4_seed_004,51.19,0.4,0.19,15.27,18.7,0.0144,0.0119,0.0119,0.232,4.21,14.33,35.31
colabfold,no_msa,7A8W,colabfold_nomsa,complex_unrelaxed_rank_002_alphafold2_multimer_v3_model_4_seed_000,43.21,0.32,0.17,17.59,21.25,0.0,0.0029,0.0,0.2,4.44,15.48,36.08
colabfold,no_msa,7A8W,colabfold_nomsa,complex_unrelaxed_rank_004_alphafold2_multimer_v3_model_5_seed_001,43.64,0.35,0.16,16.86,20.52,0.0,0.0082,0.0,0.198,4.79,14.33,35.81
colabfold,no_msa,7A8W,colabfold_nomsa,complex_unrelaxed_rank_003_alphafold2_multimer_v3_model_5_seed_004,38.07,0.28,0.17,18.72,22.14,0.0122,0.0169,0.0122,0.192,10.57,15.1,37.51
colabfold,no_msa,7A8W,colabfold_nomsa,complex_unrelaxed_rank_005_alphafold2_multimer_v3_model_4_seed_003,41.88,0.32,0.15,17.61,21.07,0.0029,0.0026,0.0026,0.184,5.2,14.48,36.04
colabfold,no_msa,7A8W,colabfold_nomsa,complex_unrelaxed_rank_006_alphafold2_multimer_v3_model_5_seed_003,41.44,0.32,0.15,17.71,21.41,0.0,0.0025,0.0,0.184,4.55,14.19,36.09
colabfold,no_msa,7A8W,colabfold_nomsa,complex_unrelaxed_rank_007_alphafold2_multimer_v3_model_3_seed_001,41.7,0.3,0.15,17.28,20.84,0.0,0.0027,0.0,0.18,5.25,13.88,36.25
colabfold,no_msa,7A8W,colabfold_nomsa,complex_unrelaxed_rank_008_alphafold2_multimer_v3_model_3_seed_003,39.86,0.3,0.14,17.89,21.5,0.0,0.0,0.0,0.172,4.7,14.14,36.15
colabfold,no_msa,7A8W,colabfold_nomsa,complex_unrelaxed_rank_011_alphafold2_multimer_v3_model_4_seed_002,41.6,0.34,0.13,18.06,22.51,0.0,0.0,0.0,0.172,5.61,14.48,33.87
colabfold,no_msa,7A8W,colabfold_nomsa,complex_unrelaxed_rank_009_alphafold2_multimer_v3_model_3_seed_004,40.56,0.29,0.14,17.84,21.49,0.0,0.0,0.0,0.17,4.25,14.05,35.71
colabfold,no_msa,7A8W,colabfold_nomsa,complex_unrelaxed_rank_010_alphafold2_multimer_v3_model_3_seed_000,39.9,0.29,0.13,17.94,21.6,0.0,0.0,0.0,0.162,4.38,14.03,36.01
colabfold,no_msa,7A8W,colabfold_nomsa,complex_unrelaxed_rank_012_alphafold2_multimer_v3_model_4_seed_001,37.26,0.27,0.13,19.03,22.5,0.0,0.0,0.0,0.158,12.25,15.62,35.87
colabfold,no_msa,7A8W,colabfold_nomsa,complex_unrelaxed_rank_013_alphafold2_multimer_v3_model_2_seed_003,37.76,0.25,0.12,18.72,22.2,0.0,0.0,0.0,0.146,9.38,16.05,23.81
colabfold,no_msa,7A8W,colabfold_nomsa,complex_unrelaxed_rank_024_alphafold2_multimer_v3_model_2_seed_000,51.78,0.43,0.07,17.78,24.84,0.0,0.0,0.0,0.142,1.34,16.2,26.83
colabfold,no_msa,7A8W,colabfold_nomsa,complex_unrelaxed_rank_025_alphafold2_multimer_v3_model_2_seed_004,53.05,0.43,0.07,17.84,25.11,0.0,0.0,0.0,0.142,1.36,14.87,22.98
colabfold,no_msa,7A8W,colabfold_nomsa,complex_unrelaxed_rank_014_alphafold2_multimer_v3_model_3_seed_002,38.23,0.26,0.11,18.35,22.24,0.0,0.0,0.0,0.14,5.05,12.59,34.94
colabfold,no_msa,7A8W,colabfold_nomsa,complex_unrelaxed_rank_015_alphafold2_multimer_v3_model_2_seed_002,36.31,0.26,0.11,19.56,23.37,0.0,0.0,0.0,0.14,13.71,15.59,35.87
colabfold,no_msa,7A8W,colabfold_nomsa,complex_unrelaxed_rank_016_alphafold2_multimer_v3_model_1_seed_000,37.42,0.26,0.11,18.91,22.9,0.0,0.0,0.0,0.14,6.04,15.54,36.82
colabfold,no_msa,7A8W,colabfold_nomsa,complex_unrelaxed_rank_019_alphafold2_multimer_v3_model_1_seed_003,36.47,0.25,0.1,19.33,23.31,0.0,0.0,0.0,0.13,13.0,15.92,34.94
colabfold,no_msa,7A8W,colabfold_nomsa,complex_unrelaxed_rank_017_alphafold2_multimer_v3_model_1_seed_001,34.68,0.24,0.1,19.69,23.31,0.0,0.0,0.0,0.128,10.55,15.89,26.36
colabfold,no_msa,7A8W,colabfold_nomsa,complex_unrelaxed_rank_018_alphafold2_multimer_v3_model_1_seed_004,35.97,0.23,0.1,19.42,23.3,0.0,0.0,0.0,0.126,12.44,15.09,35.75
colabfold,no_msa,7A8W,colabfold_nomsa,complex_unrelaxed_rank_021_alphafold2_multimer_v3_model_5_seed_002,36.16,0.25,0.09,19.64,23.74,0.0,0.0,0.0,0.122,4.72,13.52,35.26
colabfold,no_msa,7A8W,colabfold_nomsa,complex_unrelaxed_rank_022_alphafold2_multimer_v3_model_2_seed_001,35.18,0.23,0.09,19.93,24.14,0.0,0.0,0.0,0.118,10.36,15.02,24.99
colabfold,no_msa,7A8W,colabfold_nomsa,complex_unrelaxed_rank_020_alphafold2_multimer_v3_model_1_seed_002,34.03,0.2,0.09,19.98,23.9,0.0,0.0,0.0,0.112,7.42,14.52,36.99
colabfold,no_msa,7A8W,colabfold_nomsa,complex_unrelaxed_rank_023_alphafold2_multimer_v3_model_5_seed_000,28.88,0.17,0.08,21.91,25.19,0.0,0.0,0.0,0.098,12.15,15.56,39.48
esmfold2,no_msa,7A8W,esmfold2,output_seed789_esmfold2_pred,51.14,0.4695,0.1139,17.54,23.44,0.0,0.0,0.0,0.185,1.18,15.68,31.58
esmfold2,no_msa,7A8W,esmfold2,output_seed1024_esmfold2_pred,50.85,0.4613,0.1015,18.05,24.26,0.0,0.0,0.0,0.1735,1.23,14.41,34.17
esmfold2,no_msa,7A8W,esmfold2,output_seed456_esmfold2_pred,51.2,0.4657,0.1005,17.68,23.78,0.0,0.0,0.0,0.1735,1.46,14.39,32.98
esmfold2,no_msa,7A8W,esmfold2,output_esmfold2_pred,50.83,0.4595,0.0952,17.94,24.25,0.0,0.0,0.0,0.1681,1.33,14.55,28.83
esmfold2,no_msa,7A8W,esmfold2,output_seed123_esmfold2_pred,50.84,0.454,0.0857,18.09,24.61,0.0,0.0,0.0,0.1594,1.45,15.88,29.14
af2m,msa,7A8X,af2m,ranked_0,96.01,0.8891,0.8542,2.79,3.46,0.8357,0.8254,0.8254,0.8612,0.79,0.37,0.69
af2m,msa,7A8X,af2m,ranked_1,95.92,0.8863,0.853,2.85,3.52,0.8342,0.8209,0.8209,0.8597,0.79,0.37,0.66
af2m,msa,7A8X,af2m,ranked_2,95.84,0.8853,0.8518,2.86,3.55,0.8311,0.8205,0.8205,0.8585,0.8,0.36,0.69
af2m,msa,7A8X,af2m,ranked_3,94.63,0.874,0.8518,3.22,3.97,0.8047,0.8216,0.8047,0.8562,1.13,0.33,29.22
af2m,msa,7A8X,af2m,ranked_4,95.6,0.8831,0.8492,2.99,3.7,0.8261,0.8126,0.8126,0.856,0.8,0.34,0.71
af2m,msa,7A8X,af2m,ranked_5,95.72,0.8842,0.8482,2.89,3.59,0.8281,0.816,0.816,0.8554,0.79,0.36,0.68
af2m,msa,7A8X,af2m,ranked_6,95.81,0.8831,0.8481,2.89,3.59,0.828,0.8165,0.8165,0.8551,0.79,0.37,0.67
af2m,msa,7A8X,af2m,ranked_7,85.1,0.6515,0.3583,8.42,14.1,0.0079,0.0774,0.0079,0.4169,0.88,0.36,29.27
af2m,msa,7A8X,af2m,ranked_8,81.24,0.5767,0.2139,10.42,18.14,0.0,0.0202,0.0,0.2865,0.94,0.38,27.87
af2m,msa,7A8X,af2m,ranked_9,81.51,0.5716,0.1972,10.56,18.47,0.0,0.0143,0.0,0.2721,0.93,0.37,28.36
af2m,msa,7A8X,af2m,ranked_10,81.55,0.5619,0.1848,10.94,18.95,0.0,0.009,0.0,0.2602,0.97,0.36,26.69
af2m,msa,7A8X,af2m,ranked_11,80.89,0.561,0.176,10.95,19.2,0.0,0.0084,0.0,0.253,0.93,0.38,28.36
af2m,msa,7A8X,af2m,ranked_12,80.79,0.5557,0.1572,11.24,19.8,0.0,0.008,0.0,0.2369,0.96,0.37,27.48
af2m,msa,7A8X,af2m,ranked_13,81.79,0.5484,0.1535,11.57,20.3,0.0,0.0059,0.0,0.2325,1.0,0.38,26.91
af2m,msa,7A8X,af2m,ranked_14,81.34,0.5469,0.1506,11.6,20.36,0.0,0.0056,0.0,0.2299,1.01,0.37,26.79
af2m,msa,7A8X,af2m,ranked_15,82.39,0.5415,0.1303,12.08,21.53,0.0,0.0,0.0,0.2125,1.04,0.37,30.48
af2m,msa,7A8X,af2m,ranked_16,81.9,0.5421,0.1298,11.91,21.16,0.0,0.0025,0.0,0.2123,1.01,0.38,19.27
af2m,msa,7A8X,af2m,ranked_17,82.05,0.5404,0.1271,11.99,21.35,0.0,0.0,0.0,0.2098,1.05,0.39,15.83
af2m,msa,7A8X,af2m,ranked_18,81.72,0.5413,0.1268,11.98,21.35,0.0,0.0,0.0,0.2097,1.02,0.37,13.21
af2m,msa,7A8X,af2m,ranked_19,82.17,0.5378,0.1219,12.17,21.71,0.0,0.0,0.0,0.2051,1.02,0.39,19.07
af2m,msa,7A8X,af2m,ranked_20,77.62,0.5098,0.0908,13.14,23.16,0.0,0.0,0.0,0.1746,1.05,0.45,25.76
af2m,msa,7A8X,af2m,ranked_21,77.1,0.4965,0.0755,13.55,23.88,0.0,0.0,0.0,0.1597,1.01,0.46,30.66
af2m,msa,7A8X,af2m,ranked_22,77.2,0.4962,0.0703,13.74,24.29,0.0,0.0,0.0,0.1555,1.0,0.46,29.56
af2m,msa,7A8X,af2m,ranked_23,77.08,0.4936,0.0699,13.79,24.32,0.0,0.0,0.0,0.1546,1.01,0.48,30.06
af2m,msa,7A8X,af2m,ranked_24,77.09,0.4926,0.0681,13.72,24.19,0.0,0.0,0.0,0.153,0.99,0.49,29.48
af3,msa,7A8X,af3,seed-42_sample-4,94.28,0.91,0.89,2.59,3.08,0.8767,0.8744,0.8744,0.894,1.04,0.43,1.61
af3,msa,7A8X,af3,seed-456_sample-4,94.63,0.91,0.89,2.58,3.09,0.8818,0.8682,0.8682,0.894,0.91,0.38,0.75
af3,msa,7A8X,af3,seed-789_sample-0,94.24,0.9,0.89,2.62,3.11,0.8819,0.8663,0.8663,0.892,0.97,0.45,1.14
af3,msa,7A8X,af3,seed-1024_sample-2,94.2,0.9,0.88,2.68,3.2,0.88,0.8608,0.8608,0.884,0.97,0.38,1.19
af3,msa,7A8X,af3,seed-1024_sample-3,94.25,0.9,0.88,2.71,3.24,0.8705,0.8589,0.8589,0.884,0.89,0.38,0.77
af3,msa,7A8X,af3,seed-1024_sample-4,94.03,0.9,0.88,2.66,3.19,0.871,0.8562,0.8562,0.884,0.97,0.41,1.46
af3,msa,7A8X,af3,seed-123_sample-0,94.4,0.9,0.88,2.68,3.2,0.8766,0.8605,0.8605,0.884,0.9,0.4,0.8
af3,msa,7A8X,af3,seed-123_sample-1,94.04,0.9,0.88,2.73,3.27,0.8699,0.8533,0.8533,0.884,0.93,0.4,1.22
af3,msa,7A8X,af3,seed-123_sample-2,94.64,0.9,0.88,2.61,3.13,0.8802,0.865,0.865,0.884,0.88,0.35,0.81
af3,msa,7A8X,af3,seed-123_sample-4,94.29,0.9,0.88,2.67,3.19,0.8772,0.8618,0.8618,0.884,1.0,0.44,0.95
af3,msa,7A8X,af3,seed-42_sample-1,94.13,0.9,0.88,2.65,3.17,0.8785,0.8569,0.8569,0.884,0.89,0.38,0.86
af3,msa,7A8X,af3,seed-42_sample-3,93.95,0.9,0.88,2.74,3.28,0.8708,0.8554,0.8554,0.884,0.91,0.42,1.03
af3,msa,7A8X,af3,seed-456_sample-1,93.98,0.9,0.88,2.72,3.25,0.8698,0.8583,0.8583,0.884,0.99,0.36,1.26
af3,msa,7A8X,af3,seed-456_sample-2,94.22,0.9,0.88,2.72,3.26,0.8714,0.8544,0.8544,0.884,0.91,0.45,0.79
af3,msa,7A8X,af3,seed-789_sample-4,94.15,0.9,0.88,2.73,3.26,0.8736,0.8594,0.8594,0.884,0.9,0.44,0.84
af3,msa,7A8X,af3,seed-42_sample-2,93.9,0.9,0.87,2.71,3.26,0.8658,0.8559,0.8559,0.876,0.95,0.45,1.89
af3,msa,7A8X,af3,seed-456_sample-3,93.88,0.9,0.87,2.75,3.31,0.8686,0.8488,0.8488,0.876,0.92,0.42,1.5
af3,msa,7A8X,af3,seed-789_sample-1,93.98,0.9,0.87,2.69,3.22,0.8697,0.8619,0.8619,0.876,0.98,0.35,1.74
af3,msa,7A8X,af3,seed-789_sample-2,93.87,0.9,0.87,2.62,3.13,0.8554,0.8622,0.8554,0.876,1.02,0.42,2.24
af3,msa,7A8X,af3,seed-123_sample-3,93.84,0.89,0.87,2.77,3.32,0.8652,0.8513,0.8513,0.874,1.0,0.41,1.6
af3,msa,7A8X,af3,seed-42_sample-0,93.71,0.89,0.87,2.73,3.28,0.8523,0.8529,0.8523,0.874,0.99,0.4,1.79
af3,msa,7A8X,af3,seed-1024_sample-0,93.6,0.9,0.86,2.78,3.35,0.8563,0.8418,0.8418,0.868,0.96,0.44,2.12
af3,msa,7A8X,af3,seed-456_sample-0,93.81,0.9,0.86,2.71,3.26,0.8479,0.8491,0.8479,0.868,0.91,0.47,1.85
af3,msa,7A8X,af3,seed-789_sample-3,93.65,0.9,0.86,2.72,3.27,0.8469,0.85,0.8469,0.868,0.97,0.42,2.24
af3,msa,7A8X,af3,seed-1024_sample-1,93.63,0.89,0.86,2.79,3.35,0.8604,0.8428,0.8428,0.866,1.09,0.43,2.3
af3,no_msa,7A8X,af3_nomsa,seed-42_sample-1,69.56,0.66,0.54,10.59,13.98,0.185,0.2074,0.185,0.564,1.39,12.17,13.65
af3,no_msa,7A8X,af3_nomsa,seed-42_sample-4,68.72,0.66,0.54,10.79,14.22,0.1604,0.2139,0.1604,0.564,1.36,11.93,14.14
af3,no_msa,7A8X,af3_nomsa,seed-789_sample-4,69.02,0.65,0.54,11.15,14.81,0.1413,0.1817,0.1413,0.562,1.44,13.14,13.71
af3,no_msa,7A8X,af3_nomsa,seed-123_sample-0,68.54,0.65,0.52,10.76,14.4,0.1231,0.161,0.1231,0.546,1.22,11.4,13.42
af3,no_msa,7A8X,af3_nomsa,seed-789_sample-2,67.01,0.63,0.52,12.04,15.85,0.1261,0.1457,0.1261,0.542,1.37,11.93,13.63
af3,no_msa,7A8X,af3_nomsa,seed-42_sample-3,67.01,0.61,0.5,12.42,16.95,0.1031,0.1259,0.1031,0.522,1.29,12.26,15.56
af3,no_msa,7A8X,af3_nomsa,seed-42_sample-0,67.76,0.62,0.49,12.22,16.58,0.1038,0.1177,0.1038,0.516,1.15,12.47,15.08
af3,no_msa,7A8X,af3_nomsa,seed-789_sample-0,68.62,0.64,0.47,11.27,15.2,0.1117,0.0876,0.0876,0.504,1.34,12.18,14.15
af3,no_msa,7A8X,af3_nomsa,seed-789_sample-3,67.68,0.61,0.47,11.91,16.26,0.0698,0.0804,0.0698,0.498,1.32,14.07,14.66
af3,no_msa,7A8X,af3_nomsa,seed-123_sample-1,65.72,0.59,0.46,13.26,17.96,0.0484,0.0776,0.0484,0.486,1.29,12.66,15.03
af3,no_msa,7A8X,af3_nomsa,seed-123_sample-4,66.3,0.61,0.44,12.69,17.0,0.0713,0.052,0.052,0.474,1.23,11.33,13.42
af3,no_msa,7A8X,af3_nomsa,seed-789_sample-1,66.61,0.61,0.43,12.62,17.0,0.0524,0.0515,0.0515,0.466,1.44,14.43,14.97
af3,no_msa,7A8X,af3_nomsa,seed-42_sample-2,66.16,0.59,0.41,13.05,18.09,0.0417,0.0347,0.0347,0.446,1.14,11.62,15.17
af3,no_msa,7A8X,af3_nomsa,seed-1024_sample-0,66.43,0.59,0.4,12.65,17.69,0.0216,0.0215,0.0215,0.438,1.16,11.1,13.05
af3,no_msa,7A8X,af3_nomsa,seed-123_sample-2,65.48,0.58,0.39,13.79,18.72,0.0306,0.0216,0.0216,0.428,1.32,12.52,15.82
af3,no_msa,7A8X,af3_nomsa,seed-1024_sample-2,65.77,0.58,0.38,13.31,18.78,0.0184,0.0142,0.0142,0.42,1.31,12.58,15.2
af3,no_msa,7A8X,af3_nomsa,seed-1024_sample-1,64.42,0.57,0.36,13.75,18.71,0.0157,0.0104,0.0104,0.402,1.36,12.61,14.44
af3,no_msa,7A8X,af3_nomsa,seed-1024_sample-3,64.95,0.55,0.35,14.3,20.19,0.003,0.0031,0.003,0.39,1.14,11.76,14.76
af3,no_msa,7A8X,af3_nomsa,seed-123_sample-3,64.75,0.57,0.34,13.58,19.01,0.008,0.0031,0.0031,0.386,1.25,12.55,14.15
af3,no_msa,7A8X,af3_nomsa,seed-456_sample-3,61.01,0.49,0.19,13.68,19.61,0.0,0.0,0.0,0.25,3.33,13.71,36.34
af3,no_msa,7A8X,af3_nomsa,seed-456_sample-2,61.13,0.47,0.15,15.53,22.05,0.0,0.0,0.0,0.214,3.15,13.66,41.96
af3,no_msa,7A8X,af3_nomsa,seed-456_sample-1,60.23,0.46,0.13,15.04,21.56,0.0,0.0,0.0,0.196,3.15,13.28,22.57
af3,no_msa,7A8X,af3_nomsa,seed-456_sample-0,59.37,0.45,0.11,15.12,22.26,0.0,0.0,0.0,0.178,3.22,13.77,37.06
af3,no_msa,7A8X,af3_nomsa,seed-456_sample-4,58.37,0.44,0.1,15.75,22.66,0.0,0.0,0.0,0.168,3.13,13.57,37.09
af3,no_msa,7A8X,af3_nomsa,seed-1024_sample-4,62.48,0.47,0.09,16.77,24.52,0.0,0.0,0.0,0.166,1.22,12.48,42.66
boltz1,no_msa,7A8X,boltz1,input_model_0,0.89,0.9072,0.9231,4.36,4.63,0.8779,0.9235,0.8779,0.9199,1.55,7.92,10.04
boltz1,no_msa,7A8X,boltz1,input_model_1,0.88,0.8952,0.9186,4.85,5.19,0.8787,0.9187,0.8787,0.9139,1.53,5.84,7.53
boltz1,no_msa,7A8X,boltz1,input_model_0,0.88,0.8951,0.9179,4.87,5.21,0.8801,0.918,0.8801,0.9133,1.59,5.16,6.92
boltz1,no_msa,7A8X,boltz1,input_model_0,0.88,0.9,0.9159,4.64,4.97,0.8759,0.9157,0.8759,0.9127,1.53,5.67,7.45
boltz1,no_msa,7A8X,boltz1,input_model_0,0.88,0.8939,0.9169,4.92,5.24,0.8918,0.9167,0.8918,0.9123,1.51,4.16,5.8
boltz1,no_msa,7A8X,boltz1,input_model_1,0.89,0.8936,0.9157,4.9,5.24,0.8776,0.9153,0.8776,0.9113,1.59,5.28,7.07
boltz1,no_msa,7A8X,boltz1,input_model_1,0.88,0.894,0.9154,4.88,5.23,0.8958,0.9151,0.8958,0.9111,1.57,5.46,7.12
boltz1,no_msa,7A8X,boltz1,input_model_0,0.89,0.8977,0.9145,4.78,5.11,0.8779,0.9142,0.8779,0.9111,1.49,5.47,7.1
boltz1,no_msa,7A8X,boltz1,input_model_2,0.88,0.8955,0.9142,4.87,5.21,0.8831,0.9136,0.8831,0.9105,1.42,4.94,6.53
boltz1,no_msa,7A8X,boltz1,input_model_4,0.87,0.8864,0.916,5.3,5.67,0.8804,0.9158,0.8804,0.9101,1.47,10.05,12.29
boltz1,no_msa,7A8X,boltz1,input_model_2,0.88,0.8964,0.9134,4.8,5.14,0.8724,0.9128,0.8724,0.91,1.49,5.25,6.99
boltz1,no_msa,7A8X,boltz1,input_model_3,0.88,0.8972,0.9129,4.78,5.12,0.8735,0.9124,0.8735,0.9098,1.6,5.25,6.97
boltz1,no_msa,7A8X,boltz1,input_model_2,0.88,0.8913,0.9143,4.94,5.27,0.864,0.9137,0.864,0.9097,1.44,9.83,11.89
boltz1,no_msa,7A8X,boltz1,input_model_3,0.88,0.8908,0.9143,5.12,5.45,0.8897,0.9138,0.8897,0.9096,1.62,10.79,12.95
boltz1,no_msa,7A8X,boltz1,input_model_1,0.87,0.881,0.9167,5.49,5.91,0.8938,0.9165,0.8938,0.9096,1.54,10.83,12.98
boltz1,no_msa,7A8X,boltz1,input_model_2,0.86,0.8796,0.917,5.5,5.93,0.8817,0.9168,0.8817,0.9095,1.57,9.6,11.85
boltz1,no_msa,7A8X,boltz1,input_model_1,0.89,0.8936,0.9131,4.92,5.27,0.8773,0.9125,0.8773,0.9092,1.48,5.4,7.1
boltz1,no_msa,7A8X,boltz1,input_model_3,0.88,0.8958,0.9124,4.85,5.2,0.8692,0.9118,0.8692,0.9091,1.47,5.12,6.71
boltz1,no_msa,7A8X,boltz1,input_model_2,0.88,0.8911,0.912,5.01,5.35,0.8939,0.9114,0.8939,0.9078,1.52,6.6,8.41
boltz1,no_msa,7A8X,boltz1,input_model_3,0.86,0.8799,0.9143,5.39,5.83,0.8821,0.9138,0.8821,0.9074,1.47,9.68,11.49
boltz1,no_msa,7A8X,boltz1,input_model_3,0.86,0.8707,0.9156,5.83,6.31,0.8796,0.9151,0.8796,0.9066,1.53,10.26,12.34
boltz1,no_msa,7A8X,boltz1,input_model_4,0.86,0.8758,0.914,5.6,6.06,0.889,0.9135,0.889,0.9064,1.49,10.42,12.59
boltz1,no_msa,7A8X,boltz1,input_model_4,0.86,0.8807,0.9118,5.37,5.81,0.8831,0.9111,0.8831,0.9056,1.47,9.24,11.08
boltz1,no_msa,7A8X,boltz1,input_model_4,0.87,0.8801,0.912,5.34,5.81,0.8822,0.9113,0.8822,0.9056,1.54,8.39,10.01
boltz1,no_msa,7A8X,boltz1,input_model_4,0.86,0.8736,0.9127,5.57,6.05,0.8733,0.9121,0.8733,0.9049,1.48,9.55,11.41
boltz1,msa,7A8X,boltz1_msa,input_model_0,0.94,0.9422,0.9261,2.53,3.08,0.9308,0.9119,0.9119,0.9293,0.94,0.66,2.27
boltz1,msa,7A8X,boltz1_msa,input_model_1,0.94,0.9425,0.9254,2.57,3.13,0.9292,0.914,0.914,0.9288,0.95,0.68,2.14
boltz1,msa,7A8X,boltz1_msa,input_model_3,0.94,0.9405,0.9255,2.7,3.29,0.9299,0.9091,0.9091,0.9285,1.01,0.66,2.21
boltz1,msa,7A8X,boltz1_msa,input_model_2,0.94,0.9405,0.9252,2.72,3.3,0.9294,0.9065,0.9065,0.9283,0.98,0.68,2.29
boltz1,msa,7A8X,boltz1_msa,input_model_2,0.94,0.9411,0.925,2.65,3.22,0.9281,0.9087,0.9087,0.9282,0.95,0.7,2.27
boltz1,msa,7A8X,boltz1_msa,input_model_1,0.94,0.9415,0.924,2.53,3.09,0.9281,0.9115,0.9115,0.9275,0.96,0.66,2.26
boltz1,msa,7A8X,boltz1_msa,input_model_1,0.94,0.9403,0.9243,2.55,3.11,0.9287,0.9102,0.9102,0.9275,0.98,0.67,2.3
boltz1,msa,7A8X,boltz1_msa,input_model_2,0.94,0.9397,0.9234,2.6,3.18,0.9275,0.9096,0.9096,0.9267,0.94,0.66,2.43
boltz1,msa,7A8X,boltz1_msa,input_model_0,0.94,0.9405,0.9229,2.56,3.11,0.9267,0.9109,0.9109,0.9264,0.96,0.65,2.31
boltz1,msa,7A8X,boltz1_msa,input_model_0,0.94,0.9398,0.9231,2.56,3.13,0.9275,0.9094,0.9094,0.9264,0.98,0.66,2.25
boltz1,msa,7A8X,boltz1_msa,input_model_4,0.94,0.9391,0.9232,2.72,3.33,0.9273,0.9048,0.9048,0.9264,0.98,0.67,2.3
boltz1,msa,7A8X,boltz1_msa,input_model_1,0.94,0.9402,0.9228,2.59,3.16,0.9263,0.9096,0.9096,0.9263,0.96,0.67,2.1
boltz1,msa,7A8X,boltz1_msa,input_model_4,0.94,0.9397,0.923,2.65,3.23,0.926,0.9063,0.9063,0.9263,0.93,0.67,2.24
boltz1,msa,7A8X,boltz1_msa,input_model_0,0.94,0.9403,0.9225,2.57,3.13,0.9268,0.9059,0.9059,0.9261,0.96,0.67,2.35
boltz1,msa,7A8X,boltz1_msa,input_model_3,0.94,0.9395,0.9228,2.66,3.24,0.9253,0.9079,0.9079,0.9261,0.95,0.67,2.36
boltz1,msa,7A8X,boltz1_msa,input_model_1,0.94,0.9402,0.9217,2.55,3.11,0.9254,0.9038,0.9038,0.9254,0.95,0.69,2.44
boltz1,msa,7A8X,boltz1_msa,input_model_2,0.94,0.9397,0.9217,2.59,3.16,0.9247,0.9107,0.9107,0.9253,0.93,0.66,2.35
boltz1,msa,7A8X,boltz1_msa,input_model_0,0.94,0.9395,0.9214,2.59,3.15,0.9247,0.9061,0.9061,0.925,0.93,0.67,2.43
boltz1,msa,7A8X,boltz1_msa,input_model_3,0.94,0.9389,0.9196,2.58,3.16,0.9231,0.9048,0.9048,0.9235,0.95,0.69,2.62
boltz1,msa,7A8X,boltz1_msa,input_model_4,0.94,0.9384,0.9195,2.63,3.22,0.9228,0.9093,0.9093,0.9233,0.99,0.67,2.19
boltz1,msa,7A8X,boltz1_msa,input_model_4,0.94,0.9375,0.9191,2.69,3.29,0.9214,0.9082,0.9082,0.9228,0.98,0.67,2.43
boltz1,msa,7A8X,boltz1_msa,input_model_3,0.94,0.9379,0.9184,2.62,3.2,0.921,0.9069,0.9069,0.9223,0.97,0.68,2.61
boltz1,msa,7A8X,boltz1_msa,input_model_3,0.94,0.9372,0.9178,2.66,3.25,0.9202,0.9028,0.9028,0.9217,0.93,0.65,2.52
boltz1,msa,7A8X,boltz1_msa,input_model_2,0.94,0.9368,0.917,2.68,3.26,0.9197,0.9055,0.9055,0.921,0.92,0.67,2.63
boltz1,msa,7A8X,boltz1_msa,input_model_4,0.94,0.9346,0.9138,2.62,3.22,0.9169,0.9028,0.9028,0.918,0.98,0.7,2.54
boltz2,no_msa,7A8X,boltz2,input_model_2,0.81,0.5325,0.2101,14.45,20.78,0.0,0.0,0.0,0.2746,1.17,0.95,28.66
boltz2,no_msa,7A8X,boltz2,input_model_0,0.87,0.555,0.1982,13.51,19.6,0.0,0.0,0.0,0.2696,1.36,8.69,35.88
boltz2,no_msa,7A8X,boltz2,input_model_0,0.87,0.5504,0.1921,13.76,19.68,0.0,0.0,0.0,0.2638,1.31,0.74,34.82
boltz2,no_msa,7A8X,boltz2,input_model_3,0.79,0.5267,0.1938,14.59,20.95,0.0,0.0,0.0,0.2604,1.18,0.93,27.88
boltz2,no_msa,7A8X,boltz2,input_model_0,0.89,0.5451,0.1807,13.83,20.41,0.0,0.0,0.0,0.2536,1.36,9.1,33.62
boltz2,no_msa,7A8X,boltz2,input_model_1,0.83,0.5417,0.177,14.09,20.39,0.0,0.0,0.0,0.2499,1.39,1.14,33.61
boltz2,no_msa,7A8X,boltz2,input_model_0,0.87,0.5382,0.17,14.36,20.43,0.0,0.0,0.0,0.2436,1.32,0.92,34.63
boltz2,no_msa,7A8X,boltz2,input_model_2,0.81,0.5342,0.1596,14.3,20.71,0.0,0.0,0.0,0.2345,1.38,0.76,34.53
boltz2,no_msa,7A8X,boltz2,input_model_1,0.84,0.5273,0.1519,14.62,20.78,0.0,0.0,0.0,0.227,1.36,0.97,34.51
boltz2,no_msa,7A8X,boltz2,input_model_0,0.86,0.5275,0.148,14.59,20.9,0.0,0.0,0.0,0.2239,1.34,0.62,34.5
boltz2,no_msa,7A8X,boltz2,input_model_1,0.84,0.527,0.1461,14.72,21.08,0.0,0.0,0.0,0.2223,1.21,0.6,34.66
boltz2,no_msa,7A8X,boltz2,input_model_1,0.86,0.5259,0.1455,14.36,21.25,0.0,0.0,0.0,0.2216,1.31,9.13,33.01
boltz2,no_msa,7A8X,boltz2,input_model_4,0.78,0.5202,0.1441,14.57,21.06,0.0,0.0,0.0,0.2193,1.33,8.35,37.09
boltz2,no_msa,7A8X,boltz2,input_model_1,0.85,0.5233,0.1417,14.93,21.19,0.0,0.0,0.0,0.218,1.36,0.99,34.07
boltz2,no_msa,7A8X,boltz2,input_model_3,0.82,0.5227,0.141,14.73,21.11,0.0,0.0,0.0,0.2173,1.32,0.77,34.85
boltz2,no_msa,7A8X,boltz2,input_model_3,0.8,0.5232,0.1369,14.95,21.51,0.0,0.0,0.0,0.2142,1.3,9.58,35.57
boltz2,no_msa,7A8X,boltz2,input_model_2,0.83,0.5208,0.1364,14.86,21.25,0.0,0.0,0.0,0.2133,1.37,0.94,34.37
boltz2,no_msa,7A8X,boltz2,input_model_3,0.78,0.5095,0.1338,15.36,22.11,0.0,0.0,0.0,0.2089,1.34,1.08,27.87
boltz2,no_msa,7A8X,boltz2,input_model_4,0.79,0.507,0.1315,15.52,22.38,0.0,0.0,0.0,0.2066,1.25,0.89,28.28
boltz2,no_msa,7A8X,boltz2,input_model_2,0.81,0.5061,0.1292,15.45,22.25,0.0,0.0,0.0,0.2046,1.08,0.75,27.4
boltz2,no_msa,7A8X,boltz2,input_model_2,0.81,0.5066,0.1268,15.36,22.27,0.0,0.0,0.0,0.2028,1.21,0.73,26.47
boltz2,no_msa,7A8X,boltz2,input_model_4,0.78,0.509,0.121,15.32,22.36,0.0,0.0,0.0,0.1986,1.23,1.57,28.09
boltz2,no_msa,7A8X,boltz2,input_model_3,0.8,0.5038,0.1189,15.56,22.57,0.0,0.0,0.0,0.1959,1.2,0.77,26.79
boltz2,no_msa,7A8X,boltz2,input_model_4,0.78,0.5064,0.1098,15.5,22.55,0.0,0.0,0.0,0.1891,1.26,2.09,32.56
boltz2,no_msa,7A8X,boltz2,input_model_4,0.77,0.5016,0.095,15.18,23.13,0.0,0.0,0.0,0.1763,1.33,1.78,32.64
boltz2,msa,7A8X,boltz2_msa,input_model_0,0.95,0.9244,0.8652,2.73,3.91,0.692,0.768,0.692,0.877,1.21,0.6,28.39
boltz2,msa,7A8X,boltz2_msa,input_model_0,0.95,0.9236,0.8641,2.78,3.95,0.696,0.7686,0.696,0.876,1.21,0.61,28.41
boltz2,msa,7A8X,boltz2_msa,input_model_0,0.95,0.9213,0.8586,2.83,4.1,0.6626,0.7465,0.6626,0.8711,1.21,0.62,28.44
boltz2,msa,7A8X,boltz2_msa,input_model_1,0.95,0.9084,0.8343,3.2,4.7,0.5862,0.6861,0.5862,0.8491,1.26,0.61,28.34
boltz2,msa,7A8X,boltz2_msa,input_model_1,0.95,0.9065,0.8323,3.25,4.7,0.5937,0.6941,0.5937,0.8471,1.21,0.59,28.32
boltz2,msa,7A8X,boltz2_msa,input_model_0,0.96,0.9065,0.8323,3.22,4.82,0.5767,0.6659,0.5767,0.8471,1.16,0.45,1.2
boltz2,msa,7A8X,boltz2_msa,input_model_1,0.95,0.9064,0.8288,3.22,4.79,0.5626,0.6717,0.5626,0.8443,1.25,0.62,28.44
boltz2,msa,7A8X,boltz2_msa,input_model_0,0.95,0.9049,0.8271,3.29,4.84,0.5553,0.6705,0.5553,0.8427,1.21,0.61,28.26
boltz2,msa,7A8X,boltz2_msa,input_model_3,0.94,0.9048,0.8269,3.24,4.74,0.5891,0.6748,0.5891,0.8425,1.18,0.63,28.28
boltz2,msa,7A8X,boltz2_msa,input_model_1,0.95,0.905,0.8264,3.26,4.84,0.5661,0.6626,0.5661,0.8421,1.16,0.59,28.38
boltz2,msa,7A8X,boltz2_msa,input_model_2,0.95,0.9039,0.8253,3.24,4.76,0.5763,0.6686,0.5763,0.841,1.24,0.61,28.25
boltz2,msa,7A8X,boltz2_msa,input_model_1,0.95,0.9012,0.8198,3.36,4.96,0.5601,0.6558,0.5601,0.8361,1.04,0.69,28.08
boltz2,msa,7A8X,boltz2_msa,input_model_2,0.94,0.9007,0.8174,3.3,4.95,0.5508,0.6416,0.5508,0.8341,1.21,0.62,28.23
boltz2,msa,7A8X,boltz2_msa,input_model_3,0.95,0.8941,0.8058,3.55,5.29,0.503,0.6227,0.503,0.8235,1.11,0.66,27.81
boltz2,msa,7A8X,boltz2_msa,input_model_2,0.96,0.8935,0.8046,3.55,5.42,0.4895,0.6041,0.4895,0.8224,1.16,0.44,0.99
boltz2,msa,7A8X,boltz2_msa,input_model_4,0.95,0.8916,0.8029,3.6,5.33,0.5175,0.6191,0.5175,0.8206,1.22,0.62,28.26
boltz2,msa,7A8X,boltz2_msa,input_model_2,0.95,0.8916,0.8011,3.6,5.39,0.4946,0.6117,0.4946,0.8192,1.26,0.63,28.28
boltz2,msa,7A8X,boltz2_msa,input_model_2,0.95,0.8914,0.7992,3.62,5.49,0.4797,0.6008,0.4797,0.8176,1.1,0.62,28.23
boltz2,msa,7A8X,boltz2_msa,input_model_4,0.95,0.8894,0.7954,3.61,5.47,0.4888,0.5918,0.4888,0.8142,1.05,0.6,28.14
boltz2,msa,7A8X,boltz2_msa,input_model_3,0.94,0.8834,0.7843,3.77,5.76,0.4486,0.5697,0.4486,0.8041,1.27,0.63,28.37
boltz2,msa,7A8X,boltz2_msa,input_model_3,0.94,0.8821,0.7836,3.8,5.67,0.4854,0.5805,0.4854,0.8033,1.08,0.61,28.2
boltz2,msa,7A8X,boltz2_msa,input_model_4,0.94,0.8794,0.7772,3.92,5.92,0.4461,0.5586,0.4461,0.7976,1.09,0.62,27.99
boltz2,msa,7A8X,boltz2_msa,input_model_3,0.95,0.8789,0.7772,3.9,5.88,0.4442,0.5596,0.4442,0.7975,1.1,0.67,27.76
boltz2,msa,7A8X,boltz2_msa,input_model_4,0.91,0.6716,0.353,8.98,16.01,0.0,0.0558,0.0,0.4167,1.37,0.84,27.1
boltz2,msa,7A8X,boltz2_msa,input_model_4,0.87,0.6552,0.337,9.46,16.24,0.0,0.042,0.0,0.4006,1.97,0.59,26.55
chai1,no_msa,7A8X,chai1,pred.model_idx_3,78.28,0.6151,0.2761,0.0,0.0,0.0,0.0,0.0,0.3439,1.34,12.52,44.98
chai1,no_msa,7A8X,chai1,pred.model_idx_0,78.41,0.6157,0.2736,0.0,0.0,0.0,0.0,0.0,0.342,1.32,13.43,45.31
chai1,no_msa,7A8X,chai1,pred.model_idx_0,78.07,0.6112,0.2726,0.0,0.0,0.0,0.0,0.0,0.3403,1.31,12.45,46.11
chai1,no_msa,7A8X,chai1,pred.model_idx_1,78.47,0.6146,0.2717,0.0,0.0,0.0,0.0,0.0,0.3403,1.3,12.63,45.96
chai1,no_msa,7A8X,chai1,pred.model_idx_4,78.27,0.6151,0.2704,0.0,0.0,0.0,0.0,0.0,0.3393,1.28,12.71,44.99
chai1,no_msa,7A8X,chai1,pred.model_idx_2,78.37,0.6139,0.2649,0.0,0.0,0.0,0.0,0.0,0.3347,1.25,12.27,45.25
chai1,no_msa,7A8X,chai1,pred.model_idx_2,78.21,0.6136,0.262,0.0,0.0,0.0,0.0,0.0,0.3323,1.33,11.99,44.77
chai1,no_msa,7A8X,chai1,pred.model_idx_4,78.38,0.6139,0.2601,0.0,0.0,0.0,0.0,0.0,0.3309,1.29,12.44,44.87
chai1,no_msa,7A8X,chai1,pred.model_idx_1,78.45,0.6142,0.2593,0.0,0.0,0.0,0.0,0.0,0.3303,1.37,12.56,45.36
chai1,no_msa,7A8X,chai1,pred.model_idx_0,77.97,0.6112,0.2584,0.0,0.0,0.0,0.0,0.0,0.329,1.37,12.41,46.77
chai1,no_msa,7A8X,chai1,pred.model_idx_3,78.12,0.6129,0.2575,0.0,0.0,0.0,0.0,0.0,0.3286,1.26,12.24,46.32
chai1,no_msa,7A8X,chai1,pred.model_idx_3,78.16,0.6141,0.2568,0.0,0.0,0.0,0.0,0.0,0.3283,1.37,12.78,45.73
chai1,no_msa,7A8X,chai1,pred.model_idx_2,78.13,0.6147,0.2539,0.0,0.0,0.0,0.0,0.0,0.3261,1.39,12.61,45.51
chai1,no_msa,7A8X,chai1,pred.model_idx_0,77.98,0.6127,0.2534,0.0,0.0,0.0,0.0,0.0,0.3253,1.32,12.85,45.81
chai1,no_msa,7A8X,chai1,pred.model_idx_1,78.07,0.6119,0.2536,0.0,0.0,0.0,0.0,0.0,0.3253,1.38,12.66,45.82
chai1,no_msa,7A8X,chai1,pred.model_idx_4,77.74,0.6113,0.2537,0.0,0.0,0.0,0.0,0.0,0.3252,1.41,12.27,45.44
chai1,no_msa,7A8X,chai1,pred.model_idx_3,77.92,0.6133,0.2529,0.0,0.0,0.0,0.0,0.0,0.325,1.28,11.98,45.67
chai1,no_msa,7A8X,chai1,pred.model_idx_4,77.94,0.6134,0.2526,0.0,0.0,0.0,0.0,0.0,0.3248,1.3,12.69,45.52
chai1,no_msa,7A8X,chai1,pred.model_idx_2,78.12,0.6117,0.253,0.0,0.0,0.0,0.0,0.0,0.3247,1.33,12.92,46.0
chai1,no_msa,7A8X,chai1,pred.model_idx_0,77.72,0.6111,0.2523,0.0,0.0,0.0,0.0,0.0,0.3241,1.34,13.0,45.24
chai1,no_msa,7A8X,chai1,pred.model_idx_3,76.85,0.5965,0.254,0.0,0.0,0.0,0.0,0.0,0.3225,1.31,12.88,41.72
chai1,no_msa,7A8X,chai1,pred.model_idx_2,77.9,0.6109,0.2473,0.0,0.0,0.0,0.0,0.0,0.32,1.33,12.71,45.43
chai1,no_msa,7A8X,chai1,pred.model_idx_4,76.28,0.5905,0.2316,0.0,0.0,0.0,0.0,0.0,0.3034,1.33,12.08,38.71
chai1,no_msa,7A8X,chai1,pred.model_idx_1,76.61,0.5777,0.2039,0.0,0.0,0.0,0.0,0.0,0.2787,1.26,12.36,36.83
chai1,no_msa,7A8X,chai1,pred.model_idx_1,76.57,0.5811,0.1762,0.0,0.0,0.0,0.0,0.0,0.2572,1.33,12.64,38.83
colabfold,msa,7A8X,colabfold,complex_unrelaxed_rank_001_alphafold2_multimer_v3_model_3_seed_003,89.68,0.83,0.82,5.2,6.06,0.7365,0.7854,0.7365,0.822,0.99,3.93,40.42
colabfold,msa,7A8X,colabfold,complex_unrelaxed_rank_002_alphafold2_multimer_v3_model_4_seed_000,90.2,0.8,0.72,4.41,5.89,0.5734,0.6005,0.5734,0.736,0.97,0.82,1.76
colabfold,msa,7A8X,colabfold,complex_unrelaxed_rank_003_alphafold2_multimer_v3_model_4_seed_003,90.22,0.8,0.72,4.45,5.88,0.6012,0.5955,0.5955,0.736,0.91,0.64,1.05
colabfold,msa,7A8X,colabfold,complex_unrelaxed_rank_004_alphafold2_multimer_v3_model_4_seed_001,87.6,0.76,0.61,5.56,7.98,0.3256,0.4297,0.3256,0.64,1.04,0.81,2.33
colabfold,msa,7A8X,colabfold,complex_unrelaxed_rank_005_alphafold2_multimer_v3_model_3_seed_000,87.84,0.76,0.61,5.66,8.16,0.3487,0.4049,0.3487,0.64,1.06,0.83,2.33
colabfold,msa,7A8X,colabfold,complex_unrelaxed_rank_006_alphafold2_multimer_v3_model_1_seed_003,79.95,0.57,0.22,10.21,17.39,0.0,0.0234,0.0,0.29,0.99,0.84,28.58
colabfold,msa,7A8X,colabfold,complex_unrelaxed_rank_007_alphafold2_multimer_v3_model_4_seed_002,79.62,0.57,0.21,10.33,17.57,0.0,0.0336,0.0,0.282,1.12,0.78,19.7
colabfold,msa,7A8X,colabfold,complex_unrelaxed_rank_008_alphafold2_multimer_v3_model_3_seed_004,79.11,0.57,0.21,10.46,17.71,0.0,0.0339,0.0,0.282,1.04,0.84,24.36
colabfold,msa,7A8X,colabfold,complex_unrelaxed_rank_009_alphafold2_multimer_v3_model_4_seed_004,79.87,0.57,0.21,10.4,17.76,0.0,0.033,0.0,0.282,1.12,0.78,19.45
colabfold,msa,7A8X,colabfold,complex_unrelaxed_rank_010_alphafold2_multimer_v3_model_3_seed_002,77.97,0.57,0.2,10.67,18.22,0.0,0.0339,0.0,0.274,1.05,0.9,29.88
colabfold,msa,7A8X,colabfold,complex_unrelaxed_rank_011_alphafold2_multimer_v3_model_3_seed_001,79.37,0.57,0.19,10.71,18.31,0.0,0.0308,0.0,0.266,1.05,0.85,23.64
colabfold,msa,7A8X,colabfold,complex_unrelaxed_rank_012_alphafold2_multimer_v3_model_1_seed_000,79.1,0.55,0.18,10.89,18.81,0.0,0.0166,0.0,0.254,1.12,0.84,19.25
colabfold,msa,7A8X,colabfold,complex_unrelaxed_rank_013_alphafold2_multimer_v3_model_1_seed_004,78.72,0.55,0.17,11.0,19.06,0.0,0.016,0.0,0.246,1.14,0.83,19.13
colabfold,msa,7A8X,colabfold,complex_unrelaxed_rank_014_alphafold2_multimer_v3_model_2_seed_002,80.48,0.55,0.17,11.17,19.29,0.0,0.0167,0.0,0.246,1.07,0.78,19.57
colabfold,msa,7A8X,colabfold,complex_unrelaxed_rank_015_alphafold2_multimer_v3_model_2_seed_003,80.46,0.55,0.17,11.03,19.02,0.0,0.02,0.0,0.246,1.11,0.79,20.93
colabfold,msa,7A8X,colabfold,complex_unrelaxed_rank_016_alphafold2_multimer_v3_model_2_seed_000,80.31,0.55,0.17,11.11,19.16,0.0,0.0168,0.0,0.246,1.08,0.81,20.89
colabfold,msa,7A8X,colabfold,complex_unrelaxed_rank_018_alphafold2_multimer_v3_model_1_seed_002,77.32,0.55,0.16,11.33,19.58,0.0,0.0145,0.0,0.238,1.13,0.9,19.4
colabfold,msa,7A8X,colabfold,complex_unrelaxed_rank_019_alphafold2_multimer_v3_model_2_seed_004,79.84,0.55,0.16,11.27,19.43,0.0,0.0154,0.0,0.238,1.11,0.81,21.31
colabfold,msa,7A8X,colabfold,complex_unrelaxed_rank_017_alphafold2_multimer_v3_model_5_seed_003,77.63,0.54,0.16,11.4,19.74,0.0,0.0132,0.0,0.236,1.1,0.88,33.82
colabfold,msa,7A8X,colabfold,complex_unrelaxed_rank_020_alphafold2_multimer_v3_model_5_seed_001,77.1,0.54,0.16,11.44,19.77,0.0,0.0133,0.0,0.236,1.1,0.89,33.85
colabfold,msa,7A8X,colabfold,complex_unrelaxed_rank_021_alphafold2_multimer_v3_model_2_seed_001,80.35,0.54,0.16,11.3,19.62,0.0,0.0151,0.0,0.236,1.1,0.82,20.05
colabfold,msa,7A8X,colabfold,complex_unrelaxed_rank_022_alphafold2_multimer_v3_model_5_seed_004,77.79,0.54,0.15,11.55,20.0,0.0,0.0106,0.0,0.228,1.08,0.86,33.24
colabfold,msa,7A8X,colabfold,complex_unrelaxed_rank_023_alphafold2_multimer_v3_model_5_seed_002,78.0,0.54,0.15,11.73,20.36,0.0,0.0053,0.0,0.228,1.08,0.87,34.12
colabfold,msa,7A8X,colabfold,complex_unrelaxed_rank_024_alphafold2_multimer_v3_model_5_seed_000,77.08,0.54,0.14,11.84,20.56,0.0,0.0052,0.0,0.22,1.12,0.9,30.75
colabfold,msa,7A8X,colabfold,complex_unrelaxed_rank_025_alphafold2_multimer_v3_model_1_seed_001,60.89,0.46,0.09,14.91,23.15,0.0,0.0,0.0,0.164,1.09,4.37,24.73
colabfold,no_msa,7A8X,colabfold_nomsa,complex_unrelaxed_rank_001_alphafold2_multimer_v3_model_5_seed_004,39.06,0.3,0.19,18.61,22.13,0.0152,0.0236,0.0152,0.212,9.75,15.97,25.5
colabfold,no_msa,7A8X,colabfold_nomsa,complex_unrelaxed_rank_002_alphafold2_multimer_v3_model_5_seed_001,45.34,0.35,0.17,16.41,19.83,0.0054,0.0085,0.0054,0.206,4.2,14.61,35.62
colabfold,no_msa,7A8X,colabfold_nomsa,complex_unrelaxed_rank_003_alphafold2_multimer_v3_model_3_seed_000,40.24,0.32,0.17,17.77,21.16,0.0,0.0111,0.0,0.2,5.14,15.35,37.04
colabfold,no_msa,7A8X,colabfold_nomsa,complex_unrelaxed_rank_004_alphafold2_multimer_v3_model_5_seed_003,41.3,0.32,0.16,17.6,20.98,0.0027,0.0081,0.0027,0.192,4.88,14.13,36.78
colabfold,no_msa,7A8X,colabfold_nomsa,complex_unrelaxed_rank_005_alphafold2_multimer_v3_model_3_seed_004,41.44,0.29,0.15,17.45,20.86,0.0,0.0,0.0,0.178,4.17,14.19,35.81
colabfold,no_msa,7A8X,colabfold_nomsa,complex_unrelaxed_rank_006_alphafold2_multimer_v3_model_2_seed_002,38.25,0.27,0.15,18.42,21.58,0.0,0.0,0.0,0.174,8.71,16.53,23.51
colabfold,no_msa,7A8X,colabfold_nomsa,complex_unrelaxed_rank_009_alphafold2_multimer_v3_model_4_seed_004,39.74,0.3,0.14,18.22,21.7,0.0,0.0,0.0,0.172,5.06,14.85,36.64
colabfold,no_msa,7A8X,colabfold_nomsa,complex_unrelaxed_rank_010_alphafold2_multimer_v3_model_3_seed_003,39.25,0.29,0.14,18.09,21.63,0.0,0.0025,0.0,0.17,4.61,14.41,36.3
colabfold,no_msa,7A8X,colabfold_nomsa,complex_unrelaxed_rank_008_alphafold2_multimer_v3_model_2_seed_003,39.23,0.27,0.14,18.29,21.65,0.0,0.0,0.0,0.166,8.58,16.14,22.97
colabfold,no_msa,7A8X,colabfold_nomsa,complex_unrelaxed_rank_007_alphafold2_multimer_v3_model_2_seed_000,37.84,0.26,0.14,18.45,21.59,0.0,0.0,0.0,0.164,9.35,16.62,24.06
colabfold,no_msa,7A8X,colabfold_nomsa,complex_unrelaxed_rank_012_alphafold2_multimer_v3_model_4_seed_002,39.12,0.3,0.13,18.84,22.84,0.0,0.0,0.0,0.164,5.58,15.32,35.53
colabfold,no_msa,7A8X,colabfold_nomsa,complex_unrelaxed_rank_011_alphafold2_multimer_v3_model_4_seed_001,38.23,0.29,0.13,18.97,22.61,0.0,0.0,0.0,0.162,11.37,15.99,36.98
colabfold,no_msa,7A8X,colabfold_nomsa,complex_unrelaxed_rank_013_alphafold2_multimer_v3_model_1_seed_001,36.32,0.3,0.12,19.17,22.82,0.0,0.0054,0.0,0.156,10.78,15.35,27.82
colabfold,no_msa,7A8X,colabfold_nomsa,complex_unrelaxed_rank_014_alphafold2_multimer_v3_model_2_seed_001,36.48,0.26,0.12,19.49,23.1,0.0,0.0,0.0,0.148,13.3,15.51,36.72
colabfold,no_msa,7A8X,colabfold_nomsa,complex_unrelaxed_rank_015_alphafold2_multimer_v3_model_1_seed_002,36.49,0.27,0.11,19.24,23.16,0.0,0.0,0.0,0.142,7.79,16.49,38.9
colabfold,no_msa,7A8X,colabfold_nomsa,complex_unrelaxed_rank_024_alphafold2_multimer_v3_model_2_seed_004,52.04,0.42,0.07,18.06,25.15,0.0,0.0,0.0,0.14,1.18,14.99,31.13
colabfold,no_msa,7A8X,colabfold_nomsa,complex_unrelaxed_rank_016_alphafold2_multimer_v3_model_1_seed_003,37.12,0.25,0.11,19.12,23.12,0.0,0.0,0.0,0.138,10.56,16.46,29.33
colabfold,no_msa,7A8X,colabfold_nomsa,complex_unrelaxed_rank_019_alphafold2_multimer_v3_model_4_seed_003,37.56,0.28,0.1,19.4,23.38,0.0,0.0,0.0,0.136,5.23,14.47,35.0
colabfold,no_msa,7A8X,colabfold_nomsa,complex_unrelaxed_rank_017_alphafold2_multimer_v3_model_3_seed_002,35.06,0.23,0.11,19.53,23.1,0.0,0.0,0.0,0.134,5.19,15.51,36.8
colabfold,no_msa,7A8X,colabfold_nomsa,complex_unrelaxed_rank_018_alphafold2_multimer_v3_model_1_seed_004,36.28,0.23,0.1,19.35,23.11,0.0,0.0,0.0,0.126,11.82,16.78,37.32
colabfold,no_msa,7A8X,colabfold_nomsa,complex_unrelaxed_rank_020_alphafold2_multimer_v3_model_3_seed_001,34.17,0.22,0.1,19.64,23.23,0.0,0.0,0.0,0.124,4.93,15.59,35.55
colabfold,no_msa,7A8X,colabfold_nomsa,complex_unrelaxed_rank_021_alphafold2_multimer_v3_model_1_seed_000,34.48,0.22,0.09,19.83,23.77,0.0,0.0,0.0,0.116,12.48,14.61,22.43
colabfold,no_msa,7A8X,colabfold_nomsa,complex_unrelaxed_rank_022_alphafold2_multimer_v3_model_5_seed_002,35.15,0.22,0.09,19.93,24.1,0.0,0.0,0.0,0.116,4.77,14.1,36.16
colabfold,no_msa,7A8X,colabfold_nomsa,complex_unrelaxed_rank_023_alphafold2_multimer_v3_model_5_seed_000,31.35,0.18,0.08,21.25,24.86,0.0,0.0,0.0,0.1,9.23,14.66,41.11
colabfold,no_msa,7A8X,colabfold_nomsa,complex_unrelaxed_rank_025_alphafold2_multimer_v3_model_4_seed_000,23.68,0.1,0.04,26.0,29.78,0.0,0.0,0.0,0.052,24.31,22.31,42.94
esmfold2,no_msa,7A8X,esmfold2,output_seed789_esmfold2_pred,76.21,0.639,0.5018,10.05,13.72,0.0559,0.1531,0.0559,0.5292,1.02,8.68,9.92
esmfold2,no_msa,7A8X,esmfold2,output_seed1024_esmfold2_pred,74.07,0.5757,0.3805,11.67,16.48,0.0,0.0565,0.0,0.4195,1.5,12.51,16.1
esmfold2,no_msa,7A8X,esmfold2,output_seed456_esmfold2_pred,73.6,0.5666,0.3513,11.32,16.43,0.0025,0.0163,0.0025,0.3944,1.28,1.56,2.5
esmfold2,no_msa,7A8X,esmfold2,output_seed123_esmfold2_pred,72.45,0.5418,0.2934,12.45,18.19,0.0,0.0,0.0,0.3431,0.97,7.99,9.86
esmfold2,no_msa,7A8X,esmfold2,output_esmfold2_pred,51.71,0.4641,0.0962,17.48,23.67,0.0,0.0,0.0,0.1698,1.47,9.76,33.21
af2m,msa,7BNT,af2m,ranked_0,92.17,0.8397,0.7751,4.35,5.79,0.653,0.6604,0.653,0.788,1.98,1.02,2.09
af2m,msa,7BNT,af2m,ranked_1,88.7,0.7472,0.6129,5.74,8.34,0.3554,0.4034,0.3554,0.6398,2.32,1.07,28.79
af2m,msa,7BNT,af2m,ranked_2,84.39,0.6601,0.4131,7.67,12.22,0.1029,0.1739,0.1029,0.4625,2.26,1.12,28.64
af2m,msa,7BNT,af2m,ranked_3,83.46,0.6392,0.3301,8.1,13.28,0.0696,0.125,0.0696,0.3919,2.31,0.93,36.45
af2m,msa,7BNT,af2m,ranked_4,82.74,0.6099,0.2692,8.78,14.65,0.0346,0.0678,0.0346,0.3373,2.3,0.92,35.02
af2m,msa,7BNT,af2m,ranked_5,83.06,0.596,0.2616,9.67,16.24,0.0026,0.0446,0.0026,0.3285,2.32,1.06,27.93
af2m,msa,7BNT,af2m,ranked_6,83.03,0.5982,0.2576,9.53,15.97,0.0028,0.0459,0.0028,0.3257,2.35,1.06,27.63
af2m,msa,7BNT,af2m,ranked_7,83.02,0.5927,0.2578,9.65,16.18,0.0028,0.046,0.0028,0.3248,2.32,1.06,28.08
af2m,msa,7BNT,af2m,ranked_8,80.9,0.5849,0.2191,9.54,16.11,0.018,0.0403,0.018,0.2923,2.29,0.9,36.26
af2m,msa,7BNT,af2m,ranked_9,82.36,0.5789,0.2161,10.4,17.71,0.0,0.0162,0.0,0.2887,2.35,1.06,28.09
af2m,msa,7BNT,af2m,ranked_10,80.66,0.563,0.17,10.88,18.75,0.0,0.0084,0.0,0.2486,2.24,1.04,18.65
af2m,msa,7BNT,af2m,ranked_11,82.25,0.5427,0.1661,11.66,19.85,0.0,0.0026,0.0,0.2414,2.11,1.26,44.04
af2m,msa,7BNT,af2m,ranked_12,81.24,0.5562,0.1597,11.12,19.21,0.0,0.0051,0.0,0.239,2.14,1.05,29.87
af2m,msa,7BNT,af2m,ranked_13,81.07,0.5558,0.1582,11.12,19.22,0.0,0.0078,0.0,0.2377,2.19,1.06,29.37
af2m,msa,7BNT,af2m,ranked_14,80.76,0.5562,0.156,11.18,19.34,0.0,0.0052,0.0,0.236,2.17,1.06,29.19
af2m,msa,7BNT,af2m,ranked_15,81.76,0.538,0.1601,11.83,20.13,0.0,0.0,0.0,0.2357,2.13,1.32,44.08
af2m,msa,7BNT,af2m,ranked_16,81.42,0.5357,0.152,12.0,20.45,0.0,0.0,0.0,0.2287,2.12,1.32,43.74
af2m,msa,7BNT,af2m,ranked_17,81.4,0.5344,0.1469,12.04,20.58,0.0,0.0,0.0,0.2244,2.12,1.31,43.08
af2m,msa,7BNT,af2m,ranked_18,79.3,0.544,0.1365,12.18,21.26,0.0,0.0,0.0,0.218,2.24,1.16,36.36
af2m,msa,7BNT,af2m,ranked_19,81.44,0.5289,0.1396,12.22,20.95,0.0,0.0,0.0,0.2175,2.13,1.28,43.01
af2m,msa,7BNT,af2m,ranked_20,75.78,0.5027,0.11,12.91,22.05,0.0,0.0,0.0,0.1885,2.24,1.03,30.74
af2m,msa,7BNT,af2m,ranked_21,76.59,0.5005,0.1067,13.14,22.48,0.0,0.0,0.0,0.1855,2.25,1.02,31.86
af2m,msa,7BNT,af2m,ranked_22,75.59,0.4968,0.1036,12.88,22.05,0.0,0.0,0.0,0.1822,2.29,1.28,31.29
af2m,msa,7BNT,af2m,ranked_23,77.18,0.5106,0.0883,13.35,23.2,0.0,0.0,0.0,0.1728,2.3,1.34,32.27
af2m,msa,7BNT,af2m,ranked_24,76.17,0.4946,0.088,13.57,23.41,0.0,0.0,0.0,0.1693,2.28,1.32,31.22
af3,msa,7BNT,af3,seed-1024_sample-1,93.66,0.91,0.89,3.01,3.56,0.891,0.8582,0.8582,0.894,1.32,1.17,1.49
af3,msa,7BNT,af3,seed-1024_sample-4,93.63,0.91,0.89,3.02,3.58,0.8884,0.8559,0.8559,0.894,1.2,0.98,1.1
af3,msa,7BNT,af3,seed-42_sample-2,93.63,0.91,0.89,3.03,3.59,0.8859,0.8563,0.8563,0.894,1.03,1.02,1.25
af3,msa,7BNT,af3,seed-456_sample-1,93.4,0.91,0.89,3.16,3.74,0.8846,0.8518,0.8518,0.894,1.14,1.3,1.58
af3,msa,7BNT,af3,seed-789_sample-4,93.56,0.91,0.89,3.08,3.66,0.8851,0.8525,0.8525,0.894,1.19,0.93,1.15
af3,msa,7BNT,af3,seed-456_sample-2,93.42,0.91,0.88,3.21,3.8,0.8817,0.8493,0.8493,0.886,1.06,1.15,1.48
af3,msa,7BNT,af3,seed-456_sample-4,93.31,0.91,0.88,3.23,3.84,0.8798,0.8474,0.8474,0.886,0.95,0.53,1.0
af3,msa,7BNT,af3,seed-1024_sample-0,93.36,0.9,0.88,3.24,3.88,0.8821,0.8421,0.8421,0.884,1.31,1.09,1.41
af3,msa,7BNT,af3,seed-1024_sample-2,93.4,0.9,0.88,3.25,3.85,0.8812,0.8437,0.8437,0.884,1.09,0.88,1.15
af3,msa,7BNT,af3,seed-1024_sample-3,93.28,0.9,0.88,3.29,3.91,0.8763,0.839,0.839,0.884,1.13,1.29,1.53
af3,msa,7BNT,af3,seed-123_sample-0,92.94,0.9,0.88,3.44,4.09,0.8728,0.8371,0.8371,0.884,1.16,1.57,1.95
af3,msa,7BNT,af3,seed-123_sample-2,93.3,0.9,0.88,3.33,3.98,0.873,0.8371,0.8371,0.884,1.25,1.21,1.46
af3,msa,7BNT,af3,seed-123_sample-3,93.09,0.9,0.88,3.31,3.95,0.8786,0.8375,0.8375,0.884,1.21,1.02,1.1
af3,msa,7BNT,af3,seed-42_sample-1,93.35,0.9,0.88,3.23,3.85,0.8768,0.8386,0.8386,0.884,2.09,1.17,2.11
af3,msa,7BNT,af3,seed-42_sample-3,93.23,0.9,0.88,3.22,3.83,0.881,0.8438,0.8438,0.884,1.4,0.92,1.05
af3,msa,7BNT,af3,seed-42_sample-4,93.06,0.9,0.88,3.41,4.06,0.873,0.837,0.837,0.884,1.1,1.22,1.47
af3,msa,7BNT,af3,seed-456_sample-0,93.22,0.9,0.88,3.3,3.91,0.8766,0.8433,0.8433,0.884,1.12,0.65,0.86
af3,msa,7BNT,af3,seed-456_sample-3,93.1,0.9,0.88,3.29,3.89,0.8798,0.8451,0.8451,0.884,1.2,0.8,1.01
af3,msa,7BNT,af3,seed-789_sample-0,93.09,0.9,0.88,3.29,3.93,0.8765,0.8402,0.8402,0.884,0.89,1.14,1.31
af3,msa,7BNT,af3,seed-789_sample-1,92.77,0.9,0.88,3.4,4.04,0.8758,0.8419,0.8419,0.884,1.34,0.89,1.17
af3,msa,7BNT,af3,seed-789_sample-3,93.2,0.9,0.88,3.23,3.84,0.8797,0.8413,0.8413,0.884,1.08,1.03,1.65
af3,msa,7BNT,af3,seed-123_sample-1,92.85,0.9,0.87,3.47,4.11,0.8697,0.8315,0.8315,0.876,1.22,1.27,1.38
af3,msa,7BNT,af3,seed-123_sample-4,93.02,0.9,0.87,3.42,4.07,0.87,0.8337,0.8337,0.876,1.22,1.28,1.63
af3,msa,7BNT,af3,seed-42_sample-0,92.68,0.9,0.87,3.42,4.06,0.871,0.834,0.834,0.876,0.87,1.26,1.3
af3,msa,7BNT,af3,seed-789_sample-2,93.09,0.9,0.87,3.34,3.97,0.8723,0.8367,0.8367,0.876,1.13,1.24,1.32
af3,no_msa,7BNT,af3_nomsa,seed-42_sample-2,94.2,0.92,0.9,2.82,3.33,0.8961,0.8713,0.8713,0.904,1.03,1.14,1.43
af3,no_msa,7BNT,af3_nomsa,seed-42_sample-4,94.12,0.92,0.9,2.87,3.39,0.8975,0.8713,0.8713,0.904,1.03,1.28,1.36
af3,no_msa,7BNT,af3_nomsa,seed-123_sample-3,94.02,0.92,0.89,2.88,3.4,0.8947,0.8686,0.8686,0.896,1.04,1.25,1.4
af3,no_msa,7BNT,af3_nomsa,seed-1024_sample-0,94.22,0.91,0.89,2.91,3.45,0.8886,0.8621,0.8621,0.894,0.74,0.99,1.16
af3,no_msa,7BNT,af3_nomsa,seed-1024_sample-1,93.96,0.91,0.89,2.92,3.46,0.8915,0.8618,0.8618,0.894,1.33,1.18,1.49
af3,no_msa,7BNT,af3_nomsa,seed-1024_sample-2,93.9,0.91,0.89,3.0,3.55,0.8889,0.8604,0.8604,0.894,1.14,0.87,1.05
af3,no_msa,7BNT,af3_nomsa,seed-1024_sample-4,93.97,0.91,0.89,2.95,3.49,0.8917,0.8636,0.8636,0.894,0.98,1.17,1.41
af3,no_msa,7BNT,af3_nomsa,seed-123_sample-1,93.87,0.91,0.89,3.02,3.56,0.89,0.8617,0.8617,0.894,0.94,1.25,1.33
af3,no_msa,7BNT,af3_nomsa,seed-123_sample-2,93.92,0.91,0.89,2.96,3.51,0.8905,0.8632,0.8632,0.894,0.95,1.25,1.33
af3,no_msa,7BNT,af3_nomsa,seed-123_sample-4,94.19,0.91,0.89,2.9,3.42,0.8924,0.8646,0.8646,0.894,1.05,1.15,1.28
af3,no_msa,7BNT,af3_nomsa,seed-42_sample-0,93.42,0.91,0.89,3.17,3.75,0.8839,0.8524,0.8524,0.894,1.0,1.08,1.24
af3,no_msa,7BNT,af3_nomsa,seed-42_sample-1,94.08,0.91,0.89,2.87,3.39,0.8913,0.8639,0.8639,0.894,1.35,1.21,1.5
af3,no_msa,7BNT,af3_nomsa,seed-42_sample-3,93.95,0.91,0.89,2.88,3.42,0.8907,0.8648,0.8648,0.894,1.05,0.97,1.12
af3,no_msa,7BNT,af3_nomsa,seed-456_sample-0,94.1,0.91,0.89,2.85,3.39,0.8911,0.8647,0.8647,0.894,1.12,0.62,0.87
af3,no_msa,7BNT,af3_nomsa,seed-456_sample-1,93.97,0.91,0.89,2.89,3.41,0.8917,0.8672,0.8672,0.894,1.11,1.38,1.57
af3,no_msa,7BNT,af3_nomsa,seed-456_sample-2,93.52,0.91,0.89,3.14,3.71,0.8886,0.855,0.855,0.894,0.89,1.27,1.46
af3,no_msa,7BNT,af3_nomsa,seed-456_sample-3,93.81,0.91,0.89,2.96,3.49,0.8916,0.8631,0.8631,0.894,1.17,0.88,0.97
af3,no_msa,7BNT,af3_nomsa,seed-456_sample-4,93.78,0.91,0.89,3.01,3.57,0.8857,0.8601,0.8601,0.894,1.01,0.53,0.6
af3,no_msa,7BNT,af3_nomsa,seed-789_sample-0,93.82,0.91,0.89,2.93,3.47,0.894,0.863,0.863,0.894,1.09,1.07,1.24
af3,no_msa,7BNT,af3_nomsa,seed-789_sample-1,93.89,0.91,0.89,2.97,3.51,0.8916,0.864,0.864,0.894,0.96,0.85,1.02
af3,no_msa,7BNT,af3_nomsa,seed-789_sample-2,93.77,0.91,0.89,3.04,3.6,0.8883,0.8582,0.8582,0.894,0.94,1.15,1.3
af3,no_msa,7BNT,af3_nomsa,seed-789_sample-3,93.91,0.91,0.89,2.89,3.42,0.8925,0.8657,0.8657,0.894,1.09,1.01,1.39
af3,no_msa,7BNT,af3_nomsa,seed-789_sample-4,93.76,0.91,0.89,2.88,3.42,0.8937,0.8649,0.8649,0.894,1.02,1.13,1.42
af3,no_msa,7BNT,af3_nomsa,seed-1024_sample-3,93.51,0.91,0.88,3.17,3.76,0.8837,0.8509,0.8509,0.886,0.91,1.34,1.54
af3,no_msa,7BNT,af3_nomsa,seed-123_sample-0,93.54,0.91,0.88,3.22,3.8,0.8832,0.8525,0.8525,0.886,1.11,1.61,1.7
boltz1,no_msa,7BNT,boltz1,input_model_0,0.93,0.943,0.9326,2.94,3.58,0.9361,0.9067,0.9067,0.9347,1.23,1.88,3.42
boltz1,no_msa,7BNT,boltz1,input_model_1,0.93,0.9396,0.9328,2.98,3.62,0.9367,0.8959,0.8959,0.9342,1.27,1.51,3.09
boltz1,no_msa,7BNT,boltz1,input_model_0,0.93,0.9405,0.932,3.08,3.73,0.9358,0.8989,0.8989,0.9337,1.3,1.91,3.24
boltz1,no_msa,7BNT,boltz1,input_model_2,0.93,0.9393,0.9323,3.05,3.68,0.936,0.8981,0.8981,0.9337,1.22,2.21,3.6
boltz1,no_msa,7BNT,boltz1,input_model_0,0.93,0.9386,0.9322,3.16,3.82,0.9353,0.8936,0.8936,0.9335,1.23,1.58,3.39
boltz1,no_msa,7BNT,boltz1,input_model_0,0.93,0.9383,0.932,3.18,3.85,0.9355,0.8926,0.8926,0.9333,1.28,1.77,3.45
boltz1,no_msa,7BNT,boltz1,input_model_1,0.93,0.9424,0.9304,2.92,3.52,0.9338,0.9067,0.9067,0.9328,1.23,2.31,3.77
boltz1,no_msa,7BNT,boltz1,input_model_3,0.93,0.9382,0.9307,3.13,3.78,0.934,0.8959,0.8959,0.9322,1.27,2.31,3.85
boltz1,no_msa,7BNT,boltz1,input_model_1,0.93,0.9412,0.9293,3.04,3.66,0.9329,0.9044,0.9044,0.9317,1.36,2.26,3.79
boltz1,no_msa,7BNT,boltz1,input_model_3,0.92,0.9382,0.9301,3.14,3.8,0.9333,0.8965,0.8965,0.9317,1.31,2.32,3.79
boltz1,no_msa,7BNT,boltz1,input_model_4,0.92,0.9377,0.93,3.14,3.79,0.9334,0.8947,0.8947,0.9315,1.34,2.22,3.71
boltz1,no_msa,7BNT,boltz1,input_model_1,0.92,0.9372,0.9292,3.16,3.84,0.9325,0.894,0.894,0.9308,1.4,2.25,3.83
boltz1,no_msa,7BNT,boltz1,input_model_0,0.93,0.9392,0.9287,3.02,3.66,0.9318,0.8993,0.8993,0.9308,1.19,2.41,3.66
boltz1,no_msa,7BNT,boltz1,input_model_3,0.92,0.9375,0.9289,3.13,3.8,0.9318,0.8933,0.8933,0.9306,1.5,2.31,3.71
boltz1,no_msa,7BNT,boltz1,input_model_4,0.92,0.9371,0.9287,3.24,3.9,0.932,0.895,0.895,0.9304,1.49,2.25,3.82
boltz1,no_msa,7BNT,boltz1,input_model_2,0.92,0.9368,0.9284,3.27,3.93,0.9314,0.8949,0.8949,0.9301,1.34,2.19,3.76
boltz1,no_msa,7BNT,boltz1,input_model_4,0.92,0.937,0.9282,3.18,3.85,0.9316,0.8944,0.8944,0.93,1.41,2.04,3.57
boltz1,no_msa,7BNT,boltz1,input_model_2,0.93,0.9365,0.9281,3.3,3.97,0.9313,0.8946,0.8946,0.9298,1.33,2.11,3.67
boltz1,no_msa,7BNT,boltz1,input_model_3,0.92,0.936,0.9282,3.22,3.9,0.9314,0.8926,0.8926,0.9298,1.31,2.26,3.53
boltz1,no_msa,7BNT,boltz1,input_model_1,0.93,0.9367,0.928,3.28,3.95,0.9314,0.8934,0.8934,0.9297,1.36,2.09,3.61
boltz1,no_msa,7BNT,boltz1,input_model_3,0.92,0.9358,0.928,3.31,3.99,0.9313,0.8921,0.8921,0.9296,1.29,2.14,3.71
boltz1,no_msa,7BNT,boltz1,input_model_2,0.92,0.9347,0.9283,3.35,4.03,0.9315,0.8883,0.8883,0.9296,1.36,2.26,3.63
boltz1,no_msa,7BNT,boltz1,input_model_4,0.92,0.9358,0.9272,3.17,3.83,0.9301,0.8937,0.8937,0.9289,1.21,2.1,3.76
boltz1,no_msa,7BNT,boltz1,input_model_2,0.93,0.9345,0.9258,3.24,3.91,0.9285,0.8913,0.8913,0.9275,1.16,2.26,3.73
boltz1,no_msa,7BNT,boltz1,input_model_4,0.92,0.9327,0.9249,3.33,4.01,0.9279,0.8879,0.8879,0.9265,1.17,2.29,3.72
boltz1,msa,7BNT,boltz1_msa,input_model_0,0.94,0.9456,0.9316,2.69,3.26,0.9358,0.9106,0.9106,0.9344,1.24,1.54,3.48
boltz1,msa,7BNT,boltz1_msa,input_model_0,0.94,0.9453,0.9316,2.7,3.27,0.9357,0.9096,0.9096,0.9343,1.27,1.83,3.83
boltz1,msa,7BNT,boltz1_msa,input_model_0,0.94,0.945,0.93,2.69,3.25,0.9337,0.911,0.911,0.933,1.29,2.33,4.16
boltz1,msa,7BNT,boltz1_msa,input_model_3,0.94,0.9441,0.9294,2.73,3.3,0.9334,0.9107,0.9107,0.9323,1.23,2.06,3.89
boltz1,msa,7BNT,boltz1_msa,input_model_1,0.94,0.9435,0.9289,2.76,3.33,0.9326,0.9073,0.9073,0.9318,1.25,2.26,4.04
boltz1,msa,7BNT,boltz1_msa,input_model_2,0.94,0.943,0.9286,2.81,3.38,0.9324,0.9073,0.9073,0.9315,1.23,2.12,3.75
boltz1,msa,7BNT,boltz1_msa,input_model_1,0.94,0.9431,0.9286,2.79,3.37,0.9324,0.908,0.908,0.9315,1.22,2.03,3.77
boltz1,msa,7BNT,boltz1_msa,input_model_2,0.94,0.9432,0.9278,2.78,3.34,0.9316,0.9088,0.9088,0.9309,1.26,2.19,3.81
boltz1,msa,7BNT,boltz1_msa,input_model_4,0.94,0.9402,0.9281,2.9,3.52,0.9319,0.901,0.901,0.9305,1.18,2.21,3.73
boltz1,msa,7BNT,boltz1_msa,input_model_1,0.94,0.9429,0.9272,2.77,3.34,0.9309,0.9094,0.9094,0.9303,1.27,2.34,4.13
boltz1,msa,7BNT,boltz1_msa,input_model_2,0.94,0.9407,0.9276,2.86,3.47,0.9313,0.8991,0.8991,0.9302,1.3,2.28,4.37
boltz1,msa,7BNT,boltz1_msa,input_model_2,0.94,0.9413,0.9273,2.85,3.44,0.931,0.9031,0.9031,0.9301,1.32,2.28,4.0
boltz1,msa,7BNT,boltz1_msa,input_model_0,0.94,0.9417,0.9271,2.83,3.42,0.9308,0.9039,0.9039,0.93,1.3,2.26,4.32
boltz1,msa,7BNT,boltz1_msa,input_model_3,0.94,0.9393,0.9276,2.93,3.54,0.9314,0.8962,0.8962,0.9299,1.36,2.25,3.97
boltz1,msa,7BNT,boltz1_msa,input_model_4,0.94,0.9416,0.9268,2.82,3.4,0.9303,0.9039,0.9039,0.9298,1.3,2.35,4.29
boltz1,msa,7BNT,boltz1_msa,input_model_0,0.94,0.9408,0.927,2.9,3.49,0.9307,0.9022,0.9022,0.9298,1.19,2.26,3.96
boltz1,msa,7BNT,boltz1_msa,input_model_3,0.94,0.9416,0.9267,2.86,3.44,0.9305,0.904,0.904,0.9297,1.26,2.08,3.82
boltz1,msa,7BNT,boltz1_msa,input_model_4,0.94,0.9387,0.9275,2.92,3.54,0.9311,0.8957,0.8957,0.9297,1.22,2.33,3.88
boltz1,msa,7BNT,boltz1_msa,input_model_3,0.94,0.9412,0.9266,2.85,3.44,0.9301,0.9029,0.9029,0.9295,1.25,2.28,4.03
boltz1,msa,7BNT,boltz1_msa,input_model_1,0.94,0.942,0.9262,2.8,3.37,0.9299,0.9059,0.9059,0.9294,1.31,2.29,4.43
boltz1,msa,7BNT,boltz1_msa,input_model_1,0.94,0.9404,0.9262,2.89,3.48,0.9299,0.9013,0.9013,0.929,1.26,2.0,4.1
boltz1,msa,7BNT,boltz1_msa,input_model_4,0.94,0.9385,0.9266,2.95,3.56,0.9304,0.8956,0.8956,0.929,1.42,2.25,4.09
boltz1,msa,7BNT,boltz1_msa,input_model_2,0.94,0.9403,0.9258,2.85,3.45,0.9293,0.901,0.901,0.9287,1.27,2.35,4.19
boltz1,msa,7BNT,boltz1_msa,input_model_3,0.94,0.9401,0.9248,2.89,3.48,0.9286,0.9031,0.9031,0.9279,1.29,2.23,3.94
boltz1,msa,7BNT,boltz1_msa,input_model_4,0.94,0.938,0.9247,2.97,3.59,0.9282,0.8965,0.8965,0.9274,1.31,2.31,4.2
boltz2,no_msa,7BNT,boltz2,input_model_0,0.91,0.6043,0.3259,11.1,17.36,0.0,0.0,0.0,0.3816,2.43,1.27,21.12
boltz2,no_msa,7BNT,boltz2,input_model_0,0.89,0.554,0.2662,12.35,18.75,0.0,0.0,0.0,0.3238,2.33,11.16,29.46
boltz2,no_msa,7BNT,boltz2,input_model_2,0.82,0.5497,0.2483,12.38,19.36,0.0,0.0,0.0,0.3086,2.1,0.8,27.19
boltz2,no_msa,7BNT,boltz2,input_model_4,0.83,0.5432,0.2341,12.69,19.76,0.0,0.0,0.0,0.2959,2.18,0.93,27.33
boltz2,no_msa,7BNT,boltz2,input_model_0,0.89,0.5503,0.2289,12.56,20.09,0.0,0.0,0.0,0.2932,2.67,1.33,23.25
boltz2,no_msa,7BNT,boltz2,input_model_2,0.88,0.5483,0.2235,12.57,20.16,0.0,0.0,0.0,0.2885,2.59,1.38,21.31
boltz2,no_msa,7BNT,boltz2,input_model_1,0.9,0.5243,0.1922,13.0,20.82,0.0,0.0,0.0,0.2586,1.84,1.09,19.37
boltz2,no_msa,7BNT,boltz2,input_model_2,0.89,0.5216,0.1923,13.1,20.88,0.0,0.0,0.0,0.2582,2.45,1.17,22.97
boltz2,no_msa,7BNT,boltz2,input_model_3,0.83,0.5106,0.1718,13.76,21.49,0.0,0.0,0.0,0.2396,2.39,10.49,32.41
boltz2,no_msa,7BNT,boltz2,input_model_3,0.85,0.511,0.1666,13.38,21.5,0.0,0.0,0.0,0.2355,2.68,0.88,22.16
boltz2,no_msa,7BNT,boltz2,input_model_3,0.89,0.5052,0.152,13.53,21.96,0.0,0.0,0.0,0.2226,2.24,0.9,20.2
boltz2,no_msa,7BNT,boltz2,input_model_1,0.86,0.497,0.1446,13.93,21.68,0.0,0.0,0.0,0.2151,2.46,10.87,29.82
boltz2,no_msa,7BNT,boltz2,input_model_3,0.84,0.4897,0.1442,14.39,22.64,0.0,0.0,0.0,0.2133,1.88,10.56,29.94
boltz2,no_msa,7BNT,boltz2,input_model_1,0.91,0.4946,0.1402,13.92,22.29,0.0,0.0,0.0,0.2111,2.39,0.79,23.21
boltz2,no_msa,7BNT,boltz2,input_model_1,0.87,0.4915,0.141,13.89,22.24,0.0,0.0,0.0,0.2111,2.41,0.89,20.22
boltz2,no_msa,7BNT,boltz2,input_model_0,0.86,0.4955,0.1392,13.85,22.31,0.0,0.0,0.0,0.2105,2.36,1.08,20.43
boltz2,no_msa,7BNT,boltz2,input_model_2,0.86,0.4905,0.1307,14.15,22.67,0.0,0.0,0.0,0.2027,1.62,1.13,22.33
boltz2,no_msa,7BNT,boltz2,input_model_2,0.85,0.488,0.1234,14.01,22.72,0.0,0.0,0.0,0.1963,2.4,0.86,20.22
boltz2,no_msa,7BNT,boltz2,input_model_3,0.83,0.4886,0.1204,14.06,22.56,0.0,0.0,0.0,0.194,2.55,10.42,33.76
boltz2,no_msa,7BNT,boltz2,input_model_4,0.85,0.4776,0.1203,14.34,22.87,0.0,0.0,0.0,0.1918,0.83,0.99,20.37
boltz2,no_msa,7BNT,boltz2,input_model_4,0.81,0.4857,0.1164,14.33,22.57,0.0,0.0,0.0,0.1903,2.44,9.04,34.39
boltz2,no_msa,7BNT,boltz2,input_model_1,0.86,0.4818,0.1135,14.28,23.2,0.0,0.0,0.0,0.1872,2.1,0.71,21.76
boltz2,no_msa,7BNT,boltz2,input_model_0,0.87,0.4798,0.1119,14.37,23.21,0.0,0.0,0.0,0.1855,2.48,1.14,23.0
boltz2,no_msa,7BNT,boltz2,input_model_4,0.83,0.4814,0.1039,14.22,23.2,0.0,0.0,0.0,0.1794,2.38,0.96,32.73
boltz2,no_msa,7BNT,boltz2,input_model_4,0.8,0.4801,0.104,14.7,23.37,0.0,0.0,0.0,0.1792,1.04,8.88,30.75
boltz2,msa,7BNT,boltz2_msa,input_model_0,0.95,0.944,0.9039,2.28,3.06,0.8535,0.8606,0.8535,0.9119,0.92,0.88,27.38
boltz2,msa,7BNT,boltz2_msa,input_model_1,0.95,0.936,0.8894,2.53,3.46,0.8125,0.8264,0.8125,0.8987,2.44,0.91,27.24
boltz2,msa,7BNT,boltz2_msa,input_model_0,0.95,0.9349,0.8874,2.53,3.46,0.8002,0.8211,0.8002,0.8969,0.94,0.98,27.5
boltz2,msa,7BNT,boltz2_msa,input_model_0,0.95,0.9346,0.8866,2.56,3.51,0.7934,0.817,0.7934,0.8962,0.95,0.91,27.45
boltz2,msa,7BNT,boltz2_msa,input_model_0,0.95,0.9333,0.8838,2.57,3.55,0.779,0.8077,0.779,0.8937,0.94,0.92,27.4
boltz2,msa,7BNT,boltz2_msa,input_model_1,0.95,0.9321,0.8829,2.64,3.59,0.7947,0.8146,0.7947,0.8927,0.92,0.91,27.23
boltz2,msa,7BNT,boltz2_msa,input_model_1,0.95,0.9312,0.8797,2.65,3.67,0.7755,0.799,0.7755,0.89,0.96,0.9,27.39
boltz2,msa,7BNT,boltz2_msa,input_model_1,0.95,0.9283,0.8745,2.73,3.77,0.7596,0.792,0.7596,0.8853,0.86,0.89,27.62
boltz2,msa,7BNT,boltz2_msa,input_model_0,0.95,0.9277,0.8716,2.75,3.9,0.7262,0.7785,0.7262,0.8828,0.91,0.9,27.38
boltz2,msa,7BNT,boltz2_msa,input_model_2,0.95,0.9252,0.8682,2.84,3.99,0.7204,0.7658,0.7204,0.8796,0.93,0.91,27.04
boltz2,msa,7BNT,boltz2_msa,input_model_2,0.95,0.9237,0.8679,2.84,3.92,0.7496,0.7767,0.7496,0.8791,1.02,0.97,27.23
boltz2,msa,7BNT,boltz2_msa,input_model_3,0.95,0.9252,0.8671,2.82,3.99,0.7177,0.7703,0.7177,0.8787,0.86,1.02,27.46
boltz2,msa,7BNT,boltz2_msa,input_model_1,0.95,0.9253,0.8663,2.81,4.03,0.704,0.7568,0.704,0.8781,0.95,0.98,27.37
boltz2,msa,7BNT,boltz2_msa,input_model_3,0.95,0.9236,0.8658,2.86,3.99,0.7366,0.769,0.7366,0.8774,0.89,0.95,27.4
boltz2,msa,7BNT,boltz2_msa,input_model_2,0.95,0.9242,0.8635,2.83,4.07,0.7014,0.7551,0.7014,0.8756,0.86,0.95,27.64
boltz2,msa,7BNT,boltz2_msa,input_model_2,0.95,0.9214,0.8614,2.92,4.11,0.7162,0.7521,0.7162,0.8734,0.96,1.03,27.26
boltz2,msa,7BNT,boltz2_msa,input_model_3,0.95,0.9162,0.8528,3.05,4.32,0.684,0.7295,0.684,0.8655,0.99,0.99,27.29
boltz2,msa,7BNT,boltz2_msa,input_model_2,0.95,0.9152,0.8497,3.08,4.4,0.6674,0.7183,0.6674,0.8628,0.98,0.93,27.32
boltz2,msa,7BNT,boltz2_msa,input_model_4,0.95,0.9144,0.8477,3.08,4.41,0.6695,0.7123,0.6695,0.861,0.96,0.89,27.39
boltz2,msa,7BNT,boltz2_msa,input_model_3,0.95,0.9137,0.8464,3.1,4.45,0.6606,0.7122,0.6606,0.8599,0.91,0.99,27.56
boltz2,msa,7BNT,boltz2_msa,input_model_4,0.95,0.9146,0.8456,3.12,4.52,0.6355,0.7089,0.6355,0.8594,0.85,0.95,27.44
boltz2,msa,7BNT,boltz2_msa,input_model_4,0.95,0.9083,0.8364,3.22,4.64,0.6399,0.6874,0.6399,0.8508,0.95,0.97,27.52
boltz2,msa,7BNT,boltz2_msa,input_model_3,0.95,0.9058,0.8315,3.31,4.8,0.6169,0.6771,0.6169,0.8464,0.9,0.96,27.47
boltz2,msa,7BNT,boltz2_msa,input_model_4,0.94,0.9012,0.8222,3.41,4.94,0.61,0.6589,0.61,0.838,0.86,0.98,27.69
boltz2,msa,7BNT,boltz2_msa,input_model_4,0.94,0.9003,0.8223,3.46,4.95,0.6267,0.6705,0.6267,0.8379,1.02,0.91,27.38
chai1,no_msa,7BNT,chai1,pred.model_idx_3,90.9,0.8449,0.6948,0.0,0.0,0.0,0.0,0.0,0.7248,1.49,9.58,11.03
chai1,no_msa,7BNT,chai1,pred.model_idx_4,90.71,0.8444,0.694,0.0,0.0,0.0,0.0,0.0,0.7241,1.51,9.57,11.31
chai1,no_msa,7BNT,chai1,pred.model_idx_0,90.62,0.8413,0.6888,0.0,0.0,0.0,0.0,0.0,0.7193,1.5,9.68,11.16
chai1,no_msa,7BNT,chai1,pred.model_idx_1,90.73,0.8413,0.6888,0.0,0.0,0.0,0.0,0.0,0.7193,1.49,9.68,11.18
chai1,no_msa,7BNT,chai1,pred.model_idx_2,90.25,0.8368,0.685,0.0,0.0,0.0,0.0,0.0,0.7154,1.41,8.95,10.35
chai1,no_msa,7BNT,chai1,pred.model_idx_3,87.78,0.7967,0.6633,0.0,0.0,0.0,0.0,0.0,0.69,1.44,9.7,11.32
chai1,no_msa,7BNT,chai1,pred.model_idx_2,87.44,0.7918,0.6644,0.0,0.0,0.0,0.0,0.0,0.6899,1.37,1.72,2.67
chai1,no_msa,7BNT,chai1,pred.model_idx_2,87.88,0.7995,0.6618,0.0,0.0,0.0,0.0,0.0,0.6893,1.39,10.16,12.38
chai1,no_msa,7BNT,chai1,pred.model_idx_3,87.91,0.7983,0.6615,0.0,0.0,0.0,0.0,0.0,0.6889,1.35,9.9,11.76
chai1,no_msa,7BNT,chai1,pred.model_idx_0,87.81,0.796,0.6619,0.0,0.0,0.0,0.0,0.0,0.6887,1.48,9.86,11.63
chai1,no_msa,7BNT,chai1,pred.model_idx_0,87.89,0.7965,0.6616,0.0,0.0,0.0,0.0,0.0,0.6886,1.44,9.42,10.87
chai1,no_msa,7BNT,chai1,pred.model_idx_1,87.89,0.7963,0.6616,0.0,0.0,0.0,0.0,0.0,0.6885,1.42,10.56,12.4
chai1,no_msa,7BNT,chai1,pred.model_idx_4,87.82,0.7971,0.6609,0.0,0.0,0.0,0.0,0.0,0.6881,1.37,9.82,11.44
chai1,no_msa,7BNT,chai1,pred.model_idx_3,87.87,0.7968,0.6609,0.0,0.0,0.0,0.0,0.0,0.6881,1.44,9.63,11.21
chai1,no_msa,7BNT,chai1,pred.model_idx_4,88.13,0.7983,0.6602,0.0,0.0,0.0,0.0,0.0,0.6878,1.4,10.38,12.98
chai1,no_msa,7BNT,chai1,pred.model_idx_4,88.01,0.7972,0.6602,0.0,0.0,0.0,0.0,0.0,0.6876,1.41,10.95,13.44
chai1,no_msa,7BNT,chai1,pred.model_idx_0,87.76,0.7969,0.6593,0.0,0.0,0.0,0.0,0.0,0.6868,1.37,9.67,11.35
chai1,no_msa,7BNT,chai1,pred.model_idx_1,87.74,0.7965,0.6594,0.0,0.0,0.0,0.0,0.0,0.6868,1.53,9.21,10.5
chai1,no_msa,7BNT,chai1,pred.model_idx_1,87.93,0.7973,0.6592,0.0,0.0,0.0,0.0,0.0,0.6868,1.4,8.91,10.26
chai1,no_msa,7BNT,chai1,pred.model_idx_1,88.27,0.8009,0.6577,0.0,0.0,0.0,0.0,0.0,0.6863,1.39,9.79,11.52
chai1,no_msa,7BNT,chai1,pred.model_idx_4,88.83,0.8049,0.6567,0.0,0.0,0.0,0.0,0.0,0.6863,1.45,8.47,9.69
chai1,no_msa,7BNT,chai1,pred.model_idx_2,88.0,0.7963,0.6581,0.0,0.0,0.0,0.0,0.0,0.6857,1.47,9.35,10.85
chai1,no_msa,7BNT,chai1,pred.model_idx_0,88.76,0.8043,0.6558,0.0,0.0,0.0,0.0,0.0,0.6855,1.47,8.37,9.58
chai1,no_msa,7BNT,chai1,pred.model_idx_3,88.21,0.8001,0.6565,0.0,0.0,0.0,0.0,0.0,0.6852,1.47,9.96,11.57
chai1,no_msa,7BNT,chai1,pred.model_idx_2,88.11,0.7997,0.656,0.0,0.0,0.0,0.0,0.0,0.6847,1.35,10.65,12.63
colabfold,msa,7BNT,colabfold,complex_unrelaxed_rank_001_alphafold2_multimer_v3_model_3_seed_004,86.43,0.79,0.75,5.77,6.98,0.5991,0.6862,0.5991,0.758,2.1,3.79,40.2
colabfold,msa,7BNT,colabfold,complex_unrelaxed_rank_002_alphafold2_multimer_v3_model_1_seed_003,90.39,0.83,0.74,4.51,5.93,0.6311,0.6683,0.6311,0.758,2.24,1.12,34.8
colabfold,msa,7BNT,colabfold,complex_unrelaxed_rank_003_alphafold2_multimer_v3_model_4_seed_001,89.5,0.79,0.74,4.89,6.44,0.5589,0.6156,0.5589,0.75,2.07,1.62,28.44
colabfold,msa,7BNT,colabfold,complex_unrelaxed_rank_004_alphafold2_multimer_v3_model_3_seed_002,87.74,0.77,0.66,5.59,7.73,0.4064,0.4846,0.4064,0.682,2.01,1.61,28.68
colabfold,msa,7BNT,colabfold,complex_unrelaxed_rank_005_alphafold2_multimer_v3_model_3_seed_001,87.31,0.76,0.63,5.85,8.24,0.3566,0.4252,0.3566,0.656,2.02,1.57,28.69
colabfold,msa,7BNT,colabfold,complex_unrelaxed_rank_006_alphafold2_multimer_v3_model_4_seed_003,86.95,0.76,0.62,5.98,8.61,0.2973,0.4248,0.2973,0.648,2.01,1.62,2.54
colabfold,msa,7BNT,colabfold,complex_unrelaxed_rank_007_alphafold2_multimer_v3_model_4_seed_000,86.47,0.74,0.57,6.65,9.76,0.2219,0.3451,0.2219,0.604,1.99,1.62,2.6
colabfold,msa,7BNT,colabfold,complex_unrelaxed_rank_008_alphafold2_multimer_v3_model_4_seed_004,84.17,0.68,0.45,8.21,12.88,0.0476,0.1712,0.0476,0.496,1.98,1.56,2.54
colabfold,msa,7BNT,colabfold,complex_unrelaxed_rank_009_alphafold2_multimer_v3_model_3_seed_003,83.72,0.68,0.45,7.31,11.27,0.1746,0.2452,0.1746,0.496,2.08,1.18,35.87
colabfold,msa,7BNT,colabfold,complex_unrelaxed_rank_010_alphafold2_multimer_v3_model_1_seed_004,84.02,0.67,0.43,7.9,12.51,0.0704,0.1656,0.0704,0.478,2.17,1.35,28.79
colabfold,msa,7BNT,colabfold,complex_unrelaxed_rank_011_alphafold2_multimer_v3_model_2_seed_001,83.57,0.63,0.36,8.72,14.08,0.0121,0.1109,0.0121,0.414,2.23,1.26,28.22
colabfold,msa,7BNT,colabfold,complex_unrelaxed_rank_012_alphafold2_multimer_v3_model_1_seed_002,82.04,0.63,0.36,8.74,14.1,0.0112,0.1156,0.0112,0.414,2.17,1.48,28.12
colabfold,msa,7BNT,colabfold,complex_unrelaxed_rank_013_alphafold2_multimer_v3_model_5_seed_001,80.58,0.6,0.29,9.43,15.5,0.0053,0.052,0.0053,0.352,2.11,1.6,32.87
colabfold,msa,7BNT,colabfold,complex_unrelaxed_rank_014_alphafold2_multimer_v3_model_4_seed_002,80.33,0.59,0.27,9.33,15.26,0.0059,0.0846,0.0059,0.334,2.04,1.68,31.47
colabfold,msa,7BNT,colabfold,complex_unrelaxed_rank_015_alphafold2_multimer_v3_model_1_seed_000,80.91,0.6,0.25,9.31,15.41,0.018,0.0528,0.018,0.32,2.18,1.04,34.46
colabfold,msa,7BNT,colabfold,complex_unrelaxed_rank_017_alphafold2_multimer_v3_model_2_seed_000,81.48,0.59,0.24,10.81,18.28,0.0,0.0265,0.0,0.31,2.31,1.42,3.17
colabfold,msa,7BNT,colabfold,complex_unrelaxed_rank_016_alphafold2_multimer_v3_model_2_seed_002,81.45,0.58,0.24,9.94,16.53,0.0,0.0453,0.0,0.308,2.26,1.55,27.95
colabfold,msa,7BNT,colabfold,complex_unrelaxed_rank_018_alphafold2_multimer_v3_model_2_seed_004,81.12,0.57,0.22,10.41,17.5,0.0,0.03,0.0,0.29,2.3,1.34,27.02
colabfold,msa,7BNT,colabfold,complex_unrelaxed_rank_019_alphafold2_multimer_v3_model_1_seed_001,78.5,0.56,0.2,10.56,17.8,0.0,0.0221,0.0,0.272,2.17,1.45,29.52
colabfold,msa,7BNT,colabfold,complex_unrelaxed_rank_020_alphafold2_multimer_v3_model_3_seed_000,78.78,0.56,0.2,10.56,17.68,0.0,0.0209,0.0,0.272,2.06,1.7,29.08
colabfold,msa,7BNT,colabfold,complex_unrelaxed_rank_021_alphafold2_multimer_v3_model_5_seed_003,75.36,0.56,0.2,11.13,18.71,0.0,0.0147,0.0,0.272,2.23,1.72,27.24
colabfold,msa,7BNT,colabfold,complex_unrelaxed_rank_022_alphafold2_multimer_v3_model_2_seed_003,80.47,0.56,0.18,11.08,18.84,0.0,0.0157,0.0,0.256,2.33,1.21,25.56
colabfold,msa,7BNT,colabfold,complex_unrelaxed_rank_023_alphafold2_multimer_v3_model_5_seed_000,77.79,0.54,0.16,11.67,19.97,0.0,0.008,0.0,0.236,2.11,1.64,33.62
colabfold,msa,7BNT,colabfold,complex_unrelaxed_rank_024_alphafold2_multimer_v3_model_5_seed_004,77.45,0.54,0.16,11.86,20.15,0.0,0.0057,0.0,0.236,2.09,1.67,34.74
colabfold,msa,7BNT,colabfold,complex_unrelaxed_rank_025_alphafold2_multimer_v3_model_5_seed_002,75.03,0.51,0.1,13.39,23.18,0.0,0.0,0.0,0.182,2.15,1.55,33.52
colabfold,no_msa,7BNT,colabfold_nomsa,complex_unrelaxed_rank_001_alphafold2_multimer_v3_model_5_seed_004,58.02,0.53,0.4,14.98,19.16,0.074,0.1243,0.074,0.426,2.06,12.59,35.11
colabfold,no_msa,7BNT,colabfold_nomsa,complex_unrelaxed_rank_002_alphafold2_multimer_v3_model_5_seed_002,60.92,0.49,0.4,14.61,20.3,0.0635,0.0993,0.0635,0.418,2.03,7.81,29.94
colabfold,no_msa,7BNT,colabfold_nomsa,complex_unrelaxed_rank_003_alphafold2_multimer_v3_model_5_seed_000,57.64,0.52,0.37,15.52,20.15,0.0494,0.0826,0.0494,0.4,2.1,12.81,35.57
colabfold,no_msa,7BNT,colabfold_nomsa,complex_unrelaxed_rank_004_alphafold2_multimer_v3_model_5_seed_001,57.5,0.52,0.36,15.47,20.03,0.0557,0.0813,0.0557,0.392,2.1,13.36,36.29
colabfold,no_msa,7BNT,colabfold_nomsa,complex_unrelaxed_rank_006_alphafold2_multimer_v3_model_3_seed_002,58.08,0.5,0.31,15.39,20.37,0.0342,0.0571,0.0342,0.348,1.99,11.95,35.49
colabfold,no_msa,7BNT,colabfold_nomsa,complex_unrelaxed_rank_005_alphafold2_multimer_v3_model_1_seed_004,43.64,0.38,0.32,16.97,19.66,0.0233,0.0619,0.0233,0.332,9.7,15.21,34.01
colabfold,no_msa,7BNT,colabfold_nomsa,complex_unrelaxed_rank_007_alphafold2_multimer_v3_model_5_seed_003,54.07,0.48,0.26,16.86,21.99,0.0274,0.0274,0.0274,0.304,2.05,16.0,36.85
colabfold,no_msa,7BNT,colabfold_nomsa,complex_unrelaxed_rank_008_alphafold2_multimer_v3_model_1_seed_000,42.64,0.36,0.25,17.47,20.71,0.0025,0.008,0.0025,0.272,9.59,15.27,34.31
colabfold,no_msa,7BNT,colabfold_nomsa,complex_unrelaxed_rank_009_alphafold2_multimer_v3_model_4_seed_004,56.97,0.47,0.22,17.0,23.08,0.0046,0.0,0.0,0.27,2.06,14.63,35.81
colabfold,no_msa,7BNT,colabfold_nomsa,complex_unrelaxed_rank_012_alphafold2_multimer_v3_model_3_seed_000,55.05,0.46,0.16,16.38,22.08,0.0,0.0,0.0,0.22,2.05,11.24,36.24
colabfold,no_msa,7BNT,colabfold_nomsa,complex_unrelaxed_rank_010_alphafold2_multimer_v3_model_1_seed_001,39.44,0.33,0.19,18.13,21.48,0.0,0.0,0.0,0.218,9.7,14.17,34.7
colabfold,no_msa,7BNT,colabfold_nomsa,complex_unrelaxed_rank_014_alphafold2_multimer_v3_model_4_seed_001,55.51,0.44,0.15,17.44,24.11,0.0036,0.0,0.0,0.208,2.04,14.1,34.48
colabfold,no_msa,7BNT,colabfold_nomsa,complex_unrelaxed_rank_015_alphafold2_multimer_v3_model_3_seed_003,54.53,0.44,0.13,17.35,23.75,0.0,0.0,0.0,0.192,1.99,13.62,36.0
colabfold,no_msa,7BNT,colabfold_nomsa,complex_unrelaxed_rank_011_alphafold2_multimer_v3_model_4_seed_003,37.97,0.27,0.16,19.3,22.67,0.0,0.0,0.0,0.182,7.64,16.31,33.04
colabfold,no_msa,7BNT,colabfold_nomsa,complex_unrelaxed_rank_013_alphafold2_multimer_v3_model_3_seed_001,35.51,0.23,0.16,19.42,22.7,0.0053,0.0,0.0,0.174,9.7,13.57,41.08
colabfold,no_msa,7BNT,colabfold_nomsa,complex_unrelaxed_rank_021_alphafold2_multimer_v3_model_2_seed_001,53.28,0.44,0.09,17.83,24.48,0.0,0.0,0.0,0.16,2.1,14.53,33.8
colabfold,no_msa,7BNT,colabfold_nomsa,complex_unrelaxed_rank_016_alphafold2_multimer_v3_model_4_seed_000,41.4,0.31,0.12,18.74,22.89,0.0,0.0,0.0,0.158,4.31,15.39,40.5
colabfold,no_msa,7BNT,colabfold_nomsa,complex_unrelaxed_rank_022_alphafold2_multimer_v3_model_2_seed_003,49.76,0.43,0.09,18.46,24.68,0.0,0.0,0.0,0.158,2.12,12.34,33.48
colabfold,no_msa,7BNT,colabfold_nomsa,complex_unrelaxed_rank_023_alphafold2_multimer_v3_model_2_seed_004,49.93,0.43,0.08,18.22,24.65,0.0,0.0,0.0,0.15,2.13,7.5,33.49
colabfold,no_msa,7BNT,colabfold_nomsa,complex_unrelaxed_rank_024_alphafold2_multimer_v3_model_2_seed_002,48.74,0.42,0.08,18.71,25.02,0.0,0.0,0.0,0.148,2.08,13.68,32.34
colabfold,no_msa,7BNT,colabfold_nomsa,complex_unrelaxed_rank_017_alphafold2_multimer_v3_model_1_seed_002,35.51,0.23,0.12,19.48,23.16,0.0,0.0,0.0,0.142,7.17,14.31,40.31
colabfold,no_msa,7BNT,colabfold_nomsa,complex_unrelaxed_rank_025_alphafold2_multimer_v3_model_2_seed_000,50.97,0.41,0.07,18.5,25.59,0.0,0.0,0.0,0.138,2.12,13.69,30.44
colabfold,no_msa,7BNT,colabfold_nomsa,complex_unrelaxed_rank_018_alphafold2_multimer_v3_model_1_seed_003,34.85,0.22,0.11,19.9,23.78,0.0,0.0,0.0,0.132,7.89,14.38,39.93
colabfold,no_msa,7BNT,colabfold_nomsa,complex_unrelaxed_rank_019_alphafold2_multimer_v3_model_4_seed_002,37.26,0.23,0.1,19.72,24.01,0.0,0.0,0.0,0.126,5.96,11.62,39.78
colabfold,no_msa,7BNT,colabfold_nomsa,complex_unrelaxed_rank_020_alphafold2_multimer_v3_model_3_seed_004,35.81,0.27,0.09,19.92,24.26,0.0,0.0,0.0,0.126,9.95,8.42,30.36
esmfold2,no_msa,7BNT,esmfold2,output_esmfold2_pred,76.02,0.627,0.5071,10.99,15.09,0.0346,0.1291,0.0346,0.5311,1.04,8.64,10.67
esmfold2,no_msa,7BNT,esmfold2,output_seed456_esmfold2_pred,75.45,0.6032,0.4487,11.67,16.73,0.0085,0.0176,0.0085,0.4796,1.02,7.38,7.71
esmfold2,no_msa,7BNT,esmfold2,output_seed123_esmfold2_pred,75.43,0.5903,0.4192,12.08,17.48,0.0025,0.0,0.0,0.4534,2.35,9.77,11.52
esmfold2,no_msa,7BNT,esmfold2,output_seed789_esmfold2_pred,74.13,0.585,0.4098,11.98,16.98,0.005,0.0136,0.005,0.4448,1.09,10.32,11.71
esmfold2,no_msa,7BNT,esmfold2,output_seed1024_esmfold2_pred,74.5,0.5655,0.3701,12.58,18.23,0.0,0.0,0.0,0.4092,1.2,9.96,12.16
af2m,msa,7QPX,af2m,ranked_0,96.34,0.8932,0.8579,2.69,3.34,0.8424,0.8328,0.8328,0.865,0.88,0.37,1.19
af2m,msa,7QPX,af2m,ranked_1,96.34,0.8931,0.8578,2.71,3.37,0.8385,0.8292,0.8292,0.8649,0.87,0.37,1.08
af2m,msa,7QPX,af2m,ranked_2,96.3,0.891,0.8544,2.73,3.4,0.8343,0.8254,0.8254,0.8617,0.87,0.37,1.03
af2m,msa,7QPX,af2m,ranked_3,96.13,0.8895,0.853,2.78,3.47,0.8321,0.8223,0.8223,0.8603,0.87,0.37,1.17
af2m,msa,7QPX,af2m,ranked_4,95.03,0.8804,0.854,3.07,3.83,0.8135,0.8198,0.8135,0.8593,1.07,0.32,29.97
af2m,msa,7QPX,af2m,ranked_5,95.99,0.8874,0.847,2.81,3.52,0.8226,0.8158,0.8158,0.8551,0.88,0.37,1.18
af2m,msa,7QPX,af2m,ranked_6,82.44,0.5523,0.1451,11.49,20.22,0.0,0.0,0.0,0.2265,1.02,0.35,34.03
af2m,msa,7QPX,af2m,ranked_7,82.32,0.5484,0.1385,11.7,20.65,0.0,0.0,0.0,0.2205,1.04,0.35,33.02
af2m,msa,7QPX,af2m,ranked_8,82.9,0.5494,0.137,11.63,20.59,0.0,0.0,0.0,0.2195,1.03,0.36,34.68
af2m,msa,7QPX,af2m,ranked_9,82.81,0.5445,0.1295,11.79,20.86,0.0,0.0,0.0,0.2125,1.02,0.36,34.77
af2m,msa,7QPX,af2m,ranked_10,82.23,0.5396,0.1239,12.06,21.3,0.0,0.0,0.0,0.207,1.03,0.36,33.54
af2m,msa,7QPX,af2m,ranked_11,83.62,0.5418,0.116,12.34,22.21,0.0,0.0,0.0,0.2012,1.05,0.37,35.86
af2m,msa,7QPX,af2m,ranked_12,83.86,0.5416,0.1125,12.41,22.41,0.0,0.0,0.0,0.1983,1.06,0.37,30.24
af2m,msa,7QPX,af2m,ranked_13,80.84,0.5374,0.1124,12.44,22.27,0.0,0.0,0.0,0.1974,1.03,0.37,31.76
af2m,msa,7QPX,af2m,ranked_14,81.62,0.5381,0.108,12.19,21.87,0.0,0.0,0.0,0.194,1.03,0.4,36.7
af2m,msa,7QPX,af2m,ranked_15,83.46,0.535,0.1068,12.62,22.74,0.0,0.0,0.0,0.1924,1.06,0.41,35.03
af2m,msa,7QPX,af2m,ranked_16,83.66,0.5329,0.103,12.61,22.7,0.0,0.0,0.0,0.189,1.02,0.4,35.98
af2m,msa,7QPX,af2m,ranked_17,83.29,0.5325,0.0988,12.75,23.02,0.0,0.0,0.0,0.1855,1.07,0.39,34.14
af2m,msa,7QPX,af2m,ranked_18,80.23,0.5292,0.0954,12.89,23.19,0.0,0.0,0.0,0.1822,1.01,0.38,32.6
af2m,msa,7QPX,af2m,ranked_19,79.08,0.5171,0.0943,12.87,22.78,0.0,0.0,0.0,0.1789,1.04,0.4,32.15
af2m,msa,7QPX,af2m,ranked_20,79.14,0.5136,0.085,13.06,23.22,0.0,0.0,0.0,0.1707,1.05,0.42,32.48
af2m,msa,7QPX,af2m,ranked_21,78.7,0.5097,0.0814,13.32,23.66,0.0,0.0,0.0,0.1671,1.04,0.38,31.59
af2m,msa,7QPX,af2m,ranked_22,78.45,0.5057,0.0783,13.45,23.86,0.0,0.0,0.0,0.1638,1.04,0.4,30.9
af2m,msa,7QPX,af2m,ranked_23,78.44,0.5053,0.0727,13.41,23.8,0.0,0.0,0.0,0.1592,1.02,0.41,32.28
af2m,msa,7QPX,af2m,ranked_24,78.13,0.5141,0.0682,13.47,24.27,0.0,0.0,0.0,0.1574,1.03,0.44,31.56
af3,msa,7QPX,af3,seed-123_sample-0,93.11,0.89,0.85,2.98,3.74,0.8044,0.7904,0.7904,0.858,1.05,0.3,1.57
af3,msa,7QPX,af3,seed-123_sample-4,93.17,0.89,0.85,2.95,3.72,0.8078,0.7848,0.7848,0.858,1.07,0.35,1.53
af3,msa,7QPX,af3,seed-789_sample-3,93.07,0.89,0.85,2.97,3.76,0.8023,0.7827,0.7827,0.858,1.07,0.33,1.6
af3,msa,7QPX,af3,seed-1024_sample-2,92.92,0.88,0.85,2.99,3.79,0.7988,0.7835,0.7835,0.856,1.06,0.31,1.7
af3,msa,7QPX,af3,seed-123_sample-2,92.64,0.88,0.85,3.03,3.83,0.8052,0.7807,0.7807,0.856,1.06,0.31,1.92
af3,msa,7QPX,af3,seed-42_sample-0,93.01,0.88,0.85,3.0,3.81,0.7985,0.775,0.775,0.856,1.04,0.34,1.41
af3,msa,7QPX,af3,seed-42_sample-4,92.94,0.88,0.85,3.0,3.82,0.7932,0.7742,0.7742,0.856,1.13,0.35,1.53
af3,msa,7QPX,af3,seed-456_sample-3,92.9,0.88,0.85,3.0,3.77,0.8063,0.7847,0.7847,0.856,1.09,0.34,1.76
af3,msa,7QPX,af3,seed-456_sample-4,92.84,0.88,0.85,2.99,3.73,0.8165,0.7934,0.7934,0.856,1.09,0.37,1.55
af3,msa,7QPX,af3,seed-789_sample-1,92.83,0.88,0.85,3.0,3.79,0.8055,0.7814,0.7814,0.856,1.09,0.35,1.84
af3,msa,7QPX,af3,seed-789_sample-4,93.11,0.88,0.85,2.95,3.72,0.8068,0.7908,0.7908,0.856,1.06,0.35,1.51
af3,msa,7QPX,af3,seed-1024_sample-1,92.95,0.88,0.84,3.04,3.87,0.7856,0.7672,0.7672,0.848,1.05,0.32,1.91
af3,msa,7QPX,af3,seed-1024_sample-3,93.09,0.88,0.84,2.97,3.73,0.8016,0.7853,0.7853,0.848,1.05,0.36,1.16
af3,msa,7QPX,af3,seed-42_sample-2,92.82,0.88,0.84,3.06,3.87,0.7886,0.765,0.765,0.848,1.06,0.36,1.89
af3,msa,7QPX,af3,seed-456_sample-0,92.51,0.88,0.84,3.06,3.87,0.7933,0.7774,0.7774,0.848,1.07,0.37,2.26
af3,msa,7QPX,af3,seed-456_sample-1,92.62,0.88,0.84,3.04,3.86,0.7925,0.7779,0.7779,0.848,1.16,0.34,2.21
af3,msa,7QPX,af3,seed-789_sample-0,92.78,0.88,0.84,3.02,3.78,0.8013,0.7824,0.7824,0.848,1.05,0.39,2.04
af3,msa,7QPX,af3,seed-123_sample-3,92.62,0.88,0.83,3.06,3.87,0.7906,0.775,0.775,0.84,1.08,0.43,2.35
af3,msa,7QPX,af3,seed-42_sample-1,92.46,0.88,0.83,3.02,3.8,0.8037,0.7753,0.7753,0.84,1.1,0.36,2.83
af3,msa,7QPX,af3,seed-789_sample-2,92.37,0.88,0.83,2.99,3.76,0.7904,0.7863,0.7863,0.84,1.18,0.38,3.23
af3,msa,7QPX,af3,seed-1024_sample-4,92.37,0.87,0.83,3.12,3.97,0.7913,0.7678,0.7678,0.838,1.13,0.37,2.56
af3,msa,7QPX,af3,seed-123_sample-1,92.36,0.88,0.82,3.03,3.82,0.7965,0.7695,0.7695,0.832,1.08,0.34,3.11
af3,msa,7QPX,af3,seed-1024_sample-0,92.16,0.87,0.82,3.19,4.09,0.7671,0.7584,0.7584,0.83,1.09,0.34,2.65
af3,msa,7QPX,af3,seed-42_sample-3,92.03,0.87,0.82,3.21,4.12,0.7689,0.741,0.741,0.83,1.09,0.38,2.65
af3,msa,7QPX,af3,seed-456_sample-2,91.85,0.87,0.82,3.14,3.97,0.784,0.7707,0.7707,0.83,1.18,0.36,3.05
af3,no_msa,7QPX,af3_nomsa,seed-789_sample-1,60.75,0.53,0.28,12.38,17.34,0.0089,0.0076,0.0076,0.33,3.17,7.63,37.11
af3,no_msa,7QPX,af3_nomsa,seed-789_sample-3,61.16,0.53,0.25,12.37,18.17,0.0026,0.0,0.0,0.306,3.14,7.66,36.65
af3,no_msa,7QPX,af3_nomsa,seed-789_sample-2,60.71,0.49,0.2,13.27,20.09,0.0,0.0,0.0,0.258,3.05,7.64,33.99
af3,no_msa,7QPX,af3_nomsa,seed-123_sample-0,58.19,0.5,0.19,14.22,19.71,0.0,0.0,0.0,0.252,3.17,11.85,35.16
af3,no_msa,7QPX,af3_nomsa,seed-456_sample-1,56.72,0.48,0.16,14.9,21.14,0.0,0.0,0.0,0.224,3.19,7.63,38.38
af3,no_msa,7QPX,af3_nomsa,seed-123_sample-2,55.9,0.48,0.15,15.5,21.52,0.0,0.0,0.0,0.216,3.13,10.06,37.33
af3,no_msa,7QPX,af3_nomsa,seed-42_sample-4,57.75,0.48,0.15,14.12,20.75,0.0,0.0,0.0,0.216,3.19,10.97,37.69
af3,no_msa,7QPX,af3_nomsa,seed-1024_sample-2,56.11,0.47,0.15,14.72,21.84,0.0,0.0,0.0,0.214,3.08,7.57,33.28
af3,no_msa,7QPX,af3_nomsa,seed-456_sample-2,55.95,0.48,0.14,15.85,21.89,0.0,0.0,0.0,0.208,3.13,10.73,39.07
af3,no_msa,7QPX,af3_nomsa,seed-1024_sample-4,56.6,0.47,0.14,15.1,21.18,0.0,0.0,0.0,0.206,3.27,8.16,39.3
af3,no_msa,7QPX,af3_nomsa,seed-1024_sample-0,57.1,0.47,0.13,15.18,21.66,0.0,0.0,0.0,0.198,3.09,13.52,36.63
af3,no_msa,7QPX,af3_nomsa,seed-1024_sample-1,55.99,0.47,0.13,16.16,22.27,0.0,0.0,0.0,0.198,3.14,9.89,32.88
af3,no_msa,7QPX,af3_nomsa,seed-42_sample-0,56.13,0.47,0.13,15.81,21.89,0.0,0.0,0.0,0.198,3.24,11.57,38.63
af3,no_msa,7QPX,af3_nomsa,seed-42_sample-1,56.34,0.47,0.13,15.83,22.2,0.0,0.0,0.0,0.198,3.07,11.52,37.96
af3,no_msa,7QPX,af3_nomsa,seed-123_sample-4,58.43,0.47,0.12,15.06,21.91,0.0,0.0,0.0,0.19,3.09,9.2,35.34
af3,no_msa,7QPX,af3_nomsa,seed-456_sample-0,56.19,0.46,0.12,15.58,22.07,0.0,0.0,0.0,0.188,3.17,12.1,38.11
af3,no_msa,7QPX,af3_nomsa,seed-456_sample-3,56.37,0.46,0.12,15.84,22.47,0.0,0.0,0.0,0.188,3.09,9.64,37.87
af3,no_msa,7QPX,af3_nomsa,seed-1024_sample-3,57.47,0.46,0.11,15.86,22.92,0.0,0.0,0.0,0.18,3.13,9.84,40.82
af3,no_msa,7QPX,af3_nomsa,seed-42_sample-2,58.18,0.46,0.11,15.52,23.38,0.0,0.0,0.0,0.18,3.09,13.6,46.73
af3,no_msa,7QPX,af3_nomsa,seed-42_sample-3,55.27,0.46,0.11,16.34,22.99,0.0,0.0,0.0,0.18,3.36,8.88,35.71
af3,no_msa,7QPX,af3_nomsa,seed-789_sample-4,54.99,0.46,0.11,16.76,22.98,0.0,0.0,0.0,0.18,3.15,9.96,37.91
af3,no_msa,7QPX,af3_nomsa,seed-123_sample-1,57.73,0.46,0.1,15.58,23.15,0.0,0.0,0.0,0.172,3.06,8.64,38.09
af3,no_msa,7QPX,af3_nomsa,seed-123_sample-3,56.53,0.46,0.1,16.56,23.72,0.0,0.0,0.0,0.172,3.14,13.11,43.56
af3,no_msa,7QPX,af3_nomsa,seed-456_sample-4,60.57,0.45,0.09,15.69,23.94,0.0,0.0,0.0,0.162,3.11,10.1,40.02
af3,no_msa,7QPX,af3_nomsa,seed-789_sample-0,59.58,0.44,0.07,16.8,25.99,0.0,0.0,0.0,0.144,3.13,14.82,50.94
boltz1,no_msa,7QPX,boltz1,input_model_1,0.86,0.87,0.8827,5.22,5.77,0.8304,0.8546,0.8304,0.8802,1.08,4.57,6.28
boltz1,no_msa,7QPX,boltz1,input_model_0,0.86,0.8594,0.8776,5.65,6.21,0.8291,0.8474,0.8291,0.874,1.07,4.23,5.97
boltz1,no_msa,7QPX,boltz1,input_model_1,0.86,0.8691,0.8674,5.21,5.91,0.7821,0.8012,0.7821,0.8677,1.05,4.78,6.32
boltz1,no_msa,7QPX,boltz1,input_model_3,0.85,0.8588,0.869,5.58,6.22,0.7901,0.8129,0.7901,0.867,1.09,6.29,8.07
boltz1,no_msa,7QPX,boltz1,input_model_2,0.86,0.8621,0.8673,5.41,6.1,0.7828,0.8089,0.7828,0.8663,1.09,5.02,6.56
boltz1,no_msa,7QPX,boltz1,input_model_0,0.86,0.8645,0.8639,5.24,5.96,0.7674,0.7921,0.7674,0.864,1.08,4.83,6.37
boltz1,no_msa,7QPX,boltz1,input_model_2,0.85,0.8589,0.864,5.5,6.21,0.7781,0.7986,0.7781,0.863,1.06,4.02,5.63
boltz1,no_msa,7QPX,boltz1,input_model_4,0.85,0.8604,0.8627,5.44,6.18,0.7739,0.7939,0.7739,0.8622,1.08,4.67,6.2
boltz1,no_msa,7QPX,boltz1,input_model_3,0.85,0.8549,0.8611,5.68,6.41,0.7697,0.7935,0.7697,0.8599,1.07,4.11,5.65
boltz1,no_msa,7QPX,boltz1,input_model_2,0.86,0.8623,0.8591,5.41,6.18,0.7655,0.7791,0.7655,0.8597,1.05,4.52,6.16
boltz1,no_msa,7QPX,boltz1,input_model_1,0.86,0.8586,0.8599,5.53,6.26,0.7661,0.7876,0.7661,0.8596,1.07,5.1,6.78
boltz1,no_msa,7QPX,boltz1,input_model_3,0.86,0.8593,0.8594,5.53,6.28,0.7629,0.7807,0.7629,0.8594,1.09,4.7,6.29
boltz1,no_msa,7QPX,boltz1,input_model_0,0.86,0.8558,0.8593,5.66,6.41,0.7568,0.783,0.7568,0.8586,1.05,4.95,6.71
boltz1,no_msa,7QPX,boltz1,input_model_2,0.86,0.8545,0.8588,5.75,6.48,0.7544,0.7801,0.7544,0.8579,1.08,4.24,5.89
boltz1,no_msa,7QPX,boltz1,input_model_0,0.86,0.8575,0.858,5.56,6.32,0.761,0.7801,0.761,0.8579,1.08,4.72,6.24
boltz1,no_msa,7QPX,boltz1,input_model_4,0.85,0.858,0.8572,5.45,6.23,0.7576,0.7731,0.7576,0.8574,1.09,4.78,6.26
boltz1,no_msa,7QPX,boltz1,input_model_1,0.86,0.8583,0.8571,5.47,6.24,0.7506,0.7749,0.7506,0.8573,1.07,5.02,6.7
boltz1,no_msa,7QPX,boltz1,input_model_3,0.86,0.851,0.8584,5.91,6.63,0.7533,0.7781,0.7533,0.8569,1.03,3.41,4.99
boltz1,no_msa,7QPX,boltz1,input_model_0,0.86,0.8568,0.8557,5.51,6.29,0.7473,0.7714,0.7473,0.8559,1.09,4.83,6.51
boltz1,no_msa,7QPX,boltz1,input_model_4,0.85,0.8528,0.8561,5.78,6.56,0.7487,0.7688,0.7487,0.8554,1.08,4.35,6.18
boltz1,no_msa,7QPX,boltz1,input_model_1,0.86,0.8512,0.8541,5.67,6.5,0.7456,0.7682,0.7456,0.8535,1.07,4.02,5.66
boltz1,no_msa,7QPX,boltz1,input_model_3,0.86,0.8559,0.8505,5.61,6.44,0.7425,0.7521,0.7425,0.8516,1.07,5.25,6.72
boltz1,no_msa,7QPX,boltz1,input_model_2,0.86,0.8439,0.8458,6.1,6.94,0.7266,0.7428,0.7266,0.8454,1.05,3.33,4.84
boltz1,no_msa,7QPX,boltz1,input_model_4,0.86,0.8508,0.843,5.67,6.61,0.7061,0.726,0.7061,0.8446,1.06,4.59,6.21
boltz1,no_msa,7QPX,boltz1,input_model_4,0.86,0.8438,0.8366,5.99,6.96,0.6924,0.7122,0.6924,0.838,1.04,4.16,5.9
boltz1,msa,7QPX,boltz1_msa,input_model_0,0.94,0.9354,0.9186,2.41,3.02,0.9234,0.9012,0.9012,0.922,1.1,0.42,1.84
boltz1,msa,7QPX,boltz1_msa,input_model_4,0.93,0.9343,0.9176,2.47,3.08,0.9224,0.9014,0.9014,0.9209,1.05,0.43,1.97
boltz1,msa,7QPX,boltz1_msa,input_model_0,0.94,0.9343,0.9144,2.43,3.04,0.9182,0.9034,0.9034,0.9184,1.15,0.46,2.04
boltz1,msa,7QPX,boltz1_msa,input_model_0,0.94,0.9335,0.9145,2.44,3.05,0.9181,0.9013,0.9013,0.9183,1.17,0.49,2.21
boltz1,msa,7QPX,boltz1_msa,input_model_1,0.94,0.9319,0.9137,2.56,3.2,0.9171,0.9008,0.9008,0.9173,1.12,0.48,2.04
boltz1,msa,7QPX,boltz1_msa,input_model_2,0.93,0.9302,0.9131,2.55,3.2,0.917,0.8944,0.8944,0.9165,1.06,0.45,2.09
boltz1,msa,7QPX,boltz1_msa,input_model_0,0.94,0.9312,0.9122,2.53,3.17,0.9151,0.895,0.895,0.916,1.13,0.5,2.28
boltz1,msa,7QPX,boltz1_msa,input_model_4,0.93,0.9308,0.912,2.5,3.14,0.9162,0.8986,0.8986,0.9158,1.09,0.42,1.94
boltz1,msa,7QPX,boltz1_msa,input_model_1,0.94,0.9306,0.9115,2.48,3.12,0.9154,0.8963,0.8963,0.9153,1.11,0.43,2.09
boltz1,msa,7QPX,boltz1_msa,input_model_1,0.94,0.93,0.9108,2.56,3.21,0.9136,0.894,0.894,0.9146,1.12,0.49,2.23
boltz1,msa,7QPX,boltz1_msa,input_model_2,0.94,0.9293,0.9108,2.52,3.17,0.9148,0.8942,0.8942,0.9145,1.09,0.43,2.05
boltz1,msa,7QPX,boltz1_msa,input_model_3,0.94,0.9299,0.9105,2.61,3.26,0.9127,0.8923,0.8923,0.9144,1.14,0.52,2.27
boltz1,msa,7QPX,boltz1_msa,input_model_3,0.94,0.9298,0.9104,2.54,3.19,0.9139,0.8931,0.8931,0.9143,1.1,0.45,2.06
boltz1,msa,7QPX,boltz1_msa,input_model_4,0.93,0.9304,0.9102,2.44,3.07,0.9137,0.8977,0.8977,0.9142,1.15,0.45,2.29
boltz1,msa,7QPX,boltz1_msa,input_model_2,0.94,0.9296,0.9093,2.56,3.21,0.9122,0.8935,0.8935,0.9134,1.13,0.48,2.21
boltz1,msa,7QPX,boltz1_msa,input_model_2,0.94,0.9295,0.9094,2.6,3.26,0.9116,0.8915,0.8915,0.9134,1.13,0.5,2.25
boltz1,msa,7QPX,boltz1_msa,input_model_3,0.94,0.9301,0.9091,2.53,3.18,0.9119,0.894,0.894,0.9133,1.15,0.5,2.5
boltz1,msa,7QPX,boltz1_msa,input_model_2,0.94,0.9288,0.9093,2.6,3.25,0.9115,0.8913,0.8913,0.9132,1.1,0.47,2.28
boltz1,msa,7QPX,boltz1_msa,input_model_0,0.94,0.9285,0.9093,2.57,3.23,0.9127,0.8912,0.8912,0.9131,1.1,0.46,2.19
boltz1,msa,7QPX,boltz1_msa,input_model_3,0.94,0.9288,0.9088,2.55,3.2,0.9118,0.8946,0.8946,0.9128,1.14,0.47,2.3
boltz1,msa,7QPX,boltz1_msa,input_model_1,0.94,0.9301,0.9082,2.47,3.1,0.9113,0.8942,0.8942,0.9126,1.15,0.48,2.29
boltz1,msa,7QPX,boltz1_msa,input_model_1,0.94,0.928,0.9085,2.63,3.29,0.9106,0.8932,0.8932,0.9124,1.1,0.48,2.19
boltz1,msa,7QPX,boltz1_msa,input_model_3,0.93,0.9266,0.9072,2.68,3.36,0.9079,0.8896,0.8896,0.9111,1.14,0.55,2.4
boltz1,msa,7QPX,boltz1_msa,input_model_4,0.94,0.9277,0.9067,2.6,3.26,0.9087,0.8905,0.8905,0.9109,1.11,0.48,2.21
boltz1,msa,7QPX,boltz1_msa,input_model_4,0.93,0.9269,0.9051,2.59,3.25,0.9074,0.8901,0.8901,0.9095,1.14,0.48,2.33
boltz2,no_msa,7QPX,boltz2,input_model_1,0.82,0.5348,0.1692,14.39,20.3,0.0,0.0,0.0,0.2423,1.22,0.91,35.48
boltz2,no_msa,7QPX,boltz2,input_model_2,0.77,0.515,0.1704,15.41,21.97,0.0,0.0,0.0,0.2393,1.17,1.05,27.33
boltz2,no_msa,7QPX,boltz2,input_model_0,0.82,0.5244,0.1531,14.63,20.74,0.0,0.0,0.0,0.2274,1.22,0.76,35.66
boltz2,no_msa,7QPX,boltz2,input_model_2,0.78,0.5164,0.1515,15.01,21.83,0.0,0.0,0.0,0.2245,1.26,1.29,29.86
boltz2,no_msa,7QPX,boltz2,input_model_2,0.77,0.5256,0.1486,15.09,20.95,0.0,0.0,0.0,0.224,1.24,8.23,37.21
boltz2,no_msa,7QPX,boltz2,input_model_0,0.82,0.5211,0.1476,14.97,21.12,0.0,0.0,0.0,0.2223,1.23,1.19,37.54
boltz2,no_msa,7QPX,boltz2,input_model_0,0.84,0.5226,0.1459,14.72,21.34,0.0,0.0,0.0,0.2212,1.16,6.37,36.25
boltz2,no_msa,7QPX,boltz2,input_model_0,0.88,0.5188,0.1372,15.2,21.79,0.0,0.0,0.0,0.2135,1.25,9.04,33.68
boltz2,no_msa,7QPX,boltz2,input_model_1,0.79,0.5064,0.1396,15.64,22.39,0.0,0.0,0.0,0.213,1.09,1.05,27.45
boltz2,no_msa,7QPX,boltz2,input_model_1,0.81,0.4986,0.1383,15.87,22.76,0.0,0.0,0.0,0.2104,1.11,0.77,27.41
boltz2,no_msa,7QPX,boltz2,input_model_0,0.86,0.5178,0.1332,14.43,21.45,0.0,0.0,0.0,0.2101,1.34,8.49,36.75
boltz2,no_msa,7QPX,boltz2,input_model_3,0.77,0.5029,0.1318,15.84,22.68,0.0,0.0,0.0,0.206,1.09,0.64,27.0
boltz2,no_msa,7QPX,boltz2,input_model_4,0.77,0.5019,0.1288,15.82,22.63,0.0,0.0,0.0,0.2034,1.1,1.15,27.8
boltz2,no_msa,7QPX,boltz2,input_model_4,0.75,0.5108,0.1253,15.53,22.26,0.0,0.0,0.0,0.2024,1.17,1.83,30.91
boltz2,no_msa,7QPX,boltz2,input_model_2,0.79,0.5002,0.1278,15.74,22.7,0.0,0.0,0.0,0.2023,1.09,0.79,27.29
boltz2,no_msa,7QPX,boltz2,input_model_1,0.79,0.5034,0.1267,15.99,22.88,0.0,0.0,0.0,0.202,1.12,1.35,28.48
boltz2,no_msa,7QPX,boltz2,input_model_1,0.8,0.5015,0.1239,15.82,22.73,0.0,0.0,0.0,0.1994,1.08,0.89,27.36
boltz2,no_msa,7QPX,boltz2,input_model_4,0.77,0.4991,0.1222,15.98,22.93,0.0,0.0,0.0,0.1976,1.09,0.88,27.31
boltz2,no_msa,7QPX,boltz2,input_model_3,0.78,0.5016,0.1202,15.87,22.81,0.0,0.0,0.0,0.1965,1.1,0.71,27.23
boltz2,no_msa,7QPX,boltz2,input_model_3,0.79,0.5082,0.1184,15.27,22.2,0.0,0.0,0.0,0.1964,1.2,9.3,38.05
boltz2,no_msa,7QPX,boltz2,input_model_2,0.79,0.5066,0.1165,14.88,22.27,0.0,0.0,0.0,0.1945,1.14,1.5,33.07
boltz2,no_msa,7QPX,boltz2,input_model_3,0.78,0.4982,0.1184,15.97,23.02,0.0,0.0,0.0,0.1944,1.08,0.74,27.13
boltz2,no_msa,7QPX,boltz2,input_model_4,0.77,0.5046,0.1132,15.8,22.36,0.0,0.0,0.0,0.1915,1.14,8.93,33.1
boltz2,no_msa,7QPX,boltz2,input_model_3,0.78,0.5052,0.1102,15.52,22.64,0.0,0.0,0.0,0.1892,1.14,1.36,32.23
boltz2,no_msa,7QPX,boltz2,input_model_4,0.76,0.4967,0.1044,16.2,23.28,0.0,0.0,0.0,0.1829,1.19,1.97,30.1
boltz2,msa,7QPX,boltz2_msa,input_model_0,0.96,0.9166,0.8483,2.85,4.16,0.6425,0.7265,0.6425,0.862,1.06,0.52,28.39
boltz2,msa,7QPX,boltz2_msa,input_model_0,0.96,0.9154,0.8457,2.89,4.23,0.6277,0.7194,0.6277,0.8596,1.09,0.49,27.78
boltz2,msa,7QPX,boltz2_msa,input_model_0,0.96,0.9123,0.8401,3.01,4.42,0.6014,0.7056,0.6014,0.8545,1.04,0.51,27.97
boltz2,msa,7QPX,boltz2_msa,input_model_0,0.96,0.9077,0.8299,3.05,4.55,0.5854,0.6772,0.5854,0.8455,1.04,0.46,28.38
boltz2,msa,7QPX,boltz2_msa,input_model_1,0.96,0.9028,0.8202,3.21,4.85,0.5317,0.6524,0.5317,0.8367,1.04,0.53,28.31
boltz2,msa,7QPX,boltz2_msa,input_model_2,0.96,0.9018,0.8181,3.22,4.83,0.5399,0.6478,0.5399,0.8348,1.06,0.46,27.93
boltz2,msa,7QPX,boltz2_msa,input_model_1,0.96,0.901,0.8177,3.23,4.81,0.5559,0.6512,0.5559,0.8344,1.05,0.48,28.31
boltz2,msa,7QPX,boltz2_msa,input_model_0,0.96,0.9012,0.817,3.23,4.85,0.5379,0.6464,0.5379,0.8338,1.09,0.46,28.02
boltz2,msa,7QPX,boltz2_msa,input_model_1,0.96,0.8971,0.8093,3.37,5.09,0.5083,0.6286,0.5083,0.8269,1.05,0.49,27.91
boltz2,msa,7QPX,boltz2_msa,input_model_2,0.96,0.8956,0.8067,3.4,5.11,0.5143,0.6251,0.5143,0.8245,1.07,0.52,28.18
boltz2,msa,7QPX,boltz2_msa,input_model_2,0.95,0.8931,0.8001,3.38,5.16,0.5083,0.606,0.5083,0.8187,1.08,0.46,28.51
boltz2,msa,7QPX,boltz2_msa,input_model_2,0.95,0.8919,0.7991,3.47,5.24,0.4995,0.6059,0.4995,0.8177,1.08,0.49,28.14
boltz2,msa,7QPX,boltz2_msa,input_model_1,0.96,0.8921,0.7985,3.45,5.26,0.4842,0.5994,0.4842,0.8172,1.07,0.47,27.99
boltz2,msa,7QPX,boltz2_msa,input_model_4,0.94,0.8874,0.7911,3.54,5.35,0.5004,0.5948,0.5004,0.8104,1.05,0.51,28.64
boltz2,msa,7QPX,boltz2_msa,input_model_2,0.96,0.888,0.7908,3.55,5.44,0.4781,0.5838,0.4781,0.8102,1.03,0.51,28.25
boltz2,msa,7QPX,boltz2_msa,input_model_4,0.95,0.8878,0.7898,3.56,5.46,0.476,0.5778,0.476,0.8094,1.04,0.45,28.33
boltz2,msa,7QPX,boltz2_msa,input_model_3,0.95,0.8872,0.7897,3.57,5.44,0.4725,0.5832,0.4725,0.8092,1.04,0.5,28.15
boltz2,msa,7QPX,boltz2_msa,input_model_3,0.95,0.8853,0.7863,3.62,5.51,0.4827,0.5737,0.4827,0.8061,1.08,0.48,28.12
boltz2,msa,7QPX,boltz2_msa,input_model_1,0.96,0.8854,0.785,3.61,5.54,0.4621,0.5686,0.4621,0.8051,1.03,0.5,28.09
boltz2,msa,7QPX,boltz2_msa,input_model_3,0.95,0.8846,0.7849,3.61,5.51,0.4705,0.574,0.4705,0.8048,1.05,0.46,28.09
boltz2,msa,7QPX,boltz2_msa,input_model_3,0.95,0.8832,0.782,3.65,5.58,0.467,0.5663,0.467,0.8022,1.04,0.49,28.28
boltz2,msa,7QPX,boltz2_msa,input_model_3,0.95,0.881,0.7776,3.67,5.62,0.461,0.5624,0.461,0.7983,1.04,0.48,28.36
boltz2,msa,7QPX,boltz2_msa,input_model_4,0.94,0.8736,0.7618,3.88,6.04,0.4143,0.5223,0.4143,0.7842,1.06,0.48,28.29
boltz2,msa,7QPX,boltz2_msa,input_model_4,0.95,0.8722,0.7599,3.89,6.03,0.4214,0.5222,0.4214,0.7824,1.06,0.46,28.21
boltz2,msa,7QPX,boltz2_msa,input_model_4,0.95,0.8639,0.7434,4.13,6.45,0.3753,0.4842,0.3753,0.7675,1.04,0.45,28.08
chai1,no_msa,7QPX,chai1,pred.model_idx_2,69.91,0.5108,0.0963,0.0,0.0,0.0,0.0,0.0,0.1792,1.14,8.84,25.76
chai1,no_msa,7QPX,chai1,pred.model_idx_1,70.09,0.5114,0.0951,0.0,0.0,0.0,0.0,0.0,0.1784,1.11,13.15,25.57
chai1,no_msa,7QPX,chai1,pred.model_idx_1,69.72,0.5109,0.0941,0.0,0.0,0.0,0.0,0.0,0.1775,1.17,13.81,25.29
chai1,no_msa,7QPX,chai1,pred.model_idx_3,70.14,0.5107,0.0942,0.0,0.0,0.0,0.0,0.0,0.1775,1.24,6.67,26.53
chai1,no_msa,7QPX,chai1,pred.model_idx_3,69.85,0.5115,0.0939,0.0,0.0,0.0,0.0,0.0,0.1774,1.22,7.2,27.89
chai1,no_msa,7QPX,chai1,pred.model_idx_0,70.63,0.5131,0.0934,0.0,0.0,0.0,0.0,0.0,0.1773,1.19,5.76,30.98
chai1,no_msa,7QPX,chai1,pred.model_idx_4,69.85,0.5103,0.0938,0.0,0.0,0.0,0.0,0.0,0.1771,1.2,12.04,25.26
chai1,no_msa,7QPX,chai1,pred.model_idx_4,70.45,0.5115,0.0935,0.0,0.0,0.0,0.0,0.0,0.1771,1.21,9.47,26.68
chai1,no_msa,7QPX,chai1,pred.model_idx_0,70.7,0.5123,0.0927,0.0,0.0,0.0,0.0,0.0,0.1766,1.12,10.58,28.03
chai1,no_msa,7QPX,chai1,pred.model_idx_4,69.96,0.51,0.0912,0.0,0.0,0.0,0.0,0.0,0.175,1.18,5.42,27.49
chai1,no_msa,7QPX,chai1,pred.model_idx_1,70.65,0.5099,0.0901,0.0,0.0,0.0,0.0,0.0,0.1741,1.21,6.76,28.89
chai1,no_msa,7QPX,chai1,pred.model_idx_4,70.13,0.5104,0.09,0.0,0.0,0.0,0.0,0.0,0.1741,1.16,11.93,27.67
chai1,no_msa,7QPX,chai1,pred.model_idx_3,69.47,0.5084,0.0899,0.0,0.0,0.0,0.0,0.0,0.1736,1.11,13.19,25.12
chai1,no_msa,7QPX,chai1,pred.model_idx_1,69.83,0.51,0.0892,0.0,0.0,0.0,0.0,0.0,0.1734,1.22,14.55,27.31
chai1,no_msa,7QPX,chai1,pred.model_idx_2,69.93,0.5115,0.0887,0.0,0.0,0.0,0.0,0.0,0.1733,1.18,7.25,30.6
chai1,no_msa,7QPX,chai1,pred.model_idx_2,69.92,0.5101,0.0891,0.0,0.0,0.0,0.0,0.0,0.1733,1.25,6.52,30.94
chai1,no_msa,7QPX,chai1,pred.model_idx_2,69.64,0.5096,0.089,0.0,0.0,0.0,0.0,0.0,0.1731,1.18,13.42,25.2
chai1,no_msa,7QPX,chai1,pred.model_idx_3,69.95,0.5103,0.0885,0.0,0.0,0.0,0.0,0.0,0.1729,1.22,5.84,29.78
chai1,no_msa,7QPX,chai1,pred.model_idx_3,69.85,0.5085,0.0888,0.0,0.0,0.0,0.0,0.0,0.1727,1.17,10.28,26.18
chai1,no_msa,7QPX,chai1,pred.model_idx_0,69.99,0.509,0.0881,0.0,0.0,0.0,0.0,0.0,0.1723,1.28,7.73,28.05
chai1,no_msa,7QPX,chai1,pred.model_idx_1,70.63,0.5091,0.0879,0.0,0.0,0.0,0.0,0.0,0.1721,1.22,8.56,28.14
chai1,no_msa,7QPX,chai1,pred.model_idx_0,69.91,0.5098,0.0877,0.0,0.0,0.0,0.0,0.0,0.1721,1.21,9.48,29.24
chai1,no_msa,7QPX,chai1,pred.model_idx_0,70.2,0.5086,0.0879,0.0,0.0,0.0,0.0,0.0,0.172,1.26,6.23,28.96
chai1,no_msa,7QPX,chai1,pred.model_idx_4,69.44,0.5085,0.0867,0.0,0.0,0.0,0.0,0.0,0.1711,1.18,13.37,30.94
chai1,no_msa,7QPX,chai1,pred.model_idx_2,69.7,0.5084,0.0862,0.0,0.0,0.0,0.0,0.0,0.1706,1.2,12.4,29.4
colabfold,msa,7QPX,colabfold,complex_unrelaxed_rank_001_alphafold2_multimer_v3_model_3_seed_002,89.98,0.81,0.72,5.02,6.82,0.4957,0.5221,0.4957,0.738,1.32,0.8,3.63
colabfold,msa,7QPX,colabfold,complex_unrelaxed_rank_002_alphafold2_multimer_v3_model_3_seed_000,84.22,0.7,0.49,7.93,12.36,0.0716,0.1956,0.0716,0.532,1.1,0.73,3.08
colabfold,msa,7QPX,colabfold,complex_unrelaxed_rank_003_alphafold2_multimer_v3_model_2_seed_003,79.38,0.56,0.21,10.4,17.08,0.0,0.0443,0.0,0.28,0.97,0.8,36.35
colabfold,msa,7QPX,colabfold,complex_unrelaxed_rank_004_alphafold2_multimer_v3_model_1_seed_001,76.38,0.57,0.2,10.84,18.24,0.0,0.0251,0.0,0.274,1.06,0.72,27.45
colabfold,msa,7QPX,colabfold,complex_unrelaxed_rank_006_alphafold2_multimer_v3_model_2_seed_000,80.85,0.56,0.19,10.79,18.39,0.0,0.023,0.0,0.264,0.99,0.66,35.87
colabfold,msa,7QPX,colabfold,complex_unrelaxed_rank_005_alphafold2_multimer_v3_model_5_seed_004,76.8,0.55,0.19,11.16,18.92,0.0,0.0128,0.0,0.262,0.94,0.75,34.49
colabfold,msa,7QPX,colabfold,complex_unrelaxed_rank_007_alphafold2_multimer_v3_model_4_seed_002,75.56,0.55,0.18,11.31,19.1,0.0,0.0168,0.0,0.254,1.05,1.01,29.9
colabfold,msa,7QPX,colabfold,complex_unrelaxed_rank_008_alphafold2_multimer_v3_model_4_seed_000,76.35,0.56,0.17,11.17,19.05,0.0,0.021,0.0,0.248,1.04,0.71,31.4
colabfold,msa,7QPX,colabfold,complex_unrelaxed_rank_009_alphafold2_multimer_v3_model_3_seed_003,76.32,0.55,0.17,11.72,19.8,0.0,0.0081,0.0,0.246,1.14,0.74,35.98
colabfold,msa,7QPX,colabfold,complex_unrelaxed_rank_010_alphafold2_multimer_v3_model_1_seed_003,75.99,0.55,0.17,11.36,19.42,0.0,0.0129,0.0,0.246,1.12,0.76,21.9
colabfold,msa,7QPX,colabfold,complex_unrelaxed_rank_011_alphafold2_multimer_v3_model_1_seed_002,75.26,0.55,0.16,11.41,19.48,0.0,0.0128,0.0,0.238,1.16,0.73,22.84
colabfold,msa,7QPX,colabfold,complex_unrelaxed_rank_012_alphafold2_multimer_v3_model_1_seed_000,75.17,0.55,0.16,11.46,19.67,0.0,0.0144,0.0,0.238,1.12,0.78,23.28
colabfold,msa,7QPX,colabfold,complex_unrelaxed_rank_013_alphafold2_multimer_v3_model_3_seed_001,76.1,0.55,0.16,11.87,20.15,0.0,0.0107,0.0,0.238,1.16,0.75,27.95
colabfold,msa,7QPX,colabfold,complex_unrelaxed_rank_014_alphafold2_multimer_v3_model_1_seed_004,75.21,0.55,0.16,11.63,19.97,0.0,0.0115,0.0,0.238,1.18,0.76,8.71
colabfold,msa,7QPX,colabfold,complex_unrelaxed_rank_015_alphafold2_multimer_v3_model_5_seed_002,74.77,0.54,0.16,11.91,20.26,0.0,0.0051,0.0,0.236,1.02,0.79,35.57
colabfold,msa,7QPX,colabfold,complex_unrelaxed_rank_016_alphafold2_multimer_v3_model_5_seed_000,75.18,0.54,0.15,11.83,20.16,0.0,0.005,0.0,0.228,1.04,0.75,35.38
colabfold,msa,7QPX,colabfold,complex_unrelaxed_rank_017_alphafold2_multimer_v3_model_5_seed_003,74.57,0.54,0.15,11.93,20.19,0.0,0.0027,0.0,0.228,1.05,0.77,35.88
colabfold,msa,7QPX,colabfold,complex_unrelaxed_rank_018_alphafold2_multimer_v3_model_5_seed_001,74.84,0.54,0.15,11.96,20.24,0.0,0.0027,0.0,0.228,1.0,0.75,35.34
colabfold,msa,7QPX,colabfold,complex_unrelaxed_rank_019_alphafold2_multimer_v3_model_4_seed_003,65.13,0.45,0.13,13.8,21.88,0.0,0.0,0.0,0.194,1.01,4.08,28.16
colabfold,msa,7QPX,colabfold,complex_unrelaxed_rank_020_alphafold2_multimer_v3_model_4_seed_004,65.41,0.45,0.13,13.63,21.69,0.0,0.0,0.0,0.194,1.04,3.74,29.63
colabfold,msa,7QPX,colabfold,complex_unrelaxed_rank_021_alphafold2_multimer_v3_model_4_seed_001,66.72,0.45,0.12,13.57,22.0,0.0,0.0,0.0,0.186,1.04,3.93,22.58
colabfold,msa,7QPX,colabfold,complex_unrelaxed_rank_022_alphafold2_multimer_v3_model_3_seed_004,61.69,0.44,0.11,14.6,22.1,0.0,0.0,0.0,0.176,1.15,4.83,33.09
colabfold,msa,7QPX,colabfold,complex_unrelaxed_rank_025_alphafold2_multimer_v3_model_2_seed_002,63.37,0.46,0.08,15.47,24.11,0.0,0.0,0.0,0.156,0.95,4.56,17.7
colabfold,msa,7QPX,colabfold,complex_unrelaxed_rank_023_alphafold2_multimer_v3_model_2_seed_004,59.96,0.45,0.08,15.84,23.75,0.0,0.0,0.0,0.154,0.99,4.77,30.72
colabfold,msa,7QPX,colabfold,complex_unrelaxed_rank_024_alphafold2_multimer_v3_model_2_seed_001,62.41,0.45,0.08,15.7,24.13,0.0,0.0,0.0,0.154,1.0,4.7,25.66
colabfold,no_msa,7QPX,colabfold_nomsa,complex_unrelaxed_rank_001_alphafold2_multimer_v3_model_3_seed_001,43.1,0.34,0.21,16.98,20.2,0.0027,0.0203,0.0027,0.236,4.91,15.25,38.08
colabfold,no_msa,7QPX,colabfold_nomsa,complex_unrelaxed_rank_002_alphafold2_multimer_v3_model_4_seed_002,47.94,0.37,0.17,16.23,19.74,0.0051,0.0053,0.0051,0.21,4.16,14.93,36.23
colabfold,no_msa,7QPX,colabfold_nomsa,complex_unrelaxed_rank_003_alphafold2_multimer_v3_model_5_seed_003,43.27,0.34,0.17,17.01,20.51,0.0056,0.0083,0.0056,0.204,4.2,14.57,36.92
colabfold,no_msa,7QPX,colabfold_nomsa,complex_unrelaxed_rank_004_alphafold2_multimer_v3_model_5_seed_004,43.15,0.34,0.15,17.19,21.04,0.0025,0.0051,0.0025,0.188,4.92,14.64,36.62
colabfold,no_msa,7QPX,colabfold_nomsa,complex_unrelaxed_rank_005_alphafold2_multimer_v3_model_5_seed_001,43.55,0.34,0.15,17.23,21.11,0.0,0.0056,0.0,0.188,5.01,14.64,37.21
colabfold,no_msa,7QPX,colabfold_nomsa,complex_unrelaxed_rank_007_alphafold2_multimer_v3_model_4_seed_004,42.33,0.3,0.13,18.24,22.48,0.0,0.0,0.0,0.164,4.32,15.36,35.53
colabfold,no_msa,7QPX,colabfold_nomsa,complex_unrelaxed_rank_006_alphafold2_multimer_v3_model_3_seed_004,40.57,0.29,0.13,17.85,21.51,0.0,0.0,0.0,0.162,5.16,14.5,37.0
colabfold,no_msa,7QPX,colabfold_nomsa,complex_unrelaxed_rank_008_alphafold2_multimer_v3_model_3_seed_003,40.27,0.29,0.13,18.0,21.72,0.0,0.0,0.0,0.162,5.18,14.21,37.62
colabfold,no_msa,7QPX,colabfold_nomsa,complex_unrelaxed_rank_009_alphafold2_multimer_v3_model_4_seed_000,39.96,0.3,0.12,18.59,22.85,0.0,0.0,0.0,0.156,5.27,15.5,37.36
colabfold,no_msa,7QPX,colabfold_nomsa,complex_unrelaxed_rank_010_alphafold2_multimer_v3_model_4_seed_003,39.42,0.27,0.12,18.72,22.55,0.0,0.0,0.0,0.15,4.32,15.41,37.4
colabfold,no_msa,7QPX,colabfold_nomsa,complex_unrelaxed_rank_013_alphafold2_multimer_v3_model_1_seed_000,37.97,0.26,0.11,18.9,23.03,0.0,0.0,0.0,0.14,5.67,15.53,37.93
colabfold,no_msa,7QPX,colabfold_nomsa,complex_unrelaxed_rank_014_alphafold2_multimer_v3_model_1_seed_004,38.47,0.26,0.11,18.9,23.24,0.0,0.0,0.0,0.14,5.46,15.23,37.88
colabfold,no_msa,7QPX,colabfold_nomsa,complex_unrelaxed_rank_011_alphafold2_multimer_v3_model_1_seed_002,36.29,0.25,0.11,19.35,23.04,0.0,0.0,0.0,0.138,10.67,16.37,31.03
colabfold,no_msa,7QPX,colabfold_nomsa,complex_unrelaxed_rank_012_alphafold2_multimer_v3_model_4_seed_001,38.08,0.25,0.11,19.14,23.1,0.0,0.0,0.0,0.138,4.31,15.17,37.11
colabfold,no_msa,7QPX,colabfold_nomsa,complex_unrelaxed_rank_024_alphafold2_multimer_v3_model_2_seed_001,48.73,0.4,0.07,18.5,25.28,0.0,0.0,0.0,0.136,1.2,14.34,27.91
colabfold,no_msa,7QPX,colabfold_nomsa,complex_unrelaxed_rank_015_alphafold2_multimer_v3_model_3_seed_000,35.58,0.23,0.11,19.29,23.08,0.0,0.0,0.0,0.134,4.96,13.34,35.61
colabfold,no_msa,7QPX,colabfold_nomsa,complex_unrelaxed_rank_018_alphafold2_multimer_v3_model_1_seed_003,39.19,0.27,0.1,19.08,23.7,0.0,0.0,0.0,0.134,5.78,13.01,34.85
colabfold,no_msa,7QPX,colabfold_nomsa,complex_unrelaxed_rank_017_alphafold2_multimer_v3_model_3_seed_002,36.18,0.25,0.1,19.31,23.22,0.0,0.0,0.0,0.13,5.08,14.48,36.68
colabfold,no_msa,7QPX,colabfold_nomsa,complex_unrelaxed_rank_016_alphafold2_multimer_v3_model_2_seed_002,34.17,0.23,0.1,20.23,23.99,0.0,0.0,0.0,0.126,5.8,14.74,38.88
colabfold,no_msa,7QPX,colabfold_nomsa,complex_unrelaxed_rank_020_alphafold2_multimer_v3_model_5_seed_002,35.25,0.24,0.09,19.6,23.66,0.0,0.0,0.0,0.12,4.9,15.47,36.9
colabfold,no_msa,7QPX,colabfold_nomsa,complex_unrelaxed_rank_022_alphafold2_multimer_v3_model_2_seed_004,35.17,0.24,0.09,20.19,24.53,0.0,0.0,0.0,0.12,5.71,14.94,38.25
colabfold,no_msa,7QPX,colabfold_nomsa,complex_unrelaxed_rank_025_alphafold2_multimer_v3_model_2_seed_000,46.46,0.36,0.06,18.91,25.43,0.0,0.0,0.0,0.12,1.36,16.31,24.25
colabfold,no_msa,7QPX,colabfold_nomsa,complex_unrelaxed_rank_021_alphafold2_multimer_v3_model_1_seed_001,35.66,0.22,0.09,19.69,23.79,0.0,0.0,0.0,0.116,5.65,14.56,36.86
colabfold,no_msa,7QPX,colabfold_nomsa,complex_unrelaxed_rank_019_alphafold2_multimer_v3_model_2_seed_003,34.67,0.21,0.09,20.24,24.42,0.0,0.0,0.0,0.114,4.86,13.63,38.26
colabfold,no_msa,7QPX,colabfold_nomsa,complex_unrelaxed_rank_023_alphafold2_multimer_v3_model_5_seed_000,35.53,0.22,0.07,20.1,24.79,0.0,0.0,0.0,0.1,4.29,13.94,36.94
esmfold2,no_msa,7QPX,esmfold2,output_seed456_esmfold2_pred,70.97,0.5489,0.3518,12.12,17.18,0.0,0.0026,0.0,0.3912,1.08,2.41,3.24
esmfold2,no_msa,7QPX,esmfold2,output_seed123_esmfold2_pred,49.44,0.4412,0.0886,17.88,24.04,0.0,0.0,0.0,0.1591,1.14,15.02,32.06
esmfold2,no_msa,7QPX,esmfold2,output_esmfold2_pred,67.97,0.4362,0.0886,15.11,23.58,0.0,0.0,0.0,0.1581,1.09,2.64,35.59
esmfold2,no_msa,7QPX,esmfold2,output_seed1024_esmfold2_pred,49.06,0.4323,0.0836,18.35,24.63,0.0,0.0,0.0,0.1533,1.17,13.65,34.78
esmfold2,no_msa,7QPX,esmfold2,output_seed789_esmfold2_pred,47.69,0.4324,0.0818,18.58,24.54,0.0,0.0,0.0,0.1519,1.1,15.19,33.86
af2m,msa,7QZD,af2m,ranked_0,93.75,0.8731,0.8308,3.58,4.53,0.785,0.7806,0.7806,0.8393,1.09,0.27,29.37
af2m,msa,7QZD,af2m,ranked_1,93.28,0.8672,0.8291,3.63,4.62,0.7404,0.7786,0.7404,0.8367,1.15,0.29,29.14
af2m,msa,7QZD,af2m,ranked_2,93.1,0.8639,0.8256,3.69,4.72,0.7296,0.7726,0.7296,0.8333,1.12,0.28,29.21
af2m,msa,7QZD,af2m,ranked_3,93.55,0.8681,0.8201,3.68,4.7,0.758,0.7563,0.7563,0.8297,1.07,0.28,29.46
af2m,msa,7QZD,af2m,ranked_4,93.41,0.866,0.8183,3.73,4.76,0.7546,0.7517,0.7517,0.8278,1.06,0.28,29.45
af2m,msa,7QZD,af2m,ranked_5,93.54,0.8634,0.8147,3.68,4.68,0.7471,0.7649,0.7471,0.8244,1.0,0.28,29.31
af2m,msa,7QZD,af2m,ranked_6,91.95,0.8392,0.7802,4.21,5.67,0.5843,0.661,0.5843,0.792,1.11,0.29,29.17
af2m,msa,7QZD,af2m,ranked_7,79.06,0.5578,0.1637,11.13,19.39,0.0,0.0084,0.0,0.2425,1.26,0.33,32.47
af2m,msa,7QZD,af2m,ranked_8,80.88,0.5563,0.1624,11.04,19.19,0.0,0.0052,0.0,0.2412,1.39,0.32,35.84
af2m,msa,7QZD,af2m,ranked_9,84.14,0.5481,0.1554,11.37,19.71,0.0,0.0082,0.0,0.2339,1.24,0.37,46.56
af2m,msa,7QZD,af2m,ranked_10,84.09,0.5494,0.1547,11.45,19.9,0.0,0.0057,0.0,0.2336,1.24,0.37,46.68
af2m,msa,7QZD,af2m,ranked_11,83.85,0.5479,0.1501,11.58,20.16,0.0,0.0056,0.0,0.2297,1.26,0.38,46.21
af2m,msa,7QZD,af2m,ranked_12,84.14,0.5453,0.1464,11.56,20.15,0.0,0.008,0.0,0.2262,1.25,0.37,46.23
af2m,msa,7QZD,af2m,ranked_13,84.25,0.5438,0.1463,11.56,20.12,0.0,0.0051,0.0,0.2258,1.24,0.36,45.7
af2m,msa,7QZD,af2m,ranked_14,83.53,0.541,0.1372,11.85,20.76,0.0,0.0,0.0,0.218,1.25,0.38,40.6
af2m,msa,7QZD,af2m,ranked_15,84.23,0.5392,0.1328,12.03,21.1,0.0,0.0026,0.0,0.2141,1.28,0.36,42.3
af2m,msa,7QZD,af2m,ranked_16,84.25,0.5381,0.1319,12.05,21.16,0.0,0.0,0.0,0.2131,1.33,0.38,43.24
af2m,msa,7QZD,af2m,ranked_17,83.18,0.5254,0.1046,12.84,22.77,0.0,0.0,0.0,0.1888,1.27,0.43,43.44
af2m,msa,7QZD,af2m,ranked_18,78.73,0.511,0.0969,13.07,22.88,0.0,0.0,0.0,0.1797,1.21,0.48,36.39
af2m,msa,7QZD,af2m,ranked_19,77.86,0.5076,0.0825,13.66,24.06,0.0,0.0,0.0,0.1675,1.17,0.42,31.9
af2m,msa,7QZD,af2m,ranked_20,76.12,0.5045,0.0825,13.36,23.36,0.0,0.0,0.0,0.1669,1.18,0.56,33.39
af2m,msa,7QZD,af2m,ranked_21,77.52,0.5085,0.0813,13.41,23.72,0.0,0.0,0.0,0.1667,1.09,0.42,32.97
af2m,msa,7QZD,af2m,ranked_22,77.57,0.5054,0.0716,13.68,24.26,0.0,0.0,0.0,0.1584,1.03,0.48,33.67
af2m,msa,7QZD,af2m,ranked_23,76.54,0.4944,0.0691,14.04,24.71,0.0,0.0,0.0,0.1542,1.14,0.5,34.86
af2m,msa,7QZD,af2m,ranked_24,77.05,0.4997,0.067,14.02,24.79,0.0,0.0,0.0,0.1535,1.37,0.5,21.6
af3,msa,7QZD,af3,seed-1024_sample-0,92.39,0.9,0.87,3.09,3.7,0.8569,0.8365,0.8365,0.876,0.9,0.31,0.86
af3,msa,7QZD,af3,seed-1024_sample-1,92.74,0.9,0.87,2.96,3.55,0.8555,0.8432,0.8432,0.876,1.19,0.33,0.89
af3,msa,7QZD,af3,seed-1024_sample-2,92.44,0.9,0.87,3.14,3.77,0.8551,0.8352,0.8352,0.876,0.81,0.35,0.69
af3,msa,7QZD,af3,seed-1024_sample-3,92.61,0.9,0.87,3.02,3.62,0.854,0.8397,0.8397,0.876,1.17,0.31,0.82
af3,msa,7QZD,af3,seed-123_sample-0,92.38,0.9,0.87,3.06,3.67,0.8513,0.84,0.84,0.876,1.08,0.3,0.49
af3,msa,7QZD,af3,seed-123_sample-4,92.44,0.9,0.87,3.14,3.77,0.8541,0.8358,0.8358,0.876,0.85,0.37,0.71
af3,msa,7QZD,af3,seed-42_sample-0,92.65,0.9,0.87,3.01,3.62,0.8614,0.8413,0.8413,0.876,0.83,0.35,0.79
af3,msa,7QZD,af3,seed-42_sample-1,92.22,0.9,0.87,3.12,3.75,0.8583,0.8364,0.8364,0.876,0.88,0.34,0.69
af3,msa,7QZD,af3,seed-42_sample-3,92.75,0.9,0.87,2.96,3.54,0.8579,0.8414,0.8414,0.876,1.2,0.32,0.8
af3,msa,7QZD,af3,seed-42_sample-4,92.68,0.9,0.87,3.02,3.62,0.8644,0.8441,0.8441,0.876,0.74,0.27,0.64
af3,msa,7QZD,af3,seed-456_sample-1,92.7,0.9,0.87,2.98,3.58,0.857,0.8416,0.8416,0.876,1.16,0.32,0.77
af3,msa,7QZD,af3,seed-456_sample-2,92.49,0.9,0.87,3.07,3.69,0.8552,0.8372,0.8372,0.876,0.89,0.38,0.72
af3,msa,7QZD,af3,seed-456_sample-3,92.4,0.9,0.87,3.05,3.67,0.8605,0.8377,0.8377,0.876,0.8,0.39,1.01
af3,msa,7QZD,af3,seed-456_sample-4,92.23,0.9,0.87,3.16,3.8,0.859,0.8341,0.8341,0.876,0.7,0.3,0.52
af3,msa,7QZD,af3,seed-789_sample-0,92.37,0.9,0.87,3.13,3.76,0.8536,0.8398,0.8398,0.876,0.8,0.3,0.57
af3,msa,7QZD,af3,seed-789_sample-4,92.43,0.9,0.87,3.16,3.8,0.8521,0.8356,0.8356,0.876,0.76,0.3,0.56
af3,msa,7QZD,af3,seed-1024_sample-4,92.28,0.9,0.86,3.12,3.74,0.8533,0.8348,0.8348,0.868,0.88,0.35,0.73
af3,msa,7QZD,af3,seed-123_sample-1,92.54,0.9,0.86,3.05,3.66,0.8465,0.8349,0.8349,0.868,1.1,0.34,0.7
af3,msa,7QZD,af3,seed-123_sample-2,92.22,0.9,0.86,3.21,3.86,0.8498,0.8266,0.8266,0.868,0.74,0.38,0.78
af3,msa,7QZD,af3,seed-123_sample-3,92.27,0.9,0.86,3.18,3.82,0.8521,0.8371,0.8371,0.868,0.82,0.36,0.85
af3,msa,7QZD,af3,seed-42_sample-2,92.69,0.9,0.86,3.02,3.62,0.8514,0.8369,0.8369,0.868,1.18,0.33,0.93
af3,msa,7QZD,af3,seed-456_sample-0,92.47,0.9,0.86,3.04,3.64,0.8535,0.8434,0.8434,0.868,1.1,0.35,0.68
af3,msa,7QZD,af3,seed-789_sample-1,92.2,0.9,0.86,3.16,3.79,0.8509,0.8323,0.8323,0.868,0.98,0.32,0.81
af3,msa,7QZD,af3,seed-789_sample-2,92.45,0.9,0.86,3.06,3.67,0.8523,0.833,0.833,0.868,1.09,0.32,0.63
af3,msa,7QZD,af3,seed-789_sample-3,92.0,0.9,0.86,3.25,3.91,0.8474,0.8309,0.8309,0.868,0.88,0.33,0.72
af3,no_msa,7QZD,af3_nomsa,seed-42_sample-4,62.86,0.52,0.33,14.43,20.31,0.0,0.0,0.0,0.368,1.03,3.07,38.6
af3,no_msa,7QZD,af3_nomsa,seed-456_sample-3,61.37,0.48,0.25,14.25,20.52,0.0092,0.0048,0.0048,0.296,3.12,3.81,32.1
af3,no_msa,7QZD,af3_nomsa,seed-789_sample-2,61.95,0.53,0.21,14.68,20.42,0.0028,0.0032,0.0028,0.274,1.46,10.04,27.29
af3,no_msa,7QZD,af3_nomsa,seed-1024_sample-3,60.65,0.47,0.21,16.54,23.61,0.0,0.0031,0.0,0.262,3.21,9.25,41.64
af3,no_msa,7QZD,af3_nomsa,seed-123_sample-2,64.0,0.48,0.18,15.16,22.13,0.0,0.0028,0.0,0.24,1.28,9.05,45.84
af3,no_msa,7QZD,af3_nomsa,seed-789_sample-0,63.09,0.48,0.18,16.58,24.3,0.0,0.0027,0.0,0.24,1.39,9.3,49.77
af3,no_msa,7QZD,af3_nomsa,seed-42_sample-1,62.55,0.5,0.17,15.2,21.39,0.0,0.0,0.0,0.236,1.48,9.0,38.86
af3,no_msa,7QZD,af3_nomsa,seed-42_sample-0,62.47,0.49,0.16,15.25,21.66,0.0,0.0,0.0,0.226,1.52,8.88,38.35
af3,no_msa,7QZD,af3_nomsa,seed-42_sample-3,62.4,0.49,0.16,15.31,21.6,0.0,0.0,0.0,0.226,1.28,8.7,39.37
af3,no_msa,7QZD,af3_nomsa,seed-1024_sample-0,61.18,0.48,0.16,14.91,21.25,0.0,0.0,0.0,0.224,3.46,8.56,38.35
af3,no_msa,7QZD,af3_nomsa,seed-1024_sample-4,61.78,0.46,0.16,15.86,22.97,0.0,0.0,0.0,0.22,3.13,8.9,37.36
af3,no_msa,7QZD,af3_nomsa,seed-1024_sample-1,60.12,0.47,0.15,15.41,21.7,0.0,0.0,0.0,0.214,3.26,8.97,37.76
af3,no_msa,7QZD,af3_nomsa,seed-456_sample-0,60.97,0.46,0.15,15.94,22.39,0.0,0.0,0.0,0.212,2.77,9.09,38.95
af3,no_msa,7QZD,af3_nomsa,seed-789_sample-3,60.79,0.48,0.14,16.11,22.63,0.0,0.0,0.0,0.208,1.25,9.08,30.82
af3,no_msa,7QZD,af3_nomsa,seed-123_sample-0,61.41,0.46,0.14,15.82,22.24,0.0,0.0,0.0,0.204,3.26,8.69,38.31
af3,no_msa,7QZD,af3_nomsa,seed-123_sample-3,60.51,0.45,0.14,16.49,23.34,0.0,0.0,0.0,0.202,2.96,8.98,40.59
af3,no_msa,7QZD,af3_nomsa,seed-456_sample-1,60.16,0.45,0.14,16.14,22.89,0.0,0.0,0.0,0.202,3.13,11.34,40.66
af3,no_msa,7QZD,af3_nomsa,seed-789_sample-4,59.86,0.48,0.13,16.21,22.68,0.0,0.0,0.0,0.2,1.83,9.48,38.95
af3,no_msa,7QZD,af3_nomsa,seed-42_sample-2,59.59,0.47,0.13,16.67,23.41,0.0,0.0,0.0,0.198,1.12,9.4,43.38
af3,no_msa,7QZD,af3_nomsa,seed-789_sample-1,61.07,0.47,0.13,15.97,22.72,0.0,0.0,0.0,0.198,1.38,9.44,38.32
af3,no_msa,7QZD,af3_nomsa,seed-1024_sample-2,60.67,0.45,0.13,15.69,22.66,0.0,0.0,0.0,0.194,3.05,9.1,29.97
af3,no_msa,7QZD,af3_nomsa,seed-123_sample-1,59.47,0.45,0.13,16.52,23.12,0.0028,0.0,0.0,0.194,3.03,9.81,45.42
af3,no_msa,7QZD,af3_nomsa,seed-123_sample-4,61.01,0.45,0.12,16.21,22.9,0.0,0.0,0.0,0.186,3.26,8.95,38.53
af3,no_msa,7QZD,af3_nomsa,seed-456_sample-2,60.56,0.44,0.1,16.91,24.11,0.0,0.0,0.0,0.168,3.22,9.04,39.09
af3,no_msa,7QZD,af3_nomsa,seed-456_sample-4,61.35,0.44,0.1,16.85,24.29,0.0,0.0,0.0,0.168,3.19,9.1,32.33
boltz1,no_msa,7QZD,boltz1,input_model_0,0.79,0.6975,0.5112,7.37,10.75,0.2237,0.2472,0.2237,0.5485,1.68,8.47,37.08
boltz1,no_msa,7QZD,boltz1,input_model_1,0.78,0.6587,0.4371,7.74,11.28,0.2005,0.1981,0.1981,0.4814,1.7,8.45,36.48
boltz1,no_msa,7QZD,boltz1,input_model_0,0.82,0.674,0.4209,7.29,11.11,0.1353,0.262,0.1353,0.4715,1.49,8.58,42.53
boltz1,no_msa,7QZD,boltz1,input_model_1,0.81,0.6456,0.3774,8.36,12.84,0.0633,0.1718,0.0633,0.431,1.49,8.67,42.87
boltz1,no_msa,7QZD,boltz1,input_model_0,0.82,0.6406,0.3712,8.39,12.79,0.0659,0.1782,0.0659,0.4251,1.58,8.8,42.62
boltz1,no_msa,7QZD,boltz1,input_model_1,0.81,0.6402,0.364,8.42,13.03,0.0591,0.1597,0.0591,0.4192,1.48,8.62,42.79
boltz1,no_msa,7QZD,boltz1,input_model_1,0.79,0.626,0.3515,8.39,12.81,0.0879,0.1498,0.0879,0.4064,1.73,8.74,41.96
boltz1,no_msa,7QZD,boltz1,input_model_0,0.82,0.634,0.3469,8.53,13.31,0.0523,0.1765,0.0523,0.4043,1.66,8.61,42.35
boltz1,no_msa,7QZD,boltz1,input_model_0,0.82,0.6329,0.3327,8.09,12.82,0.053,0.2353,0.053,0.3927,1.68,8.47,40.28
boltz1,no_msa,7QZD,boltz1,input_model_2,0.78,0.6095,0.311,8.48,12.9,0.1378,0.1289,0.1289,0.3707,1.75,8.74,36.6
boltz1,no_msa,7QZD,boltz1,input_model_2,0.79,0.5577,0.2861,9.83,15.82,0.1103,0.1252,0.1103,0.3404,1.64,8.71,36.78
boltz1,no_msa,7QZD,boltz1,input_model_2,0.79,0.582,0.2644,10.21,16.2,0.0175,0.0599,0.0175,0.3279,1.57,8.53,42.43
boltz1,no_msa,7QZD,boltz1,input_model_3,0.77,0.555,0.2656,10.33,16.22,0.0572,0.0798,0.0572,0.3235,1.6,8.71,36.7
boltz1,no_msa,7QZD,boltz1,input_model_1,0.77,0.5366,0.2516,10.99,17.61,0.0448,0.0731,0.0448,0.3086,1.5,8.85,37.21
boltz1,no_msa,7QZD,boltz1,input_model_3,0.79,0.561,0.2366,9.63,15.62,0.0504,0.0901,0.0504,0.3015,1.67,8.73,36.78
boltz1,no_msa,7QZD,boltz1,input_model_3,0.76,0.5527,0.2177,11.17,17.99,0.0151,0.0325,0.0151,0.2847,1.66,8.59,36.69
boltz1,no_msa,7QZD,boltz1,input_model_4,0.77,0.523,0.2031,11.12,18.04,0.0311,0.051,0.0311,0.2671,1.65,8.85,36.67
boltz1,no_msa,7QZD,boltz1,input_model_4,0.78,0.5277,0.1898,11.08,17.98,0.0344,0.0508,0.0344,0.2574,1.7,8.68,38.66
boltz1,no_msa,7QZD,boltz1,input_model_2,0.77,0.522,0.1831,11.45,18.62,0.0242,0.0437,0.0242,0.2509,1.68,8.76,37.25
boltz1,no_msa,7QZD,boltz1,input_model_4,0.77,0.5164,0.1759,11.65,18.93,0.0255,0.0433,0.0255,0.244,1.69,8.79,37.34
boltz1,no_msa,7QZD,boltz1,input_model_2,0.78,0.5384,0.1672,11.71,19.46,0.0198,0.0195,0.0195,0.2414,1.65,8.61,35.56
boltz1,no_msa,7QZD,boltz1,input_model_3,0.76,0.5287,0.1651,11.74,19.31,0.0193,0.0367,0.0193,0.2378,1.7,8.31,36.9
boltz1,no_msa,7QZD,boltz1,input_model_4,0.76,0.517,0.1634,11.85,19.12,0.0129,0.026,0.0129,0.2341,1.6,8.82,36.85
boltz1,no_msa,7QZD,boltz1,input_model_3,0.79,0.5329,0.1537,11.34,18.9,0.0277,0.0673,0.0277,0.2295,1.74,8.4,38.18
boltz1,no_msa,7QZD,boltz1,input_model_4,0.79,0.5392,0.1419,12.32,20.82,0.004,0.0644,0.004,0.2214,1.5,8.7,36.56
boltz1,msa,7QZD,boltz1_msa,input_model_1,0.94,0.9364,0.925,2.73,3.4,0.9291,0.9175,0.9175,0.9273,1.2,0.6,2.52
boltz1,msa,7QZD,boltz1_msa,input_model_0,0.94,0.9375,0.9237,2.59,3.24,0.9279,0.9193,0.9193,0.9265,1.11,0.61,2.59
boltz1,msa,7QZD,boltz1_msa,input_model_1,0.94,0.9347,0.9215,2.71,3.38,0.9254,0.9159,0.9159,0.9241,1.15,0.65,2.76
boltz1,msa,7QZD,boltz1_msa,input_model_2,0.94,0.9328,0.9201,2.71,3.39,0.924,0.9163,0.9163,0.9226,1.11,0.61,2.89
boltz1,msa,7QZD,boltz1_msa,input_model_3,0.93,0.9315,0.9201,2.82,3.52,0.9238,0.9103,0.9103,0.9224,1.32,0.62,2.69
boltz1,msa,7QZD,boltz1_msa,input_model_0,0.94,0.9336,0.9186,2.7,3.38,0.9221,0.9176,0.9176,0.9216,1.13,0.64,2.77
boltz1,msa,7QZD,boltz1_msa,input_model_1,0.93,0.9331,0.9172,2.75,3.42,0.9203,0.9163,0.9163,0.9204,1.13,0.66,2.9
boltz1,msa,7QZD,boltz1_msa,input_model_1,0.94,0.9325,0.9174,2.72,3.4,0.9191,0.9165,0.9165,0.9204,1.16,0.67,3.12
boltz1,msa,7QZD,boltz1_msa,input_model_2,0.93,0.9317,0.9176,2.76,3.44,0.9212,0.9118,0.9118,0.9204,1.27,0.65,2.93
boltz1,msa,7QZD,boltz1_msa,input_model_2,0.94,0.9321,0.9168,2.76,3.45,0.9203,0.9149,0.9149,0.9199,1.17,0.64,3.02
boltz1,msa,7QZD,boltz1_msa,input_model_3,0.93,0.9296,0.9164,2.88,3.6,0.9197,0.9069,0.9069,0.919,1.35,0.66,2.73
boltz1,msa,7QZD,boltz1_msa,input_model_4,0.93,0.9294,0.9158,2.88,3.59,0.9191,0.9088,0.9088,0.9185,1.21,0.65,3.07
boltz1,msa,7QZD,boltz1_msa,input_model_0,0.94,0.9306,0.9144,2.87,3.56,0.9169,0.9129,0.9129,0.9176,1.21,0.71,3.37
boltz1,msa,7QZD,boltz1_msa,input_model_0,0.93,0.928,0.9144,2.96,3.69,0.9173,0.9072,0.9072,0.9171,1.29,0.67,2.97
boltz1,msa,7QZD,boltz1_msa,input_model_3,0.93,0.9284,0.9139,2.94,3.67,0.9168,0.9072,0.9072,0.9168,1.28,0.68,3.18
boltz1,msa,7QZD,boltz1_msa,input_model_1,0.93,0.928,0.9135,3.02,3.74,0.9162,0.9075,0.9075,0.9164,1.27,0.67,2.88
boltz1,msa,7QZD,boltz1_msa,input_model_0,0.94,0.9297,0.9129,2.95,3.66,0.9146,0.9107,0.9107,0.9163,1.23,0.69,3.12
boltz1,msa,7QZD,boltz1_msa,input_model_4,0.93,0.9268,0.9132,3.01,3.75,0.9158,0.905,0.905,0.9159,1.33,0.69,3.21
boltz1,msa,7QZD,boltz1_msa,input_model_2,0.93,0.9279,0.9126,3.01,3.74,0.915,0.9078,0.9078,0.9157,1.28,0.69,3.0
boltz1,msa,7QZD,boltz1_msa,input_model_3,0.93,0.9278,0.9119,2.89,3.61,0.9148,0.9083,0.9083,0.9151,1.26,0.66,3.21
boltz1,msa,7QZD,boltz1_msa,input_model_2,0.94,0.9273,0.9109,3.0,3.71,0.911,0.9088,0.9088,0.9142,1.22,0.72,3.42
boltz1,msa,7QZD,boltz1_msa,input_model_4,0.93,0.926,0.9106,3.04,3.78,0.9128,0.9051,0.9051,0.9137,1.32,0.71,3.2
boltz1,msa,7QZD,boltz1_msa,input_model_4,0.93,0.9247,0.9108,3.12,3.87,0.9124,0.9027,0.9027,0.9136,1.3,0.72,3.22
boltz1,msa,7QZD,boltz1_msa,input_model_3,0.93,0.9245,0.9094,3.07,3.8,0.9051,0.9069,0.9051,0.9124,1.25,0.77,3.52
boltz1,msa,7QZD,boltz1_msa,input_model_4,0.93,0.9243,0.9083,3.14,3.9,0.9087,0.9016,0.9016,0.9115,1.34,0.73,3.28
boltz2,no_msa,7QZD,boltz2,input_model_0,0.87,0.6718,0.4349,9.31,14.26,0.0102,0.0116,0.0102,0.4823,1.19,0.75,24.84
boltz2,no_msa,7QZD,boltz2,input_model_0,0.86,0.6277,0.3586,10.28,15.89,0.0,0.0,0.0,0.4124,1.16,0.6,24.59
boltz2,no_msa,7QZD,boltz2,input_model_0,0.87,0.6308,0.3565,10.4,16.24,0.0,0.0,0.0,0.4114,1.02,0.91,25.24
boltz2,no_msa,7QZD,boltz2,input_model_1,0.86,0.6215,0.3552,10.46,16.25,0.0,0.0,0.0,0.4085,1.08,0.83,25.35
boltz2,no_msa,7QZD,boltz2,input_model_0,0.87,0.6141,0.3381,10.83,16.56,0.0,0.0,0.0,0.3933,1.11,1.09,26.69
boltz2,no_msa,7QZD,boltz2,input_model_1,0.87,0.594,0.2959,11.47,17.72,0.0,0.0,0.0,0.3555,1.09,0.67,24.83
boltz2,no_msa,7QZD,boltz2,input_model_1,0.87,0.5828,0.2746,11.56,18.14,0.0,0.0,0.0,0.3362,1.0,0.55,24.26
boltz2,no_msa,7QZD,boltz2,input_model_2,0.87,0.5751,0.2675,11.8,18.46,0.0,0.0,0.0,0.329,1.06,0.59,24.64
boltz2,no_msa,7QZD,boltz2,input_model_1,0.86,0.5699,0.2629,11.73,18.37,0.0,0.0,0.0,0.3243,1.13,1.06,26.99
boltz2,no_msa,7QZD,boltz2,input_model_0,0.88,0.5633,0.2408,12.21,18.98,0.0,0.0,0.0,0.3053,1.12,0.73,25.42
boltz2,no_msa,7QZD,boltz2,input_model_1,0.86,0.5579,0.2325,12.32,19.01,0.0,0.0,0.0,0.2976,1.43,1.16,27.23
boltz2,no_msa,7QZD,boltz2,input_model_2,0.86,0.5493,0.2163,12.4,19.6,0.0,0.0,0.0,0.2829,1.11,0.54,24.16
boltz2,no_msa,7QZD,boltz2,input_model_3,0.86,0.5123,0.1598,13.28,21.33,0.0,0.0,0.0,0.2303,1.32,0.81,27.38
boltz2,no_msa,7QZD,boltz2,input_model_2,0.87,0.5147,0.1565,13.35,21.23,0.0,0.0,0.0,0.2281,1.07,0.73,27.35
boltz2,no_msa,7QZD,boltz2,input_model_2,0.86,0.511,0.1572,13.27,21.31,0.0,0.0,0.0,0.228,1.17,0.72,28.03
boltz2,no_msa,7QZD,boltz2,input_model_2,0.86,0.5112,0.1563,13.59,21.55,0.0,0.0,0.0,0.2273,1.18,0.61,27.18
boltz2,no_msa,7QZD,boltz2,input_model_3,0.86,0.5021,0.145,13.65,21.6,0.0,0.0,0.0,0.2164,1.16,0.92,28.32
boltz2,no_msa,7QZD,boltz2,input_model_3,0.85,0.5079,0.1372,13.55,21.86,0.0,0.0,0.0,0.2113,1.51,9.66,36.09
boltz2,no_msa,7QZD,boltz2,input_model_3,0.84,0.4962,0.136,14.11,22.4,0.0,0.0,0.0,0.208,1.03,0.61,28.3
boltz2,no_msa,7QZD,boltz2,input_model_4,0.85,0.5024,0.1251,14.03,22.49,0.0,0.0,0.0,0.2006,1.58,0.49,30.75
boltz2,no_msa,7QZD,boltz2,input_model_3,0.86,0.4904,0.1057,14.01,23.07,0.0,0.0,0.0,0.1826,1.49,0.91,33.59
boltz2,no_msa,7QZD,boltz2,input_model_4,0.84,0.4857,0.1033,14.48,23.2,0.0,0.0,0.0,0.1798,1.51,1.66,35.49
boltz2,no_msa,7QZD,boltz2,input_model_4,0.83,0.4871,0.0995,14.71,23.33,0.0,0.0,0.0,0.177,1.33,1.78,32.12
boltz2,no_msa,7QZD,boltz2,input_model_4,0.84,0.4824,0.0909,14.52,23.27,0.0,0.0,0.0,0.1692,1.51,1.59,33.76
boltz2,no_msa,7QZD,boltz2,input_model_4,0.85,0.4807,0.0832,14.63,24.19,0.0,0.0,0.0,0.1627,1.37,1.18,32.22
boltz2,msa,7QZD,boltz2_msa,input_model_0,0.96,0.9698,0.9628,1.81,2.25,0.9645,0.9497,0.9497,0.9642,1.15,0.39,1.33
boltz2,msa,7QZD,boltz2_msa,input_model_2,0.96,0.9692,0.9622,1.84,2.28,0.9639,0.9487,0.9487,0.9636,1.18,0.39,1.17
boltz2,msa,7QZD,boltz2_msa,input_model_1,0.96,0.9679,0.9607,1.88,2.33,0.9619,0.9463,0.9463,0.9621,1.19,0.4,1.36
boltz2,msa,7QZD,boltz2_msa,input_model_3,0.96,0.967,0.9595,1.91,2.37,0.9608,0.945,0.945,0.961,1.1,0.4,1.33
boltz2,msa,7QZD,boltz2_msa,input_model_1,0.96,0.9666,0.959,1.93,2.39,0.9601,0.9436,0.9436,0.9605,1.08,0.4,1.27
boltz2,msa,7QZD,boltz2_msa,input_model_4,0.95,0.9676,0.9583,1.81,2.25,0.9586,0.9471,0.9471,0.9602,1.19,0.4,1.44
boltz2,msa,7QZD,boltz2_msa,input_model_1,0.96,0.9662,0.9585,1.93,2.39,0.9596,0.9433,0.9433,0.96,1.12,0.39,1.29
boltz2,msa,7QZD,boltz2_msa,input_model_2,0.96,0.9662,0.9582,1.92,2.39,0.9592,0.9431,0.9431,0.9598,1.1,0.39,1.31
boltz2,msa,7QZD,boltz2_msa,input_model_2,0.96,0.9656,0.9583,1.98,2.45,0.9593,0.9419,0.9419,0.9598,1.12,0.39,1.3
boltz2,msa,7QZD,boltz2_msa,input_model_3,0.96,0.9653,0.9579,2.0,2.48,0.9587,0.941,0.941,0.9594,1.18,0.41,1.38
boltz2,msa,7QZD,boltz2_msa,input_model_3,0.95,0.9662,0.9567,1.88,2.33,0.9562,0.9435,0.9435,0.9586,1.14,0.39,1.41
boltz2,msa,7QZD,boltz2_msa,input_model_0,0.96,0.9647,0.9567,2.0,2.49,0.9569,0.9403,0.9403,0.9583,0.94,0.4,1.26
boltz2,msa,7QZD,boltz2_msa,input_model_4,0.95,0.9645,0.9545,1.95,2.42,0.9538,0.9413,0.9413,0.9565,1.22,0.41,1.68
boltz2,msa,7QZD,boltz2_msa,input_model_4,0.95,0.9629,0.9546,2.04,2.53,0.9549,0.9375,0.9375,0.9563,1.18,0.4,1.31
boltz2,msa,7QZD,boltz2_msa,input_model_3,0.96,0.9628,0.9546,2.07,2.58,0.9552,0.9361,0.9361,0.9562,0.71,0.4,1.13
boltz2,msa,7QZD,boltz2_msa,input_model_1,0.96,0.9623,0.9539,2.08,2.58,0.9541,0.936,0.936,0.9556,0.93,0.4,1.43
boltz2,msa,7QZD,boltz2_msa,input_model_4,0.95,0.9621,0.9538,2.11,2.62,0.9537,0.9333,0.9333,0.9555,1.14,0.4,1.53
boltz2,msa,7QZD,boltz2_msa,input_model_0,0.96,0.9631,0.9535,1.99,2.48,0.9528,0.9375,0.9375,0.9554,0.99,0.39,1.34
boltz2,msa,7QZD,boltz2_msa,input_model_2,0.96,0.9628,0.953,2.0,2.49,0.9525,0.9382,0.9382,0.955,0.95,0.4,1.31
boltz2,msa,7QZD,boltz2_msa,input_model_0,0.96,0.9624,0.9528,2.04,2.54,0.9521,0.9353,0.9353,0.9547,0.92,0.4,1.2
boltz2,msa,7QZD,boltz2_msa,input_model_0,0.96,0.9623,0.9524,2.02,2.51,0.9519,0.937,0.937,0.9544,1.04,0.4,1.28
boltz2,msa,7QZD,boltz2_msa,input_model_3,0.96,0.9606,0.9525,2.15,2.67,0.9522,0.9317,0.9317,0.9541,1.1,0.39,1.43
boltz2,msa,7QZD,boltz2_msa,input_model_2,0.96,0.9615,0.9522,2.09,2.6,0.9512,0.9344,0.9344,0.9541,0.75,0.39,1.28
boltz2,msa,7QZD,boltz2_msa,input_model_1,0.96,0.959,0.9484,2.14,2.66,0.9469,0.9301,0.9301,0.9505,1.02,0.4,1.31
boltz2,msa,7QZD,boltz2_msa,input_model_4,0.96,0.9561,0.9452,2.24,2.78,0.9431,0.9252,0.9252,0.9474,0.94,0.4,1.26
chai1,no_msa,7QZD,chai1,pred.model_idx_1,86.0,0.7301,0.5416,0.0,0.0,0.0,0.0,0.0,0.5793,1.57,11.01,12.82
chai1,no_msa,7QZD,chai1,pred.model_idx_0,86.05,0.7292,0.5333,0.0,0.0,0.0,0.0,0.0,0.5725,1.49,10.55,11.58
chai1,no_msa,7QZD,chai1,pred.model_idx_2,86.02,0.7295,0.5325,0.0,0.0,0.0,0.0,0.0,0.5719,1.44,11.24,12.65
chai1,no_msa,7QZD,chai1,pred.model_idx_3,85.99,0.7293,0.5301,0.0,0.0,0.0,0.0,0.0,0.5699,1.24,11.1,12.68
chai1,no_msa,7QZD,chai1,pred.model_idx_4,85.99,0.7303,0.5278,0.0,0.0,0.0,0.0,0.0,0.5683,1.57,11.86,13.79
chai1,no_msa,7QZD,chai1,pred.model_idx_2,83.94,0.5953,0.2547,0.0,0.0,0.0,0.0,0.0,0.3228,1.64,11.44,13.01
chai1,no_msa,7QZD,chai1,pred.model_idx_0,83.78,0.5927,0.2526,0.0,0.0,0.0,0.0,0.0,0.3206,1.62,11.53,12.89
chai1,no_msa,7QZD,chai1,pred.model_idx_4,83.61,0.5941,0.2514,0.0,0.0,0.0,0.0,0.0,0.3199,1.54,11.53,13.14
chai1,no_msa,7QZD,chai1,pred.model_idx_3,83.54,0.5921,0.2498,0.0,0.0,0.0,0.0,0.0,0.3183,1.46,10.57,12.22
chai1,no_msa,7QZD,chai1,pred.model_idx_1,83.73,0.5918,0.2493,0.0,0.0,0.0,0.0,0.0,0.3178,1.44,10.98,12.26
chai1,no_msa,7QZD,chai1,pred.model_idx_4,83.81,0.5884,0.2439,0.0,0.0,0.0,0.0,0.0,0.3128,1.65,11.64,13.15
chai1,no_msa,7QZD,chai1,pred.model_idx_0,83.87,0.5871,0.242,0.0,0.0,0.0,0.0,0.0,0.311,1.42,11.41,12.62
chai1,no_msa,7QZD,chai1,pred.model_idx_2,83.75,0.5872,0.241,0.0,0.0,0.0,0.0,0.0,0.3102,1.56,11.29,12.82
chai1,no_msa,7QZD,chai1,pred.model_idx_3,83.75,0.588,0.2373,0.0,0.0,0.0,0.0,0.0,0.3074,1.6,11.58,12.76
chai1,no_msa,7QZD,chai1,pred.model_idx_1,83.47,0.5839,0.2311,0.0,0.0,0.0,0.0,0.0,0.3017,1.46,10.76,12.26
chai1,no_msa,7QZD,chai1,pred.model_idx_3,83.62,0.585,0.2281,0.0,0.0,0.0,0.0,0.0,0.2995,1.6,11.36,12.93
chai1,no_msa,7QZD,chai1,pred.model_idx_0,83.72,0.5852,0.2266,0.0,0.0,0.0,0.0,0.0,0.2983,1.6,11.4,12.89
chai1,no_msa,7QZD,chai1,pred.model_idx_2,83.8,0.5833,0.2228,0.0,0.0,0.0,0.0,0.0,0.2949,1.63,11.68,12.9
chai1,no_msa,7QZD,chai1,pred.model_idx_1,83.74,0.5852,0.2218,0.0,0.0,0.0,0.0,0.0,0.2945,1.64,11.58,12.72
chai1,no_msa,7QZD,chai1,pred.model_idx_4,83.4,0.5781,0.217,0.0,0.0,0.0,0.0,0.0,0.2892,1.4,11.58,13.17
chai1,no_msa,7QZD,chai1,pred.model_idx_2,83.33,0.5782,0.212,0.0,0.0,0.0,0.0,0.0,0.2852,1.56,11.38,13.02
chai1,no_msa,7QZD,chai1,pred.model_idx_3,83.57,0.5797,0.2104,0.0,0.0,0.0,0.0,0.0,0.2843,1.7,11.46,13.07
chai1,no_msa,7QZD,chai1,pred.model_idx_1,83.43,0.5776,0.2065,0.0,0.0,0.0,0.0,0.0,0.2807,1.52,11.43,12.98
chai1,no_msa,7QZD,chai1,pred.model_idx_0,83.33,0.5742,0.203,0.0,0.0,0.0,0.0,0.0,0.2772,1.53,11.13,12.28
chai1,no_msa,7QZD,chai1,pred.model_idx_4,83.23,0.5731,0.1972,0.0,0.0,0.0,0.0,0.0,0.2724,1.41,11.15,12.61
colabfold,msa,7QZD,colabfold,complex_unrelaxed_rank_001_alphafold2_multimer_v3_model_4_seed_004,91.12,0.84,0.81,4.04,4.91,0.7721,0.7772,0.7721,0.816,1.03,1.08,28.08
colabfold,msa,7QZD,colabfold,complex_unrelaxed_rank_002_alphafold2_multimer_v3_model_1_seed_000,87.55,0.77,0.67,5.74,8.09,0.3661,0.4575,0.3661,0.69,1.1,0.69,29.04
colabfold,msa,7QZD,colabfold,complex_unrelaxed_rank_003_alphafold2_multimer_v3_model_4_seed_000,81.69,0.64,0.41,8.69,13.9,0.0123,0.1237,0.0123,0.456,1.0,0.74,28.43
colabfold,msa,7QZD,colabfold,complex_unrelaxed_rank_004_alphafold2_multimer_v3_model_3_seed_004,80.21,0.56,0.2,10.82,18.33,0.0,0.0203,0.0,0.272,1.13,0.92,35.71
colabfold,msa,7QZD,colabfold,complex_unrelaxed_rank_005_alphafold2_multimer_v3_model_3_seed_001,80.06,0.56,0.2,10.86,18.33,0.0,0.0166,0.0,0.272,1.18,0.9,36.87
colabfold,msa,7QZD,colabfold,complex_unrelaxed_rank_006_alphafold2_multimer_v3_model_3_seed_002,80.53,0.56,0.19,10.89,18.43,0.0,0.011,0.0,0.264,1.16,0.92,35.89
colabfold,msa,7QZD,colabfold,complex_unrelaxed_rank_008_alphafold2_multimer_v3_model_4_seed_001,77.62,0.56,0.18,10.97,18.58,0.0,0.0216,0.0,0.256,1.29,0.84,25.27
colabfold,msa,7QZD,colabfold,complex_unrelaxed_rank_007_alphafold2_multimer_v3_model_3_seed_003,79.98,0.55,0.18,11.1,18.86,0.0,0.0113,0.0,0.254,1.14,0.9,35.08
colabfold,msa,7QZD,colabfold,complex_unrelaxed_rank_009_alphafold2_multimer_v3_model_3_seed_000,80.03,0.55,0.18,11.23,19.05,0.0,0.0058,0.0,0.254,1.16,0.93,35.97
colabfold,msa,7QZD,colabfold,complex_unrelaxed_rank_010_alphafold2_multimer_v3_model_4_seed_003,77.76,0.55,0.17,11.2,19.02,0.0,0.021,0.0,0.246,1.29,0.82,24.87
colabfold,msa,7QZD,colabfold,complex_unrelaxed_rank_011_alphafold2_multimer_v3_model_1_seed_002,77.34,0.55,0.17,11.4,19.33,0.0,0.015,0.0,0.246,1.57,0.83,21.07
colabfold,msa,7QZD,colabfold,complex_unrelaxed_rank_012_alphafold2_multimer_v3_model_2_seed_002,79.66,0.55,0.16,11.47,19.63,0.0,0.0184,0.0,0.238,1.45,0.97,20.17
colabfold,msa,7QZD,colabfold,complex_unrelaxed_rank_014_alphafold2_multimer_v3_model_1_seed_001,77.01,0.54,0.16,11.61,19.75,0.0,0.0145,0.0,0.236,1.6,0.85,20.6
colabfold,msa,7QZD,colabfold,complex_unrelaxed_rank_015_alphafold2_multimer_v3_model_1_seed_003,76.35,0.54,0.16,11.7,19.93,0.0,0.0115,0.0,0.236,1.58,0.84,21.65
colabfold,msa,7QZD,colabfold,complex_unrelaxed_rank_013_alphafold2_multimer_v3_model_4_seed_002,76.42,0.53,0.16,11.56,19.51,0.0,0.0116,0.0,0.234,1.29,0.92,26.09
colabfold,msa,7QZD,colabfold,complex_unrelaxed_rank_016_alphafold2_multimer_v3_model_2_seed_001,79.04,0.54,0.15,11.68,20.0,0.0,0.0152,0.0,0.228,1.36,0.79,19.85
colabfold,msa,7QZD,colabfold,complex_unrelaxed_rank_017_alphafold2_multimer_v3_model_1_seed_004,76.66,0.54,0.15,11.83,20.19,0.0,0.0108,0.0,0.228,1.59,0.87,20.99
colabfold,msa,7QZD,colabfold,complex_unrelaxed_rank_018_alphafold2_multimer_v3_model_2_seed_000,79.06,0.54,0.15,11.84,20.24,0.0,0.0118,0.0,0.228,1.41,0.8,20.82
colabfold,msa,7QZD,colabfold,complex_unrelaxed_rank_019_alphafold2_multimer_v3_model_2_seed_004,79.21,0.54,0.15,11.79,20.15,0.0,0.014,0.0,0.228,1.41,0.79,21.11
colabfold,msa,7QZD,colabfold,complex_unrelaxed_rank_021_alphafold2_multimer_v3_model_5_seed_000,76.98,0.54,0.15,11.93,20.49,0.0,0.0026,0.0,0.228,1.12,0.79,34.84
colabfold,msa,7QZD,colabfold,complex_unrelaxed_rank_020_alphafold2_multimer_v3_model_2_seed_003,77.41,0.51,0.15,12.11,20.34,0.0,0.0085,0.0,0.222,1.42,0.96,20.45
colabfold,msa,7QZD,colabfold,complex_unrelaxed_rank_022_alphafold2_multimer_v3_model_5_seed_002,77.11,0.53,0.14,12.01,20.73,0.0,0.0,0.0,0.218,1.2,0.86,34.72
colabfold,msa,7QZD,colabfold,complex_unrelaxed_rank_023_alphafold2_multimer_v3_model_5_seed_004,77.16,0.53,0.14,12.11,20.92,0.0,0.0,0.0,0.218,1.13,0.81,31.92
colabfold,msa,7QZD,colabfold,complex_unrelaxed_rank_024_alphafold2_multimer_v3_model_5_seed_001,76.91,0.53,0.14,12.19,20.99,0.0,0.0025,0.0,0.218,1.16,0.84,34.79
colabfold,msa,7QZD,colabfold,complex_unrelaxed_rank_025_alphafold2_multimer_v3_model_5_seed_003,77.65,0.53,0.14,12.16,21.05,0.0,0.0,0.0,0.218,1.11,0.83,32.83
colabfold,no_msa,7QZD,colabfold_nomsa,complex_unrelaxed_rank_001_alphafold2_multimer_v3_model_3_seed_002,56.49,0.51,0.41,14.43,18.13,0.0807,0.0881,0.0807,0.43,1.25,13.83,28.34
colabfold,no_msa,7QZD,colabfold_nomsa,complex_unrelaxed_rank_002_alphafold2_multimer_v3_model_3_seed_003,56.26,0.44,0.2,16.54,22.41,0.0171,0.0123,0.0123,0.248,1.46,12.47,41.03
colabfold,no_msa,7QZD,colabfold_nomsa,complex_unrelaxed_rank_005_alphafold2_multimer_v3_model_3_seed_004,48.93,0.41,0.12,17.55,22.86,0.0,0.0,0.0,0.178,1.21,14.69,32.02
colabfold,no_msa,7QZD,colabfold_nomsa,complex_unrelaxed_rank_009_alphafold2_multimer_v3_model_5_seed_001,46.19,0.4,0.1,18.14,23.7,0.0,0.0,0.0,0.16,1.27,15.4,34.25
colabfold,no_msa,7QZD,colabfold_nomsa,complex_unrelaxed_rank_008_alphafold2_multimer_v3_model_5_seed_000,47.8,0.39,0.1,18.12,24.65,0.0,0.0,0.0,0.158,1.49,9.65,39.83
colabfold,no_msa,7QZD,colabfold_nomsa,complex_unrelaxed_rank_012_alphafold2_multimer_v3_model_5_seed_003,50.3,0.38,0.1,17.58,24.27,0.0,0.0,0.0,0.156,1.4,8.94,40.39
colabfold,no_msa,7QZD,colabfold_nomsa,complex_unrelaxed_rank_010_alphafold2_multimer_v3_model_1_seed_003,41.72,0.37,0.1,18.74,23.52,0.0,0.0,0.0,0.154,3.75,14.13,23.62
colabfold,no_msa,7QZD,colabfold_nomsa,complex_unrelaxed_rank_003_alphafold2_multimer_v3_model_3_seed_000,35.49,0.23,0.13,19.59,23.27,0.0,0.0,0.0,0.15,3.46,15.04,25.87
colabfold,no_msa,7QZD,colabfold_nomsa,complex_unrelaxed_rank_004_alphafold2_multimer_v3_model_1_seed_001,37.92,0.27,0.12,18.85,22.2,0.0,0.0053,0.0,0.15,6.24,8.45,38.69
colabfold,no_msa,7QZD,colabfold_nomsa,complex_unrelaxed_rank_016_alphafold2_multimer_v3_model_5_seed_002,50.17,0.39,0.09,17.85,24.76,0.0,0.0,0.0,0.15,1.56,9.01,42.24
colabfold,no_msa,7QZD,colabfold_nomsa,complex_unrelaxed_rank_014_alphafold2_multimer_v3_model_5_seed_004,49.18,0.38,0.09,18.12,24.94,0.0,0.0,0.0,0.148,1.66,9.02,42.16
colabfold,no_msa,7QZD,colabfold_nomsa,complex_unrelaxed_rank_018_alphafold2_multimer_v3_model_4_seed_003,49.77,0.42,0.07,18.52,25.42,0.0,0.0,0.0,0.14,2.52,10.96,31.24
colabfold,no_msa,7QZD,colabfold_nomsa,complex_unrelaxed_rank_021_alphafold2_multimer_v3_model_4_seed_001,49.0,0.41,0.07,18.13,25.02,0.0,0.0,0.0,0.138,2.52,9.82,24.9
colabfold,no_msa,7QZD,colabfold_nomsa,complex_unrelaxed_rank_006_alphafold2_multimer_v3_model_1_seed_004,36.62,0.24,0.11,19.6,23.21,0.0,0.0,0.0,0.136,6.39,8.36,39.51
colabfold,no_msa,7QZD,colabfold_nomsa,complex_unrelaxed_rank_022_alphafold2_multimer_v3_model_2_seed_002,46.46,0.4,0.07,19.11,25.56,0.0,0.0,0.0,0.136,1.32,15.42,29.15
colabfold,no_msa,7QZD,colabfold_nomsa,complex_unrelaxed_rank_025_alphafold2_multimer_v3_model_2_seed_000,49.81,0.4,0.07,18.44,25.53,0.0,0.0,0.0,0.136,1.27,11.78,31.25
colabfold,no_msa,7QZD,colabfold_nomsa,complex_unrelaxed_rank_023_alphafold2_multimer_v3_model_2_seed_003,46.34,0.39,0.07,19.28,25.85,0.0,0.0,0.0,0.134,1.36,12.54,28.83
colabfold,no_msa,7QZD,colabfold_nomsa,complex_unrelaxed_rank_019_alphafold2_multimer_v3_model_2_seed_001,45.33,0.38,0.07,19.08,25.19,0.0,0.0,0.0,0.132,1.47,14.74,27.77
colabfold,no_msa,7QZD,colabfold_nomsa,complex_unrelaxed_rank_020_alphafold2_multimer_v3_model_2_seed_004,50.45,0.38,0.07,18.19,25.21,0.0,0.0,0.0,0.132,1.34,5.46,31.92
colabfold,no_msa,7QZD,colabfold_nomsa,complex_unrelaxed_rank_017_alphafold2_multimer_v3_model_3_seed_001,46.86,0.37,0.07,18.82,25.05,0.0,0.0,0.0,0.13,1.38,15.04,29.75
colabfold,no_msa,7QZD,colabfold_nomsa,complex_unrelaxed_rank_011_alphafold2_multimer_v3_model_4_seed_002,35.95,0.24,0.1,19.83,23.79,0.0,0.0,0.0,0.128,5.54,11.66,36.37
colabfold,no_msa,7QZD,colabfold_nomsa,complex_unrelaxed_rank_007_alphafold2_multimer_v3_model_4_seed_000,35.36,0.23,0.1,19.85,23.69,0.0,0.0,0.0,0.126,5.6,11.43,36.47
colabfold,no_msa,7QZD,colabfold_nomsa,complex_unrelaxed_rank_013_alphafold2_multimer_v3_model_1_seed_000,33.77,0.21,0.09,20.31,24.15,0.0,0.0,0.0,0.114,6.16,15.16,37.74
colabfold,no_msa,7QZD,colabfold_nomsa,complex_unrelaxed_rank_015_alphafold2_multimer_v3_model_1_seed_002,34.12,0.2,0.09,20.46,24.37,0.0,0.0,0.0,0.112,6.09,16.12,36.76
colabfold,no_msa,7QZD,colabfold_nomsa,complex_unrelaxed_rank_024_alphafold2_multimer_v3_model_4_seed_004,28.26,0.16,0.07,22.95,26.11,0.0,0.0,0.0,0.088,18.54,17.12,38.13
esmfold2,no_msa,7QZD,esmfold2,output_seed789_esmfold2_pred,83.54,0.8095,0.7465,5.31,7.09,0.5141,0.6045,0.5141,0.7591,0.78,0.41,0.91
esmfold2,no_msa,7QZD,esmfold2,output_seed123_esmfold2_pred,77.81,0.7259,0.6726,7.27,9.41,0.4035,0.4625,0.4035,0.6833,1.11,0.68,29.1
esmfold2,no_msa,7QZD,esmfold2,output_esmfold2_pred,78.91,0.7423,0.6532,6.1,7.96,0.4708,0.4867,0.4708,0.671,0.73,0.52,0.75
esmfold2,no_msa,7QZD,esmfold2,output_seed456_esmfold2_pred,76.73,0.7077,0.6031,6.77,8.92,0.3871,0.4097,0.3871,0.624,0.88,0.5,1.0
esmfold2,no_msa,7QZD,esmfold2,output_seed1024_esmfold2_pred,77.1,0.6956,0.6035,7.94,10.62,0.2773,0.3379,0.2773,0.6219,1.21,0.59,28.92
af2m,msa,8B2R,af2m,ranked_0,92.9,0.8487,0.7958,4.1,5.22,0.7172,0.7155,0.7155,0.8064,0.88,1.81,32.53
af2m,msa,8B2R,af2m,ranked_1,91.68,0.8149,0.7353,4.71,6.4,0.5402,0.5759,0.5402,0.7512,0.87,1.74,32.41
af2m,msa,8B2R,af2m,ranked_2,90.11,0.7712,0.681,5.91,8.89,0.3161,0.3894,0.3161,0.699,0.89,1.94,32.31
af2m,msa,8B2R,af2m,ranked_3,89.27,0.7521,0.6363,6.76,10.57,0.2336,0.2757,0.2336,0.6595,0.89,1.95,32.27
af2m,msa,8B2R,af2m,ranked_4,86.01,0.6676,0.4641,9.07,15.16,0.0552,0.0222,0.0222,0.5048,0.91,1.92,32.19
af2m,msa,8B2R,af2m,ranked_5,84.13,0.6048,0.3522,10.74,18.52,0.0036,0.0056,0.0036,0.4027,0.9,1.88,32.61
af2m,msa,8B2R,af2m,ranked_6,79.03,0.5631,0.1995,10.79,18.52,0.0,0.0,0.0,0.2722,0.94,1.72,39.27
af2m,msa,8B2R,af2m,ranked_7,79.24,0.5284,0.1522,12.32,21.42,0.0,0.0,0.0,0.2274,0.91,1.77,44.05
af2m,msa,8B2R,af2m,ranked_8,80.4,0.5372,0.1392,11.88,20.86,0.0,0.0,0.0,0.2188,0.95,1.86,33.73
af2m,msa,8B2R,af2m,ranked_9,77.92,0.5242,0.1376,12.49,21.84,0.0,0.0,0.0,0.2149,0.88,1.56,39.3
af2m,msa,8B2R,af2m,ranked_10,83.68,0.5363,0.1309,11.95,20.87,0.0,0.0,0.0,0.212,1.03,1.7,33.2
af2m,msa,8B2R,af2m,ranked_11,82.67,0.5239,0.1054,12.81,22.57,0.0,0.0,0.0,0.1891,1.01,1.64,30.69
af2m,msa,8B2R,af2m,ranked_12,81.77,0.5234,0.1014,12.98,22.95,0.0,0.0,0.0,0.1858,1.01,1.64,33.29
af2m,msa,8B2R,af2m,ranked_13,79.16,0.5129,0.0948,12.95,22.66,0.0,0.0,0.0,0.1784,0.89,2.03,35.51
af2m,msa,8B2R,af2m,ranked_14,78.54,0.5012,0.096,13.35,23.4,0.0,0.0,0.0,0.177,0.89,1.95,36.81
af2m,msa,8B2R,af2m,ranked_15,77.96,0.5117,0.0907,13.64,24.04,0.0,0.0,0.0,0.1749,0.95,1.92,24.22
af2m,msa,8B2R,af2m,ranked_16,76.28,0.4928,0.0935,13.57,23.68,0.0,0.0,0.0,0.1734,0.85,1.76,38.33
af2m,msa,8B2R,af2m,ranked_17,78.93,0.5094,0.0871,13.23,23.25,0.0,0.0,0.0,0.1716,0.89,1.99,37.39
af2m,msa,8B2R,af2m,ranked_18,81.2,0.516,0.0851,13.58,24.17,0.0,0.0,0.0,0.1713,1.04,1.95,23.59
af2m,msa,8B2R,af2m,ranked_19,78.04,0.5118,0.0859,13.69,24.24,0.0,0.0,0.0,0.1711,0.98,1.96,24.05
af2m,msa,8B2R,af2m,ranked_20,78.99,0.5088,0.0842,13.7,24.2,0.0,0.0,0.0,0.1691,0.99,1.97,32.94
af2m,msa,8B2R,af2m,ranked_21,76.95,0.5038,0.0782,13.67,24.17,0.0,0.0,0.0,0.1633,0.9,1.57,32.62
af2m,msa,8B2R,af2m,ranked_22,79.95,0.5078,0.0758,13.38,23.69,0.0,0.0,0.0,0.1622,1.04,1.91,35.31
af2m,msa,8B2R,af2m,ranked_23,78.33,0.5072,0.0725,13.89,24.65,0.0,0.0,0.0,0.1594,0.94,1.92,23.32
af2m,msa,8B2R,af2m,ranked_24,77.07,0.4995,0.0738,13.88,24.38,0.0,0.0,0.0,0.1589,0.99,1.98,26.36
af3,msa,8B2R,af3,seed-1024_sample-3,93.15,0.91,0.9,2.98,3.46,0.876,0.885,0.876,0.902,0.88,1.85,4.4
af3,msa,8B2R,af3,seed-42_sample-2,93.61,0.91,0.9,2.92,3.39,0.8842,0.8867,0.8842,0.902,0.95,1.9,4.44
af3,msa,8B2R,af3,seed-1024_sample-0,93.42,0.91,0.89,2.95,3.43,0.8843,0.8824,0.8824,0.894,0.74,2.47,4.58
af3,msa,8B2R,af3,seed-1024_sample-4,93.3,0.91,0.89,3.07,3.56,0.8782,0.8792,0.8782,0.894,0.94,1.68,4.39
af3,msa,8B2R,af3,seed-123_sample-0,93.26,0.91,0.89,3.05,3.55,0.8786,0.8784,0.8784,0.894,0.95,1.88,4.47
af3,msa,8B2R,af3,seed-123_sample-4,93.32,0.91,0.89,3.01,3.5,0.881,0.8801,0.8801,0.894,0.95,1.56,4.28
af3,msa,8B2R,af3,seed-42_sample-0,93.31,0.91,0.89,3.05,3.56,0.8788,0.877,0.877,0.894,1.06,2.08,4.54
af3,msa,8B2R,af3,seed-42_sample-1,92.97,0.91,0.89,3.12,3.64,0.8768,0.8758,0.8758,0.894,0.99,2.18,4.6
af3,msa,8B2R,af3,seed-42_sample-4,93.26,0.91,0.89,3.13,3.63,0.8781,0.8802,0.8781,0.894,0.86,1.77,4.1
af3,msa,8B2R,af3,seed-456_sample-0,92.9,0.91,0.89,3.12,3.63,0.8799,0.8769,0.8769,0.894,0.87,2.6,4.54
af3,msa,8B2R,af3,seed-456_sample-4,93.47,0.91,0.89,2.94,3.41,0.8855,0.8854,0.8854,0.894,0.93,1.9,4.27
af3,msa,8B2R,af3,seed-789_sample-3,93.14,0.91,0.89,3.04,3.53,0.8778,0.8803,0.8778,0.894,0.99,1.67,4.45
af3,msa,8B2R,af3,seed-1024_sample-1,93.04,0.9,0.89,3.13,3.63,0.8752,0.8766,0.8752,0.892,1.05,1.61,4.02
af3,msa,8B2R,af3,seed-456_sample-1,92.77,0.9,0.89,3.21,3.73,0.8714,0.8742,0.8714,0.892,0.93,1.94,4.21
af3,msa,8B2R,af3,seed-456_sample-3,92.7,0.9,0.89,3.25,3.78,0.872,0.8758,0.872,0.892,0.95,2.81,3.93
af3,msa,8B2R,af3,seed-789_sample-1,92.99,0.9,0.89,3.12,3.62,0.8762,0.8744,0.8744,0.892,1.05,1.86,4.73
af3,msa,8B2R,af3,seed-789_sample-2,93.05,0.9,0.89,3.13,3.64,0.8759,0.8739,0.8739,0.892,0.88,2.34,4.67
af3,msa,8B2R,af3,seed-1024_sample-2,92.88,0.9,0.88,3.24,3.77,0.8679,0.8657,0.8657,0.884,1.03,2.06,4.45
af3,msa,8B2R,af3,seed-123_sample-1,92.67,0.9,0.88,3.3,3.83,0.8674,0.867,0.867,0.884,0.93,1.75,3.87
af3,msa,8B2R,af3,seed-123_sample-2,92.81,0.9,0.88,3.26,3.78,0.8704,0.8695,0.8695,0.884,1.13,1.56,4.25
af3,msa,8B2R,af3,seed-123_sample-3,91.98,0.9,0.88,3.31,3.82,0.8603,0.8694,0.8603,0.884,0.88,1.57,4.47
af3,msa,8B2R,af3,seed-42_sample-3,92.47,0.9,0.88,3.21,3.75,0.8712,0.8696,0.8696,0.884,1.03,2.44,4.48
af3,msa,8B2R,af3,seed-456_sample-2,92.41,0.9,0.88,3.28,3.83,0.8651,0.8655,0.8651,0.884,0.96,2.23,4.32
af3,msa,8B2R,af3,seed-789_sample-0,92.47,0.9,0.88,3.33,3.88,0.8607,0.8634,0.8607,0.884,1.01,2.01,4.01
af3,msa,8B2R,af3,seed-789_sample-4,92.4,0.9,0.88,3.31,3.86,0.8618,0.8659,0.8618,0.884,0.97,2.03,4.44
af3,no_msa,8B2R,af3_nomsa,seed-1024_sample-4,59.53,0.47,0.22,15.58,21.68,0.0,0.0,0.0,0.27,3.31,13.47,34.52
af3,no_msa,8B2R,af3_nomsa,seed-1024_sample-0,58.08,0.48,0.18,15.44,21.35,0.0,0.0,0.0,0.24,3.46,13.6,28.35
af3,no_msa,8B2R,af3_nomsa,seed-456_sample-1,59.63,0.48,0.18,15.28,21.24,0.0,0.0,0.0,0.24,3.44,13.55,30.05
af3,no_msa,8B2R,af3_nomsa,seed-42_sample-4,57.26,0.44,0.16,17.22,24.41,0.0,0.0,0.0,0.216,3.27,13.07,32.63
af3,no_msa,8B2R,af3_nomsa,seed-456_sample-3,57.89,0.45,0.13,16.78,23.58,0.0,0.0,0.0,0.194,3.23,12.45,39.2
af3,no_msa,8B2R,af3_nomsa,seed-789_sample-0,56.95,0.43,0.13,17.24,24.51,0.0,0.0,0.0,0.19,3.34,13.15,30.93
af3,no_msa,8B2R,af3_nomsa,seed-42_sample-1,55.97,0.45,0.12,16.84,23.67,0.0,0.0,0.0,0.186,3.32,10.03,41.24
af3,no_msa,8B2R,af3_nomsa,seed-456_sample-2,59.48,0.45,0.12,16.43,23.23,0.0,0.0,0.0,0.186,3.33,9.9,29.64
af3,no_msa,8B2R,af3_nomsa,seed-789_sample-3,57.82,0.44,0.11,17.28,24.31,0.0,0.0,0.0,0.176,3.22,13.47,39.02
af3,no_msa,8B2R,af3_nomsa,seed-789_sample-4,57.69,0.44,0.11,16.85,23.74,0.0,0.0,0.0,0.176,3.39,12.81,29.34
af3,no_msa,8B2R,af3_nomsa,seed-42_sample-0,56.61,0.43,0.11,17.29,24.45,0.0,0.0,0.0,0.174,3.28,13.43,27.26
af3,no_msa,8B2R,af3_nomsa,seed-456_sample-4,56.53,0.45,0.1,17.38,24.27,0.0,0.0,0.0,0.17,3.29,12.29,38.11
af3,no_msa,8B2R,af3_nomsa,seed-1024_sample-1,56.26,0.44,0.1,17.53,24.54,0.0,0.0,0.0,0.168,3.25,12.49,36.7
af3,no_msa,8B2R,af3_nomsa,seed-1024_sample-3,55.71,0.44,0.1,17.98,25.05,0.0,0.0,0.0,0.168,3.21,12.08,39.95
af3,no_msa,8B2R,af3_nomsa,seed-123_sample-0,56.87,0.44,0.1,17.27,24.61,0.0,0.0,0.0,0.168,3.3,12.6,44.51
af3,no_msa,8B2R,af3_nomsa,seed-123_sample-1,56.54,0.44,0.1,17.1,23.83,0.0,0.0,0.0,0.168,3.25,13.62,29.59
af3,no_msa,8B2R,af3_nomsa,seed-123_sample-3,58.33,0.44,0.1,17.17,24.56,0.0,0.0,0.0,0.168,3.2,13.1,35.17
af3,no_msa,8B2R,af3_nomsa,seed-789_sample-1,57.47,0.44,0.1,17.62,24.89,0.0,0.0,0.0,0.168,3.32,12.84,37.73
af3,no_msa,8B2R,af3_nomsa,seed-789_sample-2,56.97,0.44,0.1,17.5,24.6,0.0,0.0,0.0,0.168,3.2,14.2,40.45
af3,no_msa,8B2R,af3_nomsa,seed-1024_sample-2,55.99,0.44,0.09,17.72,24.85,0.0,0.0,0.0,0.16,3.17,12.37,43.46
af3,no_msa,8B2R,af3_nomsa,seed-123_sample-2,57.25,0.44,0.09,17.44,24.74,0.0,0.0,0.0,0.16,3.29,12.79,32.17
af3,no_msa,8B2R,af3_nomsa,seed-123_sample-4,57.12,0.44,0.09,17.64,24.91,0.0,0.0,0.0,0.16,3.26,12.58,35.21
af3,no_msa,8B2R,af3_nomsa,seed-456_sample-0,57.99,0.44,0.09,17.94,25.61,0.0,0.0,0.0,0.16,3.24,12.66,43.81
af3,no_msa,8B2R,af3_nomsa,seed-42_sample-2,56.42,0.43,0.09,17.89,25.13,0.0,0.0,0.0,0.158,3.25,12.25,36.3
af3,no_msa,8B2R,af3_nomsa,seed-42_sample-3,57.07,0.43,0.09,17.51,24.8,0.0,0.0,0.0,0.158,3.23,12.7,32.57
boltz1,no_msa,8B2R,boltz1,input_model_1,0.6,0.5027,0.2626,16.06,23.0,0.0,0.0,0.0,0.3106,2.61,11.36,35.96
boltz1,no_msa,8B2R,boltz1,input_model_0,0.66,0.5539,0.2337,12.72,18.79,0.0052,0.0,0.0,0.2977,2.71,11.34,39.74
boltz1,no_msa,8B2R,boltz1,input_model_2,0.6,0.5322,0.2235,14.55,20.52,0.0025,0.0,0.0,0.2852,2.68,9.79,39.34
boltz1,no_msa,8B2R,boltz1,input_model_0,0.66,0.5299,0.1771,12.71,19.19,0.0,0.0,0.0,0.2477,2.56,11.87,40.41
boltz1,no_msa,8B2R,boltz1,input_model_1,0.62,0.5,0.158,14.72,21.86,0.0,0.0027,0.0,0.2264,2.64,11.11,39.2
boltz1,no_msa,8B2R,boltz1,input_model_2,0.64,0.5161,0.1488,14.59,21.75,0.0,0.0,0.0,0.2223,2.64,9.36,39.79
boltz1,no_msa,8B2R,boltz1,input_model_0,0.63,0.5183,0.1461,13.81,20.15,0.0108,0.0079,0.0079,0.2205,2.7,12.09,41.16
boltz1,no_msa,8B2R,boltz1,input_model_3,0.61,0.5121,0.1448,15.09,22.16,0.0,0.0,0.0,0.2183,2.59,11.57,39.47
boltz1,no_msa,8B2R,boltz1,input_model_2,0.61,0.5084,0.1371,14.87,21.99,0.0,0.0,0.0,0.2114,2.6,10.87,39.74
boltz1,no_msa,8B2R,boltz1,input_model_4,0.59,0.5106,0.1363,15.2,21.27,0.0082,0.0,0.0,0.2112,2.63,10.65,40.57
boltz1,no_msa,8B2R,boltz1,input_model_2,0.61,0.4823,0.1426,15.54,22.3,0.0,0.0,0.0,0.2105,3.0,11.43,23.69
boltz1,no_msa,8B2R,boltz1,input_model_4,0.6,0.5068,0.1339,15.6,22.81,0.0,0.0,0.0,0.2085,2.62,11.33,41.42
boltz1,no_msa,8B2R,boltz1,input_model_3,0.61,0.5079,0.1335,14.69,21.73,0.0,0.0,0.0,0.2084,2.71,10.33,39.28
boltz1,no_msa,8B2R,boltz1,input_model_2,0.62,0.5083,0.1317,14.64,21.75,0.0,0.0,0.0,0.207,2.69,11.07,41.87
boltz1,no_msa,8B2R,boltz1,input_model_1,0.67,0.5046,0.1233,13.54,20.26,0.0,0.0027,0.0,0.1996,2.64,9.27,39.16
boltz1,no_msa,8B2R,boltz1,input_model_3,0.61,0.503,0.1206,15.27,22.44,0.0,0.0,0.0,0.1971,2.67,10.18,38.7
boltz1,no_msa,8B2R,boltz1,input_model_3,0.61,0.5033,0.1204,15.28,22.64,0.0,0.0,0.0,0.197,2.69,12.47,42.29
boltz1,no_msa,8B2R,boltz1,input_model_4,0.6,0.503,0.1187,15.29,21.94,0.0,0.0,0.0,0.1956,2.62,11.39,39.28
boltz1,no_msa,8B2R,boltz1,input_model_1,0.64,0.4956,0.1189,15.2,22.78,0.0,0.0,0.0,0.1942,2.66,10.3,38.78
boltz1,no_msa,8B2R,boltz1,input_model_0,0.63,0.5014,0.1156,15.5,23.49,0.0,0.0,0.0,0.1928,2.66,11.0,38.88
boltz1,no_msa,8B2R,boltz1,input_model_1,0.63,0.492,0.1008,15.13,22.94,0.0,0.0,0.0,0.179,2.66,10.98,38.62
boltz1,no_msa,8B2R,boltz1,input_model_4,0.61,0.4922,0.0994,15.75,23.58,0.0,0.0,0.0,0.178,2.66,11.96,41.34
boltz1,no_msa,8B2R,boltz1,input_model_3,0.62,0.4876,0.0932,15.49,23.72,0.0,0.0,0.0,0.1721,2.59,9.73,40.55
boltz1,no_msa,8B2R,boltz1,input_model_0,0.65,0.482,0.0915,15.21,23.09,0.0,0.0,0.0,0.1696,2.66,9.84,39.46
boltz1,no_msa,8B2R,boltz1,input_model_4,0.61,0.476,0.0878,16.42,25.51,0.0,0.0,0.0,0.1654,2.65,11.69,40.21
boltz1,msa,8B2R,boltz1_msa,input_model_2,0.95,0.9366,0.9281,3.07,3.67,0.9149,0.9275,0.9149,0.9298,0.9,2.61,3.47
boltz1,msa,8B2R,boltz1_msa,input_model_0,0.95,0.9371,0.9277,3.02,3.63,0.9154,0.927,0.9154,0.9296,0.86,2.64,3.57
boltz1,msa,8B2R,boltz1_msa,input_model_1,0.95,0.9367,0.9275,3.06,3.67,0.9145,0.9267,0.9145,0.9293,0.91,2.72,3.71
boltz1,msa,8B2R,boltz1_msa,input_model_2,0.95,0.9365,0.9274,3.06,3.68,0.9146,0.9267,0.9146,0.9292,0.9,2.57,3.45
boltz1,msa,8B2R,boltz1_msa,input_model_2,0.95,0.9364,0.9268,3.05,3.66,0.9152,0.9259,0.9152,0.9287,0.89,2.82,3.76
boltz1,msa,8B2R,boltz1_msa,input_model_1,0.95,0.9368,0.9265,3.04,3.65,0.9169,0.9255,0.9169,0.9286,0.88,2.59,3.61
boltz1,msa,8B2R,boltz1_msa,input_model_0,0.95,0.9357,0.9263,3.09,3.7,0.9134,0.9254,0.9134,0.9282,0.89,2.51,3.44
boltz1,msa,8B2R,boltz1_msa,input_model_4,0.95,0.9344,0.9267,3.22,3.8,0.9122,0.9259,0.9122,0.9282,0.9,2.75,3.44
boltz1,msa,8B2R,boltz1_msa,input_model_3,0.95,0.9353,0.9261,3.18,3.79,0.9044,0.9252,0.9044,0.9279,0.85,2.3,3.13
boltz1,msa,8B2R,boltz1_msa,input_model_1,0.95,0.9366,0.9257,3.05,3.66,0.9159,0.9248,0.9159,0.9279,0.87,2.66,3.6
boltz1,msa,8B2R,boltz1_msa,input_model_0,0.95,0.9372,0.9255,3.02,3.63,0.9165,0.9246,0.9165,0.9278,0.92,2.38,3.57
boltz1,msa,8B2R,boltz1_msa,input_model_3,0.95,0.933,0.9262,3.25,3.86,0.9179,0.9252,0.9179,0.9276,0.9,2.9,3.55
boltz1,msa,8B2R,boltz1_msa,input_model_2,0.95,0.9359,0.9253,3.08,3.69,0.9145,0.9243,0.9145,0.9274,0.81,2.53,3.53
boltz1,msa,8B2R,boltz1_msa,input_model_0,0.95,0.9345,0.9255,3.1,3.72,0.9111,0.9245,0.9111,0.9273,0.87,2.76,3.54
boltz1,msa,8B2R,boltz1_msa,input_model_0,0.95,0.9351,0.9254,3.11,3.73,0.9125,0.9243,0.9125,0.9273,0.82,2.61,3.49
boltz1,msa,8B2R,boltz1_msa,input_model_4,0.94,0.9329,0.9258,3.22,3.84,0.9113,0.9248,0.9113,0.9272,0.87,2.68,3.42
boltz1,msa,8B2R,boltz1_msa,input_model_1,0.95,0.9361,0.9249,3.06,3.67,0.9145,0.9239,0.9145,0.9271,0.88,2.66,3.72
boltz1,msa,8B2R,boltz1_msa,input_model_3,0.95,0.9333,0.9254,3.23,3.83,0.9097,0.9244,0.9097,0.927,0.89,2.81,3.47
boltz1,msa,8B2R,boltz1_msa,input_model_4,0.95,0.9324,0.9256,3.25,3.85,0.9094,0.9246,0.9094,0.927,0.91,2.59,3.44
boltz1,msa,8B2R,boltz1_msa,input_model_2,0.95,0.9347,0.9251,3.11,3.72,0.9115,0.924,0.9115,0.927,0.9,2.75,3.59
boltz1,msa,8B2R,boltz1_msa,input_model_1,0.95,0.9356,0.9243,3.07,3.69,0.9131,0.9233,0.9131,0.9266,0.87,2.64,3.55
boltz1,msa,8B2R,boltz1_msa,input_model_3,0.95,0.9344,0.9245,3.12,3.74,0.9117,0.9233,0.9117,0.9265,0.83,2.44,3.4
boltz1,msa,8B2R,boltz1_msa,input_model_3,0.95,0.9343,0.9246,3.12,3.74,0.9128,0.9235,0.9128,0.9265,0.84,2.61,3.48
boltz1,msa,8B2R,boltz1_msa,input_model_4,0.95,0.9336,0.9241,3.16,3.78,0.9102,0.9228,0.9102,0.926,0.82,2.99,3.85
boltz1,msa,8B2R,boltz1_msa,input_model_4,0.94,0.9345,0.9234,3.1,3.73,0.9125,0.9221,0.9125,0.9256,0.81,2.49,3.49
boltz2,no_msa,8B2R,boltz2,input_model_0,0.91,0.8093,0.7064,5.99,8.55,0.293,0.3352,0.293,0.727,1.76,1.69,4.72
boltz2,no_msa,8B2R,boltz2,input_model_0,0.91,0.8156,0.7004,5.9,8.45,0.2992,0.331,0.2992,0.7234,1.89,2.2,3.58
boltz2,no_msa,8B2R,boltz2,input_model_0,0.88,0.8044,0.6878,6.08,8.68,0.2991,0.324,0.2991,0.7111,1.58,1.54,3.29
boltz2,no_msa,8B2R,boltz2,input_model_0,0.9,0.7838,0.6559,6.73,9.74,0.2338,0.2668,0.2338,0.6815,1.83,1.78,2.43
boltz2,no_msa,8B2R,boltz2,input_model_0,0.89,0.7074,0.5219,8.72,13.19,0.0025,0.059,0.0025,0.559,1.78,2.62,5.91
boltz2,no_msa,8B2R,boltz2,input_model_1,0.88,0.6642,0.4606,10.06,14.91,0.0,0.0156,0.0,0.5013,1.8,1.6,2.38
boltz2,no_msa,8B2R,boltz2,input_model_1,0.79,0.5842,0.3281,12.08,18.49,0.0,0.0,0.0,0.3793,1.03,1.62,20.6
boltz2,no_msa,8B2R,boltz2,input_model_3,0.77,0.575,0.3052,12.13,18.18,0.0,0.0,0.0,0.3592,1.19,8.24,29.48
boltz2,no_msa,8B2R,boltz2,input_model_1,0.78,0.5569,0.2923,12.79,19.27,0.0,0.0,0.0,0.3452,1.3,1.82,20.59
boltz2,no_msa,8B2R,boltz2,input_model_3,0.78,0.557,0.2506,13.05,20.11,0.0,0.0,0.0,0.3119,1.55,1.66,21.08
boltz2,no_msa,8B2R,boltz2,input_model_1,0.82,0.5318,0.2151,13.28,20.9,0.0,0.0,0.0,0.2784,1.02,2.73,31.5
boltz2,no_msa,8B2R,boltz2,input_model_2,0.8,0.5175,0.21,13.66,21.16,0.0,0.0,0.0,0.2715,1.9,2.66,32.38
boltz2,no_msa,8B2R,boltz2,input_model_2,0.79,0.5162,0.195,14.03,21.6,0.0,0.0,0.0,0.2592,1.75,2.08,32.26
boltz2,no_msa,8B2R,boltz2,input_model_4,0.8,0.5094,0.1939,14.14,21.7,0.0,0.0,0.0,0.257,1.83,1.44,30.84
boltz2,no_msa,8B2R,boltz2,input_model_1,0.81,0.5205,0.1906,13.89,21.72,0.0,0.0,0.0,0.2566,1.71,1.88,30.94
boltz2,no_msa,8B2R,boltz2,input_model_4,0.77,0.5273,0.1806,13.89,21.56,0.0,0.0,0.0,0.2499,1.86,9.55,28.29
boltz2,no_msa,8B2R,boltz2,input_model_2,0.81,0.515,0.1814,14.2,21.93,0.0,0.0,0.0,0.2481,1.67,1.89,31.27
boltz2,no_msa,8B2R,boltz2,input_model_2,0.79,0.5111,0.1805,14.1,21.93,0.0,0.0,0.0,0.2466,1.75,2.16,32.0
boltz2,no_msa,8B2R,boltz2,input_model_3,0.76,0.5212,0.1729,14.29,21.82,0.0,0.0,0.0,0.2426,1.82,9.16,30.13
boltz2,no_msa,8B2R,boltz2,input_model_4,0.76,0.5212,0.17,14.19,21.72,0.0,0.0,0.0,0.2402,1.66,8.54,29.36
boltz2,no_msa,8B2R,boltz2,input_model_4,0.77,0.505,0.1649,14.52,22.59,0.0,0.0,0.0,0.2329,1.68,11.34,25.21
boltz2,no_msa,8B2R,boltz2,input_model_3,0.78,0.5079,0.1527,14.17,22.03,0.0,0.0,0.0,0.2237,1.14,2.77,38.47
boltz2,no_msa,8B2R,boltz2,input_model_2,0.78,0.5001,0.1462,14.67,22.13,0.0,0.0,0.0,0.217,1.55,8.87,28.73
boltz2,no_msa,8B2R,boltz2,input_model_3,0.78,0.5057,0.1222,14.68,23.1,0.0,0.0,0.0,0.1989,1.15,1.87,24.95
boltz2,no_msa,8B2R,boltz2,input_model_4,0.76,0.4893,0.118,15.19,23.24,0.0,0.0,0.0,0.1923,1.89,8.03,29.49
boltz2,msa,8B2R,boltz2_msa,input_model_0,0.95,0.9603,0.9405,2.02,2.58,0.9325,0.9186,0.9186,0.9445,1.23,2.02,3.87
boltz2,msa,8B2R,boltz2_msa,input_model_0,0.95,0.9593,0.9395,2.08,2.65,0.9329,0.917,0.917,0.9435,1.28,1.85,3.28
boltz2,msa,8B2R,boltz2_msa,input_model_2,0.95,0.9567,0.9353,2.13,2.74,0.9236,0.9082,0.9082,0.9396,1.29,2.07,3.34
boltz2,msa,8B2R,boltz2_msa,input_model_2,0.95,0.956,0.9345,2.15,2.77,0.9229,0.9059,0.9059,0.9388,1.24,2.23,3.86
boltz2,msa,8B2R,boltz2_msa,input_model_0,0.96,0.9561,0.9329,2.06,2.68,0.9148,0.9051,0.9051,0.9375,0.83,2.26,4.22
boltz2,msa,8B2R,boltz2_msa,input_model_3,0.95,0.9551,0.9327,2.21,2.83,0.92,0.9055,0.9055,0.9372,1.24,2.07,3.83
boltz2,msa,8B2R,boltz2_msa,input_model_1,0.96,0.9554,0.9319,2.11,2.73,0.9145,0.9043,0.9043,0.9366,0.9,2.09,3.77
boltz2,msa,8B2R,boltz2_msa,input_model_0,0.96,0.9547,0.9307,2.11,2.75,0.9108,0.9011,0.9011,0.9355,0.87,2.17,3.93
boltz2,msa,8B2R,boltz2_msa,input_model_1,0.96,0.9537,0.929,2.15,2.8,0.9067,0.8991,0.8991,0.9339,0.86,2.33,4.03
boltz2,msa,8B2R,boltz2_msa,input_model_1,0.95,0.9511,0.9252,2.24,2.91,0.9032,0.8933,0.8933,0.9304,0.88,2.05,3.48
boltz2,msa,8B2R,boltz2_msa,input_model_2,0.95,0.9509,0.9246,2.24,2.92,0.8984,0.8902,0.8902,0.9299,0.89,2.21,3.33
boltz2,msa,8B2R,boltz2_msa,input_model_2,0.95,0.9503,0.9237,2.27,2.95,0.8967,0.8886,0.8886,0.929,0.85,2.09,3.72
boltz2,msa,8B2R,boltz2_msa,input_model_4,0.96,0.9502,0.9229,2.24,2.93,0.8939,0.8872,0.8872,0.9284,0.89,2.25,3.48
boltz2,msa,8B2R,boltz2_msa,input_model_0,0.95,0.9493,0.9219,2.27,2.97,0.8939,0.887,0.887,0.9274,0.87,2.12,3.63
boltz2,msa,8B2R,boltz2_msa,input_model_4,0.95,0.9494,0.9217,2.29,2.99,0.8939,0.8863,0.8863,0.9272,0.94,1.97,3.72
boltz2,msa,8B2R,boltz2_msa,input_model_3,0.96,0.9491,0.9205,2.24,2.96,0.8859,0.8839,0.8839,0.9262,0.88,2.01,3.7
boltz2,msa,8B2R,boltz2_msa,input_model_1,0.96,0.9491,0.9202,2.26,2.99,0.884,0.8833,0.8833,0.926,0.89,1.88,3.62
boltz2,msa,8B2R,boltz2_msa,input_model_2,0.95,0.9479,0.9204,2.38,3.08,0.8944,0.8834,0.8834,0.9259,0.87,2.04,3.39
boltz2,msa,8B2R,boltz2_msa,input_model_1,0.96,0.9484,0.9196,2.27,3.0,0.8835,0.8815,0.8815,0.9254,0.88,2.13,3.29
boltz2,msa,8B2R,boltz2_msa,input_model_3,0.95,0.9474,0.919,2.36,3.07,0.8904,0.8823,0.8823,0.9247,0.87,1.91,2.93
boltz2,msa,8B2R,boltz2_msa,input_model_3,0.96,0.9481,0.9189,2.29,3.02,0.8836,0.8813,0.8813,0.9247,0.87,1.99,3.45
boltz2,msa,8B2R,boltz2_msa,input_model_4,0.96,0.9433,0.9112,2.41,3.2,0.8618,0.8651,0.8618,0.9176,0.86,2.15,3.78
boltz2,msa,8B2R,boltz2_msa,input_model_4,0.96,0.9424,0.9106,2.44,3.23,0.869,0.8657,0.8657,0.917,0.88,2.09,3.62
boltz2,msa,8B2R,boltz2_msa,input_model_3,0.95,0.9286,0.8867,2.81,3.81,0.8026,0.8071,0.8026,0.8951,0.81,2.15,2.87
boltz2,msa,8B2R,boltz2_msa,input_model_4,0.93,0.8009,0.6252,5.99,9.93,0.1559,0.2699,0.1559,0.6603,0.81,2.48,20.68
chai1,no_msa,8B2R,chai1,pred.model_idx_1,91.54,0.8532,0.7081,0.0,0.0,0.0,0.0,0.0,0.7371,1.13,13.63,18.06
chai1,no_msa,8B2R,chai1,pred.model_idx_2,91.81,0.8555,0.7075,0.0,0.0,0.0,0.0,0.0,0.7371,1.04,13.38,17.58
chai1,no_msa,8B2R,chai1,pred.model_idx_3,92.03,0.8557,0.7075,0.0,0.0,0.0,0.0,0.0,0.7371,1.12,10.69,16.28
chai1,no_msa,8B2R,chai1,pred.model_idx_0,91.84,0.8551,0.7073,0.0,0.0,0.0,0.0,0.0,0.7369,1.01,13.68,18.52
chai1,no_msa,8B2R,chai1,pred.model_idx_2,91.96,0.8547,0.707,0.0,0.0,0.0,0.0,0.0,0.7365,1.03,13.37,17.65
chai1,no_msa,8B2R,chai1,pred.model_idx_1,91.73,0.8525,0.7066,0.0,0.0,0.0,0.0,0.0,0.7358,1.08,13.23,17.66
chai1,no_msa,8B2R,chai1,pred.model_idx_1,92.0,0.8544,0.7061,0.0,0.0,0.0,0.0,0.0,0.7358,1.07,13.54,17.55
chai1,no_msa,8B2R,chai1,pred.model_idx_0,91.72,0.8514,0.7066,0.0,0.0,0.0,0.0,0.0,0.7356,1.06,13.65,17.91
chai1,no_msa,8B2R,chai1,pred.model_idx_3,92.04,0.8532,0.7062,0.0,0.0,0.0,0.0,0.0,0.7356,1.05,13.71,17.83
chai1,no_msa,8B2R,chai1,pred.model_idx_4,91.57,0.8505,0.7067,0.0,0.0,0.0,0.0,0.0,0.7355,1.07,13.35,17.5
chai1,no_msa,8B2R,chai1,pred.model_idx_2,91.98,0.8536,0.7058,0.0,0.0,0.0,0.0,0.0,0.7354,1.07,13.45,17.55
chai1,no_msa,8B2R,chai1,pred.model_idx_3,91.94,0.8541,0.7057,0.0,0.0,0.0,0.0,0.0,0.7354,1.05,13.31,17.56
chai1,no_msa,8B2R,chai1,pred.model_idx_3,91.93,0.8544,0.7056,0.0,0.0,0.0,0.0,0.0,0.7354,1.1,13.51,17.57
chai1,no_msa,8B2R,chai1,pred.model_idx_4,91.89,0.8542,0.7057,0.0,0.0,0.0,0.0,0.0,0.7354,1.1,13.45,17.67
chai1,no_msa,8B2R,chai1,pred.model_idx_1,91.95,0.8533,0.7058,0.0,0.0,0.0,0.0,0.0,0.7353,1.05,13.23,17.52
chai1,no_msa,8B2R,chai1,pred.model_idx_1,91.81,0.8525,0.706,0.0,0.0,0.0,0.0,0.0,0.7353,1.07,8.6,12.56
chai1,no_msa,8B2R,chai1,pred.model_idx_0,91.88,0.8537,0.7056,0.0,0.0,0.0,0.0,0.0,0.7352,1.11,13.28,17.35
chai1,no_msa,8B2R,chai1,pred.model_idx_0,92.09,0.8541,0.7054,0.0,0.0,0.0,0.0,0.0,0.7351,1.02,13.46,17.47
chai1,no_msa,8B2R,chai1,pred.model_idx_2,91.97,0.8532,0.7056,0.0,0.0,0.0,0.0,0.0,0.7351,1.07,13.51,18.6
chai1,no_msa,8B2R,chai1,pred.model_idx_4,91.76,0.8538,0.7051,0.0,0.0,0.0,0.0,0.0,0.7348,1.11,13.27,17.57
chai1,no_msa,8B2R,chai1,pred.model_idx_4,91.9,0.8538,0.7046,0.0,0.0,0.0,0.0,0.0,0.7344,1.06,13.34,17.44
chai1,no_msa,8B2R,chai1,pred.model_idx_2,92.09,0.8533,0.7046,0.0,0.0,0.0,0.0,0.0,0.7343,1.05,13.53,17.76
chai1,no_msa,8B2R,chai1,pred.model_idx_0,91.46,0.8501,0.7047,0.0,0.0,0.0,0.0,0.0,0.7338,1.12,12.62,16.81
chai1,no_msa,8B2R,chai1,pred.model_idx_4,91.89,0.8497,0.7045,0.0,0.0,0.0,0.0,0.0,0.7335,1.04,13.05,19.39
chai1,no_msa,8B2R,chai1,pred.model_idx_3,91.6,0.8485,0.703,0.0,0.0,0.0,0.0,0.0,0.7321,1.11,13.14,18.32
colabfold,msa,8B2R,colabfold,complex_unrelaxed_rank_001_alphafold2_multimer_v3_model_2_seed_002,95.51,0.9,0.87,3.24,3.78,0.87,0.8568,0.8568,0.876,0.88,1.78,2.59
colabfold,msa,8B2R,colabfold,complex_unrelaxed_rank_002_alphafold2_multimer_v3_model_2_seed_004,95.08,0.89,0.86,3.4,4.0,0.8507,0.8416,0.8416,0.866,0.9,1.72,2.59
colabfold,msa,8B2R,colabfold,complex_unrelaxed_rank_003_alphafold2_multimer_v3_model_4_seed_003,89.43,0.82,0.8,4.85,5.87,0.7094,0.7593,0.7094,0.804,0.89,2.26,32.21
colabfold,msa,8B2R,colabfold,complex_unrelaxed_rank_004_alphafold2_multimer_v3_model_1_seed_002,91.41,0.83,0.79,4.28,5.27,0.7356,0.7328,0.7328,0.798,0.8,1.69,32.45
colabfold,msa,8B2R,colabfold,complex_unrelaxed_rank_005_alphafold2_multimer_v3_model_4_seed_002,89.71,0.81,0.78,4.78,5.97,0.6754,0.7306,0.6754,0.786,0.88,2.32,32.42
colabfold,msa,8B2R,colabfold,complex_unrelaxed_rank_006_alphafold2_multimer_v3_model_4_seed_001,90.45,0.81,0.77,4.53,5.69,0.6743,0.7172,0.6743,0.778,0.87,2.4,32.4
colabfold,msa,8B2R,colabfold,complex_unrelaxed_rank_007_alphafold2_multimer_v3_model_4_seed_004,89.26,0.78,0.73,4.99,6.53,0.5595,0.6174,0.5595,0.74,0.75,2.09,32.07
colabfold,msa,8B2R,colabfold,complex_unrelaxed_rank_009_alphafold2_multimer_v3_model_1_seed_001,89.95,0.79,0.71,4.98,6.65,0.5669,0.5734,0.5669,0.726,0.83,1.7,32.59
colabfold,msa,8B2R,colabfold,complex_unrelaxed_rank_008_alphafold2_multimer_v3_model_4_seed_000,89.3,0.78,0.71,5.06,6.71,0.5374,0.594,0.5374,0.724,0.9,1.83,32.09
colabfold,msa,8B2R,colabfold,complex_unrelaxed_rank_010_alphafold2_multimer_v3_model_1_seed_004,89.03,0.78,0.68,5.36,7.34,0.4752,0.5073,0.4752,0.7,0.81,1.73,32.48
colabfold,msa,8B2R,colabfold,complex_unrelaxed_rank_011_alphafold2_multimer_v3_model_1_seed_000,88.99,0.78,0.68,5.49,7.61,0.4443,0.4914,0.4443,0.7,0.86,1.76,32.36
colabfold,msa,8B2R,colabfold,complex_unrelaxed_rank_012_alphafold2_multimer_v3_model_5_seed_004,76.41,0.66,0.44,7.31,11.28,0.1475,0.2388,0.1475,0.484,0.96,2.74,38.89
colabfold,msa,8B2R,colabfold,complex_unrelaxed_rank_013_alphafold2_multimer_v3_model_2_seed_000,85.42,0.65,0.41,8.51,13.66,0.0194,0.1215,0.0194,0.458,0.99,1.75,31.75
colabfold,msa,8B2R,colabfold,complex_unrelaxed_rank_014_alphafold2_multimer_v3_model_3_seed_004,81.01,0.55,0.19,10.92,18.47,0.0,0.0082,0.0,0.262,0.87,2.54,38.62
colabfold,msa,8B2R,colabfold,complex_unrelaxed_rank_015_alphafold2_multimer_v3_model_1_seed_003,80.21,0.55,0.18,11.01,18.61,0.0,0.0121,0.0,0.254,0.94,1.68,29.66
colabfold,msa,8B2R,colabfold,complex_unrelaxed_rank_016_alphafold2_multimer_v3_model_3_seed_002,81.04,0.55,0.18,11.1,18.85,0.0,0.0057,0.0,0.254,0.84,2.61,39.29
colabfold,msa,8B2R,colabfold,complex_unrelaxed_rank_017_alphafold2_multimer_v3_model_3_seed_003,81.12,0.55,0.18,11.24,19.0,0.0,0.0137,0.0,0.254,0.81,2.32,41.18
colabfold,msa,8B2R,colabfold,complex_unrelaxed_rank_018_alphafold2_multimer_v3_model_3_seed_001,81.33,0.54,0.17,11.15,18.94,0.0,0.0029,0.0,0.244,0.89,2.6,39.23
colabfold,msa,8B2R,colabfold,complex_unrelaxed_rank_019_alphafold2_multimer_v3_model_2_seed_003,80.88,0.54,0.16,11.61,19.9,0.0,0.017,0.0,0.236,1.08,1.78,24.27
colabfold,msa,8B2R,colabfold,complex_unrelaxed_rank_020_alphafold2_multimer_v3_model_3_seed_000,80.43,0.54,0.16,11.5,19.65,0.0,0.0,0.0,0.236,0.87,2.62,38.23
colabfold,msa,8B2R,colabfold,complex_unrelaxed_rank_021_alphafold2_multimer_v3_model_2_seed_001,81.49,0.54,0.16,11.39,19.44,0.0,0.015,0.0,0.236,1.07,1.75,15.67
colabfold,msa,8B2R,colabfold,complex_unrelaxed_rank_022_alphafold2_multimer_v3_model_5_seed_003,77.46,0.52,0.13,12.69,21.89,0.0,0.0,0.0,0.208,0.64,2.59,36.11
colabfold,msa,8B2R,colabfold,complex_unrelaxed_rank_023_alphafold2_multimer_v3_model_5_seed_001,79.54,0.52,0.13,12.63,21.8,0.0,0.0,0.0,0.208,0.63,2.57,37.12
colabfold,msa,8B2R,colabfold,complex_unrelaxed_rank_024_alphafold2_multimer_v3_model_5_seed_002,78.19,0.49,0.08,13.76,23.86,0.0,0.0,0.0,0.162,0.66,2.54,36.55
colabfold,msa,8B2R,colabfold,complex_unrelaxed_rank_025_alphafold2_multimer_v3_model_5_seed_000,75.97,0.49,0.08,14.07,24.37,0.0,0.0,0.0,0.162,0.8,2.66,34.43
colabfold,no_msa,8B2R,colabfold_nomsa,complex_unrelaxed_rank_001_alphafold2_multimer_v3_model_3_seed_001,49.94,0.45,0.14,17.07,22.14,0.0,0.0,0.0,0.202,1.65,15.59,37.21
colabfold,no_msa,8B2R,colabfold_nomsa,complex_unrelaxed_rank_002_alphafold2_multimer_v3_model_5_seed_000,47.1,0.43,0.13,17.56,22.55,0.0,0.0,0.0,0.19,1.71,15.16,40.14
colabfold,no_msa,8B2R,colabfold_nomsa,complex_unrelaxed_rank_003_alphafold2_multimer_v3_model_5_seed_001,47.93,0.45,0.12,17.4,22.71,0.0,0.0,0.0,0.186,1.71,15.13,38.87
colabfold,no_msa,8B2R,colabfold_nomsa,complex_unrelaxed_rank_004_alphafold2_multimer_v3_model_5_seed_002,48.29,0.45,0.12,17.64,23.17,0.0,0.0,0.0,0.186,1.68,15.08,39.68
colabfold,no_msa,8B2R,colabfold_nomsa,complex_unrelaxed_rank_006_alphafold2_multimer_v3_model_1_seed_002,49.47,0.44,0.09,18.42,24.61,0.0,0.0,0.0,0.16,2.69,12.13,24.43
colabfold,no_msa,8B2R,colabfold_nomsa,complex_unrelaxed_rank_007_alphafold2_multimer_v3_model_4_seed_000,52.66,0.44,0.09,17.87,24.87,0.0,0.0,0.0,0.16,1.74,12.03,37.34
colabfold,no_msa,8B2R,colabfold_nomsa,complex_unrelaxed_rank_005_alphafold2_multimer_v3_model_1_seed_003,49.38,0.42,0.09,18.13,24.06,0.0,0.0,0.0,0.156,2.54,14.03,23.24
colabfold,no_msa,8B2R,colabfold_nomsa,complex_unrelaxed_rank_012_alphafold2_multimer_v3_model_4_seed_001,54.69,0.45,0.08,17.82,25.17,0.0,0.0,0.0,0.154,2.69,12.02,36.09
colabfold,no_msa,8B2R,colabfold_nomsa,complex_unrelaxed_rank_013_alphafold2_multimer_v3_model_4_seed_003,53.39,0.44,0.08,17.89,25.24,0.0,0.0,0.0,0.152,1.81,11.68,36.35
colabfold,no_msa,8B2R,colabfold_nomsa,complex_unrelaxed_rank_008_alphafold2_multimer_v3_model_4_seed_004,51.96,0.43,0.08,17.99,25.01,0.0,0.0,0.0,0.15,1.82,11.95,36.12
colabfold,no_msa,8B2R,colabfold_nomsa,complex_unrelaxed_rank_009_alphafold2_multimer_v3_model_1_seed_004,48.18,0.43,0.08,18.73,25.0,0.0,0.0,0.0,0.15,2.55,15.66,24.48
colabfold,no_msa,8B2R,colabfold_nomsa,complex_unrelaxed_rank_010_alphafold2_multimer_v3_model_1_seed_000,48.81,0.43,0.08,18.48,24.81,0.0,0.0,0.0,0.15,2.54,13.11,26.52
colabfold,no_msa,8B2R,colabfold_nomsa,complex_unrelaxed_rank_011_alphafold2_multimer_v3_model_1_seed_001,48.01,0.43,0.08,18.58,24.81,0.0,0.0,0.0,0.15,2.54,14.37,26.03
colabfold,no_msa,8B2R,colabfold_nomsa,complex_unrelaxed_rank_014_alphafold2_multimer_v3_model_5_seed_004,51.39,0.41,0.08,17.79,24.54,0.0,0.0,0.0,0.146,1.28,11.71,42.32
colabfold,no_msa,8B2R,colabfold_nomsa,complex_unrelaxed_rank_015_alphafold2_multimer_v3_model_2_seed_002,45.8,0.4,0.08,19.26,25.5,0.0,0.0,0.0,0.144,1.79,12.25,37.01
colabfold,no_msa,8B2R,colabfold_nomsa,complex_unrelaxed_rank_022_alphafold2_multimer_v3_model_3_seed_003,55.01,0.42,0.07,17.7,25.57,0.0,0.0,0.0,0.14,2.4,11.76,28.41
colabfold,no_msa,8B2R,colabfold_nomsa,complex_unrelaxed_rank_018_alphafold2_multimer_v3_model_2_seed_003,48.64,0.41,0.07,19.31,25.95,0.0,0.0,0.0,0.138,1.47,14.4,33.91
colabfold,no_msa,8B2R,colabfold_nomsa,complex_unrelaxed_rank_019_alphafold2_multimer_v3_model_5_seed_003,49.56,0.41,0.07,18.43,25.39,0.0,0.0,0.0,0.138,1.97,10.86,38.96
colabfold,no_msa,8B2R,colabfold_nomsa,complex_unrelaxed_rank_020_alphafold2_multimer_v3_model_2_seed_001,47.49,0.41,0.07,19.1,25.62,0.0,0.0,0.0,0.138,1.69,12.74,36.64
colabfold,no_msa,8B2R,colabfold_nomsa,complex_unrelaxed_rank_025_alphafold2_multimer_v3_model_4_seed_002,51.21,0.41,0.07,18.49,25.85,0.0,0.0,0.0,0.138,1.6,11.92,32.31
colabfold,no_msa,8B2R,colabfold_nomsa,complex_unrelaxed_rank_016_alphafold2_multimer_v3_model_3_seed_004,51.96,0.39,0.07,18.2,25.87,0.0,0.0,0.0,0.134,2.34,12.21,41.43
colabfold,no_msa,8B2R,colabfold_nomsa,complex_unrelaxed_rank_017_alphafold2_multimer_v3_model_3_seed_002,47.33,0.39,0.07,19.27,25.94,0.0,0.0,0.0,0.134,2.18,9.16,26.94
colabfold,no_msa,8B2R,colabfold_nomsa,complex_unrelaxed_rank_021_alphafold2_multimer_v3_model_2_seed_000,46.08,0.39,0.07,19.36,25.71,0.0,0.0,0.0,0.134,1.68,15.93,39.06
colabfold,no_msa,8B2R,colabfold_nomsa,complex_unrelaxed_rank_024_alphafold2_multimer_v3_model_3_seed_000,46.52,0.38,0.07,19.36,26.0,0.0,0.0,0.0,0.132,1.51,14.03,34.03
colabfold,no_msa,8B2R,colabfold_nomsa,complex_unrelaxed_rank_023_alphafold2_multimer_v3_model_2_seed_004,43.1,0.37,0.07,19.95,25.93,0.0,0.0,0.0,0.13,1.96,15.56,40.44
esmfold2,no_msa,8B2R,esmfold2,output_seed456_esmfold2_pred,72.98,0.4814,0.1535,14.42,22.11,0.0,0.0,0.0,0.2191,0.9,13.73,40.93
esmfold2,no_msa,8B2R,esmfold2,output_seed789_esmfold2_pred,71.84,0.4733,0.1145,15.27,23.54,0.0,0.0,0.0,0.1863,0.81,14.07,40.41
esmfold2,no_msa,8B2R,esmfold2,output_seed1024_esmfold2_pred,71.24,0.4714,0.1089,15.07,22.82,0.0,0.0,0.0,0.1814,1.03,12.39,37.66
esmfold2,no_msa,8B2R,esmfold2,output_esmfold2_pred,71.06,0.4649,0.0995,15.44,23.35,0.0,0.0,0.0,0.1726,1.02,11.34,36.45
esmfold2,no_msa,8B2R,esmfold2,output_seed123_esmfold2_pred,70.38,0.452,0.0819,16.15,25.31,0.0,0.0,0.0,0.1559,1.3,14.1,23.63
af2m,msa,9IMU,af2m,ranked_0,95.12,0.8789,0.8373,3.11,4.0,0.7784,0.7827,0.7784,0.8456,0.45,0.39,29.63
af2m,msa,9IMU,af2m,ranked_1,95.21,0.8687,0.8352,3.12,3.97,0.7861,0.7949,0.7861,0.8419,0.39,0.38,29.69
af2m,msa,9IMU,af2m,ranked_2,94.63,0.8646,0.8121,3.32,4.38,0.7198,0.7212,0.7198,0.8226,0.43,0.36,29.58
af2m,msa,9IMU,af2m,ranked_3,82.11,0.5491,0.1566,10.93,19.43,0.0,0.0027,0.0,0.2351,0.48,0.36,37.39
af2m,msa,9IMU,af2m,ranked_4,86.1,0.5509,0.1495,11.01,19.81,0.0,0.0026,0.0,0.2298,0.52,0.36,43.31
af2m,msa,9IMU,af2m,ranked_5,86.01,0.5458,0.1507,10.99,19.58,0.0,0.0052,0.0,0.2297,0.47,0.36,43.74
af2m,msa,9IMU,af2m,ranked_6,85.24,0.5443,0.15,11.07,19.72,0.0,0.003,0.0,0.2289,0.47,0.37,42.31
af2m,msa,9IMU,af2m,ranked_7,85.27,0.5422,0.148,11.14,19.78,0.0,0.003,0.0,0.2268,0.47,0.38,43.33
af2m,msa,9IMU,af2m,ranked_8,85.51,0.5422,0.1472,11.07,19.67,0.0,0.003,0.0,0.2262,0.47,0.37,43.41
af2m,msa,9IMU,af2m,ranked_9,84.39,0.5462,0.1453,11.19,20.19,0.0,0.0029,0.0,0.2255,0.48,0.35,36.23
af2m,msa,9IMU,af2m,ranked_10,85.18,0.5429,0.1457,11.14,19.88,0.0,0.0028,0.0,0.2251,0.46,0.37,42.87
af2m,msa,9IMU,af2m,ranked_11,85.09,0.5468,0.141,11.25,20.26,0.0,0.0,0.0,0.2222,0.53,0.36,43.13
af2m,msa,9IMU,af2m,ranked_12,84.08,0.5464,0.1403,11.27,20.37,0.0,0.0029,0.0,0.2215,0.47,0.34,35.48
af2m,msa,9IMU,af2m,ranked_13,81.97,0.5395,0.1401,11.33,20.18,0.0,0.0,0.0,0.22,0.5,0.36,36.93
af2m,msa,9IMU,af2m,ranked_14,84.56,0.5437,0.1387,11.27,20.37,0.0,0.0025,0.0,0.2197,0.48,0.35,37.93
af2m,msa,9IMU,af2m,ranked_15,82.93,0.5396,0.1371,11.38,20.37,0.0,0.0,0.0,0.2176,0.49,0.36,38.14
af2m,msa,9IMU,af2m,ranked_16,84.2,0.5421,0.1339,11.33,20.47,0.0,0.0025,0.0,0.2155,0.47,0.35,36.67
af2m,msa,9IMU,af2m,ranked_17,85.12,0.5401,0.1341,11.33,20.51,0.0,0.0,0.0,0.2153,0.46,0.35,37.19
af2m,msa,9IMU,af2m,ranked_18,83.55,0.5421,0.1301,11.63,21.01,0.0,0.0,0.0,0.2125,0.52,0.36,35.82
af2m,msa,9IMU,af2m,ranked_19,86.76,0.5374,0.1285,11.63,20.99,0.0,0.0,0.0,0.2103,0.47,0.34,42.84
af2m,msa,9IMU,af2m,ranked_20,86.95,0.5342,0.1242,11.83,21.39,0.0,0.0,0.0,0.2062,0.48,0.35,42.99
af2m,msa,9IMU,af2m,ranked_21,81.75,0.532,0.124,11.84,21.2,0.0,0.0,0.0,0.2056,0.52,0.36,37.89
af2m,msa,9IMU,af2m,ranked_22,87.24,0.534,0.1209,11.77,21.27,0.0,0.0,0.0,0.2035,0.48,0.35,43.04
af2m,msa,9IMU,af2m,ranked_23,81.48,0.5303,0.121,12.01,21.5,0.0,0.0,0.0,0.2029,0.52,0.36,37.5
af2m,msa,9IMU,af2m,ranked_24,86.56,0.5331,0.1195,11.86,21.43,0.0,0.0,0.0,0.2022,0.48,0.35,42.83
af3,msa,9IMU,af3,seed-42_sample-1,93.09,0.89,0.86,2.76,3.46,0.8365,0.8028,0.8028,0.866,0.6,0.35,2.99
af3,msa,9IMU,af3,seed-42_sample-3,93.12,0.89,0.86,2.75,3.45,0.8391,0.804,0.804,0.866,0.7,0.32,2.55
af3,msa,9IMU,af3,seed-1024_sample-0,92.99,0.89,0.85,2.8,3.55,0.8223,0.7982,0.7982,0.858,0.78,0.34,2.9
af3,msa,9IMU,af3,seed-1024_sample-2,93.15,0.89,0.85,2.85,3.63,0.8129,0.7866,0.7866,0.858,0.56,0.32,2.19
af3,msa,9IMU,af3,seed-123_sample-2,93.42,0.89,0.85,2.75,3.48,0.8266,0.8009,0.8009,0.858,0.59,0.3,1.62
af3,msa,9IMU,af3,seed-42_sample-0,93.07,0.89,0.85,2.81,3.57,0.8177,0.7918,0.7918,0.858,0.64,0.37,3.1
af3,msa,9IMU,af3,seed-42_sample-2,93.11,0.89,0.85,2.82,3.57,0.8177,0.7945,0.7945,0.858,0.61,0.32,2.76
af3,msa,9IMU,af3,seed-456_sample-2,93.22,0.89,0.85,2.73,3.46,0.8301,0.8055,0.8055,0.858,0.75,0.3,2.54
af3,msa,9IMU,af3,seed-456_sample-3,93.11,0.89,0.85,2.81,3.56,0.8203,0.7957,0.7957,0.858,0.7,0.34,2.71
af3,msa,9IMU,af3,seed-789_sample-4,93.14,0.89,0.85,2.86,3.65,0.806,0.7877,0.7877,0.858,0.67,0.31,1.86
af3,msa,9IMU,af3,seed-1024_sample-1,92.91,0.88,0.85,2.83,3.58,0.8256,0.796,0.796,0.856,0.73,0.35,3.56
af3,msa,9IMU,af3,seed-456_sample-1,92.91,0.89,0.84,2.89,3.66,0.8071,0.7867,0.7867,0.85,0.59,0.32,2.47
af3,msa,9IMU,af3,seed-1024_sample-4,92.98,0.88,0.84,2.96,3.82,0.7855,0.7676,0.7676,0.848,0.58,0.32,2.44
af3,msa,9IMU,af3,seed-123_sample-0,93.11,0.88,0.84,2.91,3.72,0.7983,0.7749,0.7749,0.848,0.61,0.33,2.5
af3,msa,9IMU,af3,seed-123_sample-1,92.6,0.88,0.84,2.93,3.72,0.8041,0.7824,0.7824,0.848,0.66,0.3,3.18
af3,msa,9IMU,af3,seed-123_sample-3,92.94,0.88,0.84,2.88,3.67,0.8079,0.7793,0.7793,0.848,0.66,0.32,2.99
af3,msa,9IMU,af3,seed-123_sample-4,92.93,0.88,0.84,2.85,3.6,0.812,0.7873,0.7873,0.848,0.71,0.32,2.69
af3,msa,9IMU,af3,seed-42_sample-4,93.06,0.88,0.84,2.89,3.68,0.8022,0.7827,0.7827,0.848,0.58,0.32,2.43
af3,msa,9IMU,af3,seed-789_sample-0,93.11,0.88,0.84,2.94,3.79,0.7833,0.7709,0.7709,0.848,0.6,0.33,2.05
af3,msa,9IMU,af3,seed-789_sample-1,93.01,0.88,0.84,2.91,3.76,0.784,0.7684,0.7684,0.848,0.65,0.32,2.7
af3,msa,9IMU,af3,seed-789_sample-2,92.86,0.88,0.84,2.93,3.75,0.7907,0.7752,0.7752,0.848,0.57,0.31,2.1
af3,msa,9IMU,af3,seed-789_sample-3,93.02,0.88,0.84,2.92,3.76,0.7903,0.7713,0.7713,0.848,0.66,0.32,2.65
af3,msa,9IMU,af3,seed-1024_sample-3,93.02,0.87,0.84,2.89,3.7,0.8034,0.7723,0.7723,0.846,0.59,0.33,1.93
af3,msa,9IMU,af3,seed-456_sample-4,92.72,0.87,0.82,3.11,4.07,0.7463,0.7403,0.7403,0.83,0.51,0.32,2.29
af3,msa,9IMU,af3,seed-456_sample-0,92.21,0.87,0.81,3.18,4.12,0.7451,0.747,0.7451,0.822,0.51,0.29,2.33
af3,no_msa,9IMU,af3_nomsa,seed-42_sample-1,90.81,0.89,0.87,3.04,3.76,0.8487,0.8148,0.8148,0.874,1.74,0.41,2.51
af3,no_msa,9IMU,af3_nomsa,seed-42_sample-2,91.17,0.89,0.86,2.97,3.67,0.8478,0.8159,0.8159,0.866,1.67,0.4,3.78
af3,no_msa,9IMU,af3_nomsa,seed-456_sample-2,90.74,0.88,0.86,3.2,4.0,0.8254,0.8,0.8,0.864,1.71,0.33,2.82
af3,no_msa,9IMU,af3_nomsa,seed-456_sample-3,90.96,0.88,0.86,3.04,3.79,0.8364,0.8083,0.8083,0.864,1.76,0.42,2.59
af3,no_msa,9IMU,af3_nomsa,seed-789_sample-3,90.55,0.88,0.86,3.16,3.95,0.8275,0.7987,0.7987,0.864,1.71,0.35,3.44
af3,no_msa,9IMU,af3_nomsa,seed-1024_sample-0,90.39,0.88,0.85,3.29,4.1,0.8149,0.7902,0.7902,0.856,1.63,0.36,3.3
af3,no_msa,9IMU,af3_nomsa,seed-1024_sample-1,90.16,0.88,0.85,3.2,3.99,0.8285,0.7946,0.7946,0.856,1.7,0.37,4.25
af3,no_msa,9IMU,af3_nomsa,seed-1024_sample-2,90.96,0.88,0.85,3.32,4.19,0.7989,0.7805,0.7805,0.856,1.61,0.38,2.08
af3,no_msa,9IMU,af3_nomsa,seed-123_sample-0,91.09,0.88,0.85,3.27,4.1,0.8053,0.7871,0.7871,0.856,1.72,0.39,1.74
af3,no_msa,9IMU,af3_nomsa,seed-123_sample-3,90.93,0.88,0.85,3.37,4.23,0.7987,0.7788,0.7788,0.856,1.64,0.4,2.37
af3,no_msa,9IMU,af3_nomsa,seed-42_sample-3,90.76,0.88,0.85,3.38,4.23,0.812,0.7797,0.7797,0.856,1.63,0.37,1.89
af3,no_msa,9IMU,af3_nomsa,seed-123_sample-1,90.47,0.87,0.84,3.32,4.16,0.8098,0.7818,0.7818,0.846,1.69,0.38,3.1
af3,no_msa,9IMU,af3_nomsa,seed-42_sample-0,90.04,0.87,0.84,3.57,4.46,0.8095,0.7653,0.7653,0.846,1.69,0.43,2.67
af3,no_msa,9IMU,af3_nomsa,seed-42_sample-4,90.18,0.87,0.84,3.52,4.42,0.7848,0.759,0.759,0.846,1.8,0.35,2.08
af3,no_msa,9IMU,af3_nomsa,seed-789_sample-0,90.13,0.87,0.84,3.58,4.51,0.7835,0.7621,0.7621,0.846,1.63,0.43,1.95
af3,no_msa,9IMU,af3_nomsa,seed-789_sample-1,90.69,0.87,0.84,3.4,4.29,0.7857,0.7687,0.7687,0.846,1.66,0.37,2.34
af3,no_msa,9IMU,af3_nomsa,seed-123_sample-4,90.3,0.86,0.83,3.57,4.54,0.7703,0.7451,0.7451,0.836,1.64,0.36,1.9
af3,no_msa,9IMU,af3_nomsa,seed-789_sample-4,90.17,0.86,0.83,3.56,4.54,0.7681,0.7509,0.7509,0.836,1.77,0.38,1.54
af3,no_msa,9IMU,af3_nomsa,seed-456_sample-0,89.99,0.86,0.82,3.79,4.82,0.7462,0.7356,0.7356,0.828,1.77,0.36,1.34
af3,no_msa,9IMU,af3_nomsa,seed-456_sample-1,89.64,0.86,0.82,3.88,4.99,0.7362,0.7211,0.7211,0.828,1.73,0.37,1.77
af3,no_msa,9IMU,af3_nomsa,seed-1024_sample-4,89.38,0.85,0.82,3.91,4.96,0.7429,0.72,0.72,0.826,1.83,0.34,2.58
af3,no_msa,9IMU,af3_nomsa,seed-789_sample-2,89.78,0.85,0.82,3.86,5.0,0.7199,0.7066,0.7066,0.826,1.58,0.35,1.73
af3,no_msa,9IMU,af3_nomsa,seed-1024_sample-3,89.08,0.85,0.81,4.05,5.19,0.7374,0.6984,0.6984,0.818,1.68,0.41,1.45
af3,no_msa,9IMU,af3_nomsa,seed-123_sample-2,89.42,0.85,0.81,3.9,5.01,0.7264,0.7039,0.7039,0.818,1.63,0.36,1.76
af3,no_msa,9IMU,af3_nomsa,seed-456_sample-4,89.12,0.84,0.8,4.16,5.39,0.6801,0.6773,0.6773,0.808,1.01,0.38,1.98
boltz1,no_msa,9IMU,boltz1,input_model_0,0.89,0.92,0.9163,4.03,4.45,0.8752,0.9142,0.8752,0.917,1.74,9.47,11.83
boltz1,no_msa,9IMU,boltz1,input_model_2,0.88,0.9037,0.9144,4.7,5.16,0.8777,0.9118,0.8777,0.9123,1.73,9.58,11.86
boltz1,no_msa,9IMU,boltz1,input_model_2,0.88,0.9092,0.9121,4.46,4.94,0.8914,0.9084,0.8914,0.9115,1.63,9.98,12.54
boltz1,no_msa,9IMU,boltz1,input_model_0,0.88,0.8956,0.9142,5.05,5.55,0.8895,0.9112,0.8895,0.9105,1.69,5.1,7.11
boltz1,no_msa,9IMU,boltz1,input_model_0,0.88,0.8941,0.9132,5.09,5.59,0.8941,0.91,0.8941,0.9094,1.67,4.83,6.74
boltz1,no_msa,9IMU,boltz1,input_model_1,0.88,0.9084,0.9094,4.46,4.95,0.8771,0.9045,0.8771,0.9092,1.65,8.25,10.49
boltz1,no_msa,9IMU,boltz1,input_model_1,0.88,0.9093,0.9062,4.5,4.98,0.894,0.9009,0.894,0.9068,1.61,9.52,11.82
boltz1,no_msa,9IMU,boltz1,input_model_3,0.88,0.9013,0.908,4.79,5.32,0.8847,0.9034,0.8847,0.9067,1.71,9.45,11.79
boltz1,no_msa,9IMU,boltz1,input_model_0,0.88,0.8975,0.9073,4.84,5.36,0.8732,0.9026,0.8732,0.9053,1.62,9.99,12.37
boltz1,no_msa,9IMU,boltz1,input_model_1,0.88,0.8925,0.9081,5.13,5.67,0.882,0.9037,0.882,0.905,1.52,7.12,9.13
boltz1,no_msa,9IMU,boltz1,input_model_3,0.87,0.893,0.9074,5.07,5.6,0.867,0.9021,0.867,0.9045,1.66,8.8,10.88
boltz1,no_msa,9IMU,boltz1,input_model_0,0.89,0.8993,0.9052,4.79,5.3,0.8766,0.8994,0.8766,0.904,1.63,8.85,11.02
boltz1,no_msa,9IMU,boltz1,input_model_1,0.88,0.8884,0.9074,5.32,5.85,0.8946,0.9024,0.8946,0.9036,1.64,6.24,7.98
boltz1,no_msa,9IMU,boltz1,input_model_2,0.87,0.8895,0.907,5.25,5.8,0.8729,0.9017,0.8729,0.9035,1.63,9.04,11.1
boltz1,no_msa,9IMU,boltz1,input_model_3,0.87,0.89,0.9063,5.29,5.82,0.889,0.9011,0.889,0.903,1.67,6.81,8.51
boltz1,no_msa,9IMU,boltz1,input_model_3,0.87,0.8834,0.9067,5.44,6.03,0.8904,0.9016,0.8904,0.902,1.53,4.87,6.7
boltz1,no_msa,9IMU,boltz1,input_model_1,0.88,0.8886,0.9048,5.19,5.74,0.887,0.8996,0.887,0.9016,1.59,6.8,8.61
boltz1,no_msa,9IMU,boltz1,input_model_3,0.87,0.8943,0.9023,5.04,5.57,0.867,0.8961,0.867,0.9007,1.64,9.4,11.77
boltz1,no_msa,9IMU,boltz1,input_model_2,0.88,0.8895,0.9023,5.18,5.74,0.8593,0.8957,0.8593,0.8997,1.65,9.23,11.53
boltz1,no_msa,9IMU,boltz1,input_model_4,0.86,0.8772,0.9052,5.48,6.12,0.8971,0.8993,0.8971,0.8996,1.61,5.88,7.34
boltz1,no_msa,9IMU,boltz1,input_model_2,0.87,0.886,0.9027,5.37,5.94,0.8561,0.896,0.8561,0.8994,1.63,9.26,11.23
boltz1,no_msa,9IMU,boltz1,input_model_4,0.87,0.891,0.9009,5.16,5.71,0.8635,0.8945,0.8635,0.8989,1.61,9.37,11.61
boltz1,no_msa,9IMU,boltz1,input_model_4,0.87,0.8805,0.9031,5.57,6.16,0.8869,0.8967,0.8869,0.8986,1.64,5.13,6.76
boltz1,no_msa,9IMU,boltz1,input_model_4,0.86,0.8796,0.9033,5.52,6.11,0.8902,0.8974,0.8902,0.8986,1.66,5.51,7.24
boltz1,no_msa,9IMU,boltz1,input_model_4,0.87,0.8833,0.9017,5.44,6.03,0.8791,0.8954,0.8791,0.898,1.59,8.51,10.49
boltz1,msa,9IMU,boltz1_msa,input_model_0,0.96,0.9498,0.9285,2.17,2.73,0.9321,0.927,0.927,0.9328,0.72,0.59,3.37
boltz1,msa,9IMU,boltz1_msa,input_model_1,0.96,0.9479,0.9252,2.23,2.81,0.9283,0.9259,0.9259,0.9297,0.7,0.57,3.25
boltz1,msa,9IMU,boltz1_msa,input_model_2,0.96,0.9477,0.9248,2.25,2.83,0.9279,0.9255,0.9255,0.9294,0.74,0.58,3.5
boltz1,msa,9IMU,boltz1_msa,input_model_0,0.96,0.9458,0.9238,2.31,2.9,0.9235,0.9243,0.9235,0.9282,0.73,0.59,3.48
boltz1,msa,9IMU,boltz1_msa,input_model_0,0.96,0.9458,0.9235,2.25,2.84,0.9242,0.924,0.924,0.928,0.69,0.56,3.17
boltz1,msa,9IMU,boltz1_msa,input_model_0,0.96,0.9457,0.9236,2.29,2.88,0.9238,0.9241,0.9238,0.928,0.72,0.59,3.42
boltz1,msa,9IMU,boltz1_msa,input_model_3,0.96,0.9459,0.9234,2.25,2.84,0.9242,0.9239,0.9239,0.9279,0.7,0.57,3.29
boltz1,msa,9IMU,boltz1_msa,input_model_2,0.96,0.9467,0.9229,2.24,2.82,0.9252,0.9234,0.9234,0.9277,0.69,0.56,3.13
boltz1,msa,9IMU,boltz1_msa,input_model_0,0.96,0.946,0.9231,2.29,2.88,0.9243,0.9235,0.9235,0.9277,0.72,0.6,3.52
boltz1,msa,9IMU,boltz1_msa,input_model_2,0.96,0.9454,0.9233,2.33,2.92,0.9209,0.9237,0.9209,0.9277,0.69,0.59,3.36
boltz1,msa,9IMU,boltz1_msa,input_model_3,0.96,0.945,0.9233,2.31,2.9,0.9214,0.9237,0.9214,0.9276,0.71,0.58,3.28
boltz1,msa,9IMU,boltz1_msa,input_model_1,0.96,0.9461,0.9229,2.29,2.88,0.9225,0.9234,0.9225,0.9275,0.68,0.57,3.12
boltz1,msa,9IMU,boltz1_msa,input_model_1,0.96,0.9459,0.9226,2.24,2.83,0.9247,0.923,0.923,0.9273,0.7,0.57,3.23
boltz1,msa,9IMU,boltz1_msa,input_model_2,0.96,0.9446,0.9223,2.33,2.93,0.9208,0.9226,0.9208,0.9268,0.71,0.57,3.39
boltz1,msa,9IMU,boltz1_msa,input_model_4,0.96,0.9437,0.9225,2.31,2.92,0.9196,0.9229,0.9196,0.9267,0.72,0.58,3.39
boltz1,msa,9IMU,boltz1_msa,input_model_1,0.96,0.9435,0.9222,2.34,2.94,0.917,0.9225,0.917,0.9265,0.7,0.58,3.33
boltz1,msa,9IMU,boltz1_msa,input_model_2,0.96,0.9447,0.9216,2.29,2.89,0.9219,0.9219,0.9219,0.9262,0.71,0.58,3.34
boltz1,msa,9IMU,boltz1_msa,input_model_4,0.96,0.9444,0.9214,2.31,2.92,0.9218,0.9216,0.9216,0.926,0.73,0.59,3.54
boltz1,msa,9IMU,boltz1_msa,input_model_4,0.96,0.9434,0.9212,2.34,2.94,0.9171,0.9214,0.9171,0.9256,0.69,0.57,3.32
boltz1,msa,9IMU,boltz1_msa,input_model_3,0.96,0.9446,0.9207,2.29,2.9,0.9213,0.9209,0.9209,0.9255,0.68,0.57,3.19
boltz1,msa,9IMU,boltz1_msa,input_model_1,0.96,0.9431,0.9209,2.37,2.98,0.9177,0.9211,0.9177,0.9253,0.72,0.59,3.39
boltz1,msa,9IMU,boltz1_msa,input_model_4,0.96,0.9434,0.9204,2.33,2.94,0.9192,0.9204,0.9192,0.925,0.69,0.56,3.32
boltz1,msa,9IMU,boltz1_msa,input_model_4,0.96,0.9434,0.9204,2.32,2.93,0.9189,0.9205,0.9189,0.925,0.71,0.58,3.35
boltz1,msa,9IMU,boltz1_msa,input_model_3,0.96,0.9439,0.9202,2.29,2.9,0.9203,0.9202,0.9202,0.9249,0.7,0.56,3.23
boltz1,msa,9IMU,boltz1_msa,input_model_3,0.96,0.9439,0.9194,2.29,2.9,0.9203,0.9194,0.9194,0.9243,0.69,0.58,3.38
boltz2,no_msa,9IMU,boltz2,input_model_1,0.81,0.6062,0.3374,10.31,16.13,0.0,0.0,0.0,0.3912,0.75,8.73,38.37
boltz2,no_msa,9IMU,boltz2,input_model_2,0.81,0.5836,0.3249,11.09,17.19,0.0,0.0025,0.0,0.3766,0.79,0.72,37.68
boltz2,no_msa,9IMU,boltz2,input_model_1,0.82,0.5996,0.3181,10.56,16.49,0.0,0.0,0.0,0.3744,0.67,9.04,37.08
boltz2,no_msa,9IMU,boltz2,input_model_3,0.82,0.5775,0.2972,11.33,17.77,0.0,0.0,0.0,0.3533,0.73,0.73,37.6
boltz2,no_msa,9IMU,boltz2,input_model_1,0.82,0.5703,0.2871,11.33,17.89,0.0,0.0,0.0,0.3437,0.79,0.69,37.52
boltz2,no_msa,9IMU,boltz2,input_model_0,0.85,0.5799,0.2826,11.17,17.65,0.0,0.0,0.0,0.3421,0.66,8.7,36.67
boltz2,no_msa,9IMU,boltz2,input_model_0,0.86,0.5784,0.2742,11.22,17.77,0.0,0.0,0.0,0.335,0.71,8.69,36.43
boltz2,no_msa,9IMU,boltz2,input_model_1,0.84,0.5394,0.2794,12.19,19.44,0.0,0.0,0.0,0.3314,0.67,8.99,34.68
boltz2,no_msa,9IMU,boltz2,input_model_2,0.84,0.5548,0.2661,11.83,18.77,0.0,0.0,0.0,0.3238,0.77,8.58,33.88
boltz2,no_msa,9IMU,boltz2,input_model_2,0.81,0.5587,0.2618,11.73,18.49,0.0,0.0,0.0,0.3212,0.76,0.68,37.99
boltz2,no_msa,9IMU,boltz2,input_model_4,0.83,0.5618,0.2599,11.98,18.85,0.0,0.0,0.0,0.3203,0.68,8.73,31.52
boltz2,no_msa,9IMU,boltz2,input_model_1,0.84,0.536,0.2537,12.31,19.51,0.0,0.0,0.0,0.3102,0.77,9.07,33.83
boltz2,no_msa,9IMU,boltz2,input_model_3,0.81,0.5486,0.2494,11.93,18.84,0.0,0.0,0.0,0.3092,0.75,0.67,37.81
boltz2,no_msa,9IMU,boltz2,input_model_0,0.85,0.5604,0.246,11.54,18.32,0.0,0.0,0.0,0.3089,0.64,8.81,36.38
boltz2,no_msa,9IMU,boltz2,input_model_3,0.8,0.5384,0.232,12.2,19.2,0.0,0.0,0.0,0.2933,0.7,0.62,38.24
boltz2,no_msa,9IMU,boltz2,input_model_0,0.87,0.5299,0.2284,12.3,19.69,0.0,0.0,0.0,0.2887,0.75,8.75,32.89
boltz2,no_msa,9IMU,boltz2,input_model_4,0.8,0.5345,0.2223,12.33,19.52,0.0,0.0,0.0,0.2847,0.79,0.63,37.88
boltz2,no_msa,9IMU,boltz2,input_model_2,0.85,0.5338,0.2209,12.42,19.99,0.0,0.0,0.0,0.2835,0.69,8.79,33.93
boltz2,no_msa,9IMU,boltz2,input_model_0,0.85,0.5335,0.2146,12.32,20.08,0.0,0.0,0.0,0.2784,0.72,8.73,33.62
boltz2,no_msa,9IMU,boltz2,input_model_4,0.8,0.5349,0.2115,12.23,19.63,0.0,0.0,0.0,0.2762,0.68,0.69,39.62
boltz2,no_msa,9IMU,boltz2,input_model_3,0.8,0.5246,0.202,12.52,19.9,0.0,0.0,0.0,0.2665,0.83,0.58,37.86
boltz2,no_msa,9IMU,boltz2,input_model_4,0.8,0.5385,0.1881,12.48,20.13,0.0,0.0,0.0,0.2582,0.87,8.58,34.72
boltz2,no_msa,9IMU,boltz2,input_model_4,0.79,0.5191,0.1706,13.3,21.31,0.0,0.0,0.0,0.2403,0.68,8.58,9.23
boltz2,no_msa,9IMU,boltz2,input_model_2,0.82,0.5077,0.15,13.39,21.69,0.0,0.0,0.0,0.2215,0.65,8.89,31.6
boltz2,no_msa,9IMU,boltz2,input_model_3,0.83,0.502,0.1483,13.4,21.21,0.0,0.0,0.0,0.219,0.69,8.82,35.08
boltz2,msa,9IMU,boltz2_msa,input_model_0,0.86,0.8802,0.7757,3.65,5.89,0.386,0.5482,0.386,0.7966,0.69,0.42,40.87
boltz2,msa,9IMU,boltz2_msa,input_model_0,0.85,0.8434,0.7036,4.75,7.96,0.2246,0.4053,0.2246,0.7316,0.65,0.5,38.39
boltz2,msa,9IMU,boltz2_msa,input_model_0,0.85,0.8174,0.6494,5.55,9.48,0.0683,0.337,0.0683,0.683,0.67,0.46,38.09
boltz2,msa,9IMU,boltz2_msa,input_model_0,0.86,0.8019,0.6179,5.81,10.01,0.0555,0.2922,0.0555,0.6547,0.64,0.43,38.97
boltz2,msa,9IMU,boltz2_msa,input_model_1,0.85,0.7723,0.5571,6.62,11.58,0.0091,0.2313,0.0091,0.6001,0.68,0.47,38.12
boltz2,msa,9IMU,boltz2_msa,input_model_1,0.86,0.7625,0.5395,6.78,11.84,0.0089,0.2141,0.0089,0.5841,0.64,0.41,38.23
boltz2,msa,9IMU,boltz2_msa,input_model_2,0.85,0.7342,0.497,7.15,12.49,0.0028,0.1693,0.0028,0.5444,0.65,0.41,37.39
boltz2,msa,9IMU,boltz2_msa,input_model_3,0.85,0.7388,0.4891,7.33,13.0,0.0,0.1722,0.0,0.539,0.72,0.53,37.91
boltz2,msa,9IMU,boltz2_msa,input_model_0,0.86,0.7144,0.4415,7.97,14.27,0.0,0.1229,0.0,0.4961,0.68,0.4,25.07
boltz2,msa,9IMU,boltz2_msa,input_model_2,0.87,0.6985,0.4134,8.33,14.84,0.0,0.0847,0.0,0.4704,0.67,0.43,31.53
boltz2,msa,9IMU,boltz2_msa,input_model_2,0.84,0.686,0.4025,8.35,14.71,0.0,0.1061,0.0,0.4592,0.64,0.47,37.59
boltz2,msa,9IMU,boltz2_msa,input_model_2,0.84,0.6851,0.3971,8.36,14.84,0.0,0.0845,0.0,0.4547,0.61,0.42,37.22
boltz2,msa,9IMU,boltz2_msa,input_model_1,0.88,0.6842,0.3804,8.49,15.26,0.0,0.0716,0.0,0.4412,0.71,0.5,36.12
boltz2,msa,9IMU,boltz2_msa,input_model_1,0.88,0.6726,0.3645,8.92,15.88,0.0,0.049,0.0,0.4261,0.55,0.45,23.78
boltz2,msa,9IMU,boltz2_msa,input_model_3,0.87,0.6761,0.3623,8.82,15.91,0.0,0.0498,0.0,0.4251,0.63,0.39,32.93
boltz2,msa,9IMU,boltz2_msa,input_model_2,0.87,0.6648,0.3415,9.17,16.57,0.0,0.0426,0.0,0.4062,0.65,0.36,31.32
boltz2,msa,9IMU,boltz2_msa,input_model_1,0.87,0.6461,0.3034,9.6,17.45,0.0,0.0288,0.0,0.3719,0.67,0.38,28.93
boltz2,msa,9IMU,boltz2_msa,input_model_4,0.87,0.6377,0.2859,9.85,17.94,0.0,0.0171,0.0,0.3563,0.68,0.36,28.95
boltz2,msa,9IMU,boltz2_msa,input_model_4,0.87,0.6343,0.2798,9.52,17.28,0.0,0.0316,0.0,0.3507,0.67,0.4,25.9
boltz2,msa,9IMU,boltz2_msa,input_model_3,0.86,0.6349,0.2765,9.71,17.68,0.0,0.0146,0.0,0.3482,0.7,0.39,36.74
boltz2,msa,9IMU,boltz2_msa,input_model_3,0.87,0.6293,0.2678,9.98,18.16,0.0,0.0083,0.0,0.3401,0.68,0.36,33.33
boltz2,msa,9IMU,boltz2_msa,input_model_3,0.87,0.623,0.2559,10.07,18.43,0.0,0.0053,0.0,0.3293,0.7,0.35,32.88
boltz2,msa,9IMU,boltz2_msa,input_model_4,0.85,0.6074,0.2292,10.55,19.14,0.0,0.0029,0.0,0.3048,0.62,0.56,38.02
boltz2,msa,9IMU,boltz2_msa,input_model_4,0.87,0.5958,0.1988,10.87,20.02,0.0,0.0,0.0,0.2782,0.63,0.35,34.67
boltz2,msa,9IMU,boltz2_msa,input_model_4,0.87,0.5899,0.1881,11.05,20.31,0.0,0.0,0.0,0.2685,0.62,0.36,34.78
chai1,no_msa,9IMU,chai1,pred.model_idx_0,82.84,0.5557,0.1779,0.0,0.0,0.0,0.0,0.0,0.2535,0.7,9.5,12.01
chai1,no_msa,9IMU,chai1,pred.model_idx_4,83.08,0.5571,0.1756,0.0,0.0,0.0,0.0,0.0,0.2519,0.7,9.69,12.24
chai1,no_msa,9IMU,chai1,pred.model_idx_1,82.89,0.5565,0.164,0.0,0.0,0.0,0.0,0.0,0.2425,0.62,8.87,12.0
chai1,no_msa,9IMU,chai1,pred.model_idx_4,82.86,0.5562,0.1627,0.0,0.0,0.0,0.0,0.0,0.2414,0.67,9.65,12.1
chai1,no_msa,9IMU,chai1,pred.model_idx_2,83.02,0.5572,0.1602,0.0,0.0,0.0,0.0,0.0,0.2396,0.67,9.52,12.12
chai1,no_msa,9IMU,chai1,pred.model_idx_3,83.06,0.5572,0.1595,0.0,0.0,0.0,0.0,0.0,0.239,0.68,9.23,12.27
chai1,no_msa,9IMU,chai1,pred.model_idx_3,82.97,0.5558,0.1597,0.0,0.0,0.0,0.0,0.0,0.2389,0.64,9.12,12.21
chai1,no_msa,9IMU,chai1,pred.model_idx_0,82.61,0.5515,0.159,0.0,0.0,0.0,0.0,0.0,0.2375,0.57,0.75,3.12
chai1,no_msa,9IMU,chai1,pred.model_idx_3,82.92,0.5558,0.157,0.0,0.0,0.0,0.0,0.0,0.2368,0.64,8.9,11.83
chai1,no_msa,9IMU,chai1,pred.model_idx_0,82.83,0.5542,0.1565,0.0,0.0,0.0,0.0,0.0,0.236,0.71,9.18,12.15
chai1,no_msa,9IMU,chai1,pred.model_idx_4,83.05,0.5565,0.1558,0.0,0.0,0.0,0.0,0.0,0.2359,0.65,9.69,12.35
chai1,no_msa,9IMU,chai1,pred.model_idx_2,82.53,0.5516,0.157,0.0,0.0,0.0,0.0,0.0,0.2359,0.6,0.58,2.26
chai1,no_msa,9IMU,chai1,pred.model_idx_1,82.88,0.5536,0.1547,0.0,0.0,0.0,0.0,0.0,0.2345,0.58,9.95,12.82
chai1,no_msa,9IMU,chai1,pred.model_idx_1,82.5,0.5514,0.1551,0.0,0.0,0.0,0.0,0.0,0.2344,0.6,3.4,5.46
chai1,no_msa,9IMU,chai1,pred.model_idx_0,83.02,0.5554,0.1538,0.0,0.0,0.0,0.0,0.0,0.2341,0.68,9.37,12.12
chai1,no_msa,9IMU,chai1,pred.model_idx_4,82.31,0.5487,0.1551,0.0,0.0,0.0,0.0,0.0,0.2338,0.8,0.92,5.88
chai1,no_msa,9IMU,chai1,pred.model_idx_1,82.43,0.5522,0.1541,0.0,0.0,0.0,0.0,0.0,0.2337,0.77,7.87,11.01
chai1,no_msa,9IMU,chai1,pred.model_idx_3,82.37,0.5489,0.153,0.0,0.0,0.0,0.0,0.0,0.2322,0.71,0.5,5.02
chai1,no_msa,9IMU,chai1,pred.model_idx_3,82.52,0.5446,0.1475,0.0,0.0,0.0,0.0,0.0,0.2269,0.68,0.78,13.29
chai1,no_msa,9IMU,chai1,pred.model_idx_2,82.63,0.5441,0.1456,0.0,0.0,0.0,0.0,0.0,0.2253,0.65,0.56,11.57
chai1,no_msa,9IMU,chai1,pred.model_idx_2,82.29,0.5395,0.1306,0.0,0.0,0.0,0.0,0.0,0.2124,0.7,0.61,17.78
chai1,no_msa,9IMU,chai1,pred.model_idx_2,82.34,0.5391,0.1275,0.0,0.0,0.0,0.0,0.0,0.2098,0.59,0.55,21.76
chai1,no_msa,9IMU,chai1,pred.model_idx_1,82.46,0.5387,0.1271,0.0,0.0,0.0,0.0,0.0,0.2094,0.67,0.51,23.09
chai1,no_msa,9IMU,chai1,pred.model_idx_4,82.17,0.5313,0.115,0.0,0.0,0.0,0.0,0.0,0.1983,0.54,0.97,24.93
chai1,no_msa,9IMU,chai1,pred.model_idx_0,82.16,0.5289,0.1086,0.0,0.0,0.0,0.0,0.0,0.1927,0.64,0.52,31.0
colabfold,msa,9IMU,colabfold,complex_unrelaxed_rank_001_alphafold2_multimer_v3_model_2_seed_004,96.73,0.91,0.88,2.55,3.06,0.8772,0.8506,0.8506,0.886,0.42,0.51,2.04
colabfold,msa,9IMU,colabfold,complex_unrelaxed_rank_002_alphafold2_multimer_v3_model_4_seed_000,95.88,0.9,0.86,2.77,3.34,0.8543,0.8356,0.8356,0.868,0.42,0.52,2.39
colabfold,msa,9IMU,colabfold,complex_unrelaxed_rank_003_alphafold2_multimer_v3_model_4_seed_002,95.78,0.89,0.85,2.78,3.37,0.8458,0.8185,0.8185,0.858,0.42,0.52,2.58
colabfold,msa,9IMU,colabfold,complex_unrelaxed_rank_004_alphafold2_multimer_v3_model_2_seed_001,95.84,0.89,0.85,2.87,3.54,0.8321,0.8151,0.8151,0.858,0.41,0.44,1.74
colabfold,msa,9IMU,colabfold,complex_unrelaxed_rank_005_alphafold2_multimer_v3_model_4_seed_001,95.72,0.89,0.84,2.81,3.45,0.8328,0.8089,0.8089,0.85,0.42,0.49,2.59
colabfold,msa,9IMU,colabfold,complex_unrelaxed_rank_006_alphafold2_multimer_v3_model_1_seed_002,95.24,0.88,0.84,2.95,3.7,0.81,0.7741,0.7741,0.848,0.43,0.45,1.93
colabfold,msa,9IMU,colabfold,complex_unrelaxed_rank_007_alphafold2_multimer_v3_model_2_seed_003,73.86,0.72,0.82,8.76,11.05,0.4696,0.7481,0.4696,0.8,0.47,3.99,36.07
colabfold,msa,9IMU,colabfold,complex_unrelaxed_rank_008_alphafold2_multimer_v3_model_2_seed_002,72.72,0.71,0.82,9.32,11.76,0.4471,0.7293,0.4471,0.798,0.45,3.86,36.23
colabfold,msa,9IMU,colabfold,complex_unrelaxed_rank_009_alphafold2_multimer_v3_model_2_seed_000,71.64,0.69,0.79,9.82,12.51,0.4103,0.6437,0.4103,0.77,0.47,3.78,36.09
colabfold,msa,9IMU,colabfold,complex_unrelaxed_rank_010_alphafold2_multimer_v3_model_3_seed_002,87.74,0.73,0.64,5.82,8.41,0.3632,0.4298,0.3632,0.658,0.48,5.58,38.34
colabfold,msa,9IMU,colabfold,complex_unrelaxed_rank_011_alphafold2_multimer_v3_model_4_seed_004,89.12,0.74,0.62,5.15,7.69,0.3241,0.4218,0.3241,0.644,0.4,0.55,29.22
colabfold,msa,9IMU,colabfold,complex_unrelaxed_rank_012_alphafold2_multimer_v3_model_1_seed_003,83.71,0.62,0.34,8.36,14.06,0.0088,0.0886,0.0088,0.396,0.46,0.55,29.25
colabfold,msa,9IMU,colabfold,complex_unrelaxed_rank_013_alphafold2_multimer_v3_model_4_seed_003,81.5,0.58,0.24,9.32,15.99,0.0,0.047,0.0,0.308,0.42,0.62,27.11
colabfold,msa,9IMU,colabfold,complex_unrelaxed_rank_014_alphafold2_multimer_v3_model_1_seed_004,80.02,0.55,0.18,10.45,18.26,0.0,0.0188,0.0,0.254,0.5,0.61,25.09
colabfold,msa,9IMU,colabfold,complex_unrelaxed_rank_015_alphafold2_multimer_v3_model_3_seed_001,80.65,0.55,0.17,11.08,19.42,0.0,0.0176,0.0,0.246,0.5,0.64,33.5
colabfold,msa,9IMU,colabfold,complex_unrelaxed_rank_016_alphafold2_multimer_v3_model_3_seed_000,81.36,0.55,0.17,11.07,19.47,0.0,0.0167,0.0,0.246,0.48,0.63,34.18
colabfold,msa,9IMU,colabfold,complex_unrelaxed_rank_017_alphafold2_multimer_v3_model_3_seed_003,80.83,0.55,0.17,11.06,19.45,0.0,0.0177,0.0,0.246,0.5,0.61,34.49
colabfold,msa,9IMU,colabfold,complex_unrelaxed_rank_018_alphafold2_multimer_v3_model_3_seed_004,81.15,0.55,0.17,11.09,19.51,0.0,0.0136,0.0,0.246,0.49,0.62,32.62
colabfold,msa,9IMU,colabfold,complex_unrelaxed_rank_019_alphafold2_multimer_v3_model_1_seed_000,79.89,0.55,0.16,10.82,18.96,0.0,0.0168,0.0,0.238,0.53,0.62,23.15
colabfold,msa,9IMU,colabfold,complex_unrelaxed_rank_020_alphafold2_multimer_v3_model_5_seed_003,79.07,0.54,0.15,11.39,20.04,0.0,0.0029,0.0,0.228,0.52,0.68,34.14
colabfold,msa,9IMU,colabfold,complex_unrelaxed_rank_021_alphafold2_multimer_v3_model_5_seed_001,79.53,0.53,0.14,11.6,20.44,0.0,0.0027,0.0,0.218,0.51,0.66,34.11
colabfold,msa,9IMU,colabfold,complex_unrelaxed_rank_022_alphafold2_multimer_v3_model_5_seed_002,79.74,0.53,0.14,11.71,20.7,0.0,0.0028,0.0,0.218,0.55,0.68,35.52
colabfold,msa,9IMU,colabfold,complex_unrelaxed_rank_024_alphafold2_multimer_v3_model_5_seed_000,78.92,0.53,0.14,11.75,20.7,0.0,0.0028,0.0,0.218,0.53,0.69,32.07
colabfold,msa,9IMU,colabfold,complex_unrelaxed_rank_025_alphafold2_multimer_v3_model_5_seed_004,79.48,0.53,0.14,11.69,20.7,0.0,0.0028,0.0,0.218,0.53,0.69,34.25
colabfold,msa,9IMU,colabfold,complex_unrelaxed_rank_023_alphafold2_multimer_v3_model_1_seed_001,71.62,0.48,0.14,12.44,20.64,0.0,0.0,0.0,0.208,0.53,1.49,23.69
colabfold,no_msa,9IMU,colabfold_nomsa,complex_unrelaxed_rank_001_alphafold2_multimer_v3_model_4_seed_001,53.59,0.47,0.14,16.96,23.23,0.0,0.0,0.0,0.206,1.59,14.54,34.83
colabfold,no_msa,9IMU,colabfold_nomsa,complex_unrelaxed_rank_002_alphafold2_multimer_v3_model_1_seed_003,50.46,0.47,0.12,16.95,22.33,0.0,0.0,0.0,0.19,2.61,11.71,24.04
colabfold,no_msa,9IMU,colabfold_nomsa,complex_unrelaxed_rank_003_alphafold2_multimer_v3_model_1_seed_000,49.97,0.45,0.12,17.0,22.38,0.0,0.0,0.0,0.186,2.51,11.95,23.36
colabfold,no_msa,9IMU,colabfold_nomsa,complex_unrelaxed_rank_004_alphafold2_multimer_v3_model_4_seed_000,51.08,0.45,0.12,17.41,23.6,0.0,0.0,0.0,0.186,1.57,14.69,35.04
colabfold,no_msa,9IMU,colabfold_nomsa,complex_unrelaxed_rank_005_alphafold2_multimer_v3_model_1_seed_001,52.22,0.47,0.11,16.81,22.54,0.0,0.0,0.0,0.182,2.65,13.07,23.9
colabfold,no_msa,9IMU,colabfold_nomsa,complex_unrelaxed_rank_006_alphafold2_multimer_v3_model_5_seed_000,47.5,0.41,0.1,17.74,23.47,0.0,0.0,0.0,0.162,2.58,10.54,22.8
colabfold,no_msa,9IMU,colabfold_nomsa,complex_unrelaxed_rank_009_alphafold2_multimer_v3_model_3_seed_002,51.9,0.45,0.09,17.45,23.97,0.0,0.0,0.0,0.162,3.23,11.49,26.47
colabfold,no_msa,9IMU,colabfold_nomsa,complex_unrelaxed_rank_010_alphafold2_multimer_v3_model_2_seed_003,53.19,0.45,0.09,17.61,24.28,0.0,0.0,0.0,0.162,1.12,7.05,34.71
colabfold,no_msa,9IMU,colabfold_nomsa,complex_unrelaxed_rank_011_alphafold2_multimer_v3_model_2_seed_004,53.41,0.45,0.09,17.64,24.39,0.0,0.0,0.0,0.162,0.95,7.88,35.85
colabfold,no_msa,9IMU,colabfold_nomsa,complex_unrelaxed_rank_014_alphafold2_multimer_v3_model_2_seed_000,53.33,0.45,0.09,17.98,24.52,0.0,0.0,0.0,0.162,0.83,14.89,35.1
colabfold,no_msa,9IMU,colabfold_nomsa,complex_unrelaxed_rank_008_alphafold2_multimer_v3_model_1_seed_002,51.19,0.43,0.09,17.22,23.27,0.0,0.0,0.0,0.158,3.71,12.92,23.94
colabfold,no_msa,9IMU,colabfold_nomsa,complex_unrelaxed_rank_007_alphafold2_multimer_v3_model_3_seed_003,49.74,0.42,0.09,17.64,23.65,0.0,0.0,0.0,0.156,2.33,11.95,22.9
colabfold,no_msa,9IMU,colabfold_nomsa,complex_unrelaxed_rank_012_alphafold2_multimer_v3_model_4_seed_003,62.4,0.42,0.09,15.69,23.82,0.0,0.0,0.0,0.156,1.63,3.64,29.71
colabfold,no_msa,9IMU,colabfold_nomsa,complex_unrelaxed_rank_013_alphafold2_multimer_v3_model_5_seed_004,56.06,0.42,0.09,16.31,23.32,0.0,0.0,0.0,0.156,0.84,7.53,36.59
colabfold,no_msa,9IMU,colabfold_nomsa,complex_unrelaxed_rank_016_alphafold2_multimer_v3_model_1_seed_004,52.56,0.45,0.08,17.7,24.37,0.0,0.0,0.0,0.154,0.98,12.2,25.3
colabfold,no_msa,9IMU,colabfold_nomsa,complex_unrelaxed_rank_015_alphafold2_multimer_v3_model_5_seed_002,56.48,0.44,0.08,16.45,24.12,0.0,0.0,0.0,0.152,3.31,6.93,39.08
colabfold,no_msa,9IMU,colabfold_nomsa,complex_unrelaxed_rank_018_alphafold2_multimer_v3_model_2_seed_002,56.06,0.44,0.08,16.89,24.09,0.0,0.0,0.0,0.152,1.09,6.51,34.76
colabfold,no_msa,9IMU,colabfold_nomsa,complex_unrelaxed_rank_020_alphafold2_multimer_v3_model_4_seed_004,51.62,0.44,0.08,17.67,24.57,0.0,0.0,0.0,0.152,1.64,10.59,35.49
colabfold,no_msa,9IMU,colabfold_nomsa,complex_unrelaxed_rank_017_alphafold2_multimer_v3_model_5_seed_003,54.91,0.42,0.08,16.68,23.82,0.0,0.0,0.0,0.148,1.21,7.52,38.22
colabfold,no_msa,9IMU,colabfold_nomsa,complex_unrelaxed_rank_021_alphafold2_multimer_v3_model_5_seed_001,54.71,0.42,0.08,16.92,24.18,0.0,0.0,0.0,0.148,1.37,7.04,36.67
colabfold,no_msa,9IMU,colabfold_nomsa,complex_unrelaxed_rank_022_alphafold2_multimer_v3_model_2_seed_001,53.36,0.42,0.08,17.89,25.02,0.0,0.0,0.0,0.148,0.91,16.02,36.82
colabfold,no_msa,9IMU,colabfold_nomsa,complex_unrelaxed_rank_019_alphafold2_multimer_v3_model_3_seed_001,48.3,0.4,0.08,18.19,24.74,0.0,0.0,0.0,0.144,1.61,14.3,17.49
colabfold,no_msa,9IMU,colabfold_nomsa,complex_unrelaxed_rank_023_alphafold2_multimer_v3_model_4_seed_002,49.4,0.43,0.07,18.52,25.23,0.0,0.0,0.0,0.142,3.03,15.89,27.57
colabfold,no_msa,9IMU,colabfold_nomsa,complex_unrelaxed_rank_024_alphafold2_multimer_v3_model_3_seed_004,50.16,0.42,0.07,18.18,25.29,0.0,0.0,0.0,0.14,1.41,9.88,24.91
colabfold,no_msa,9IMU,colabfold_nomsa,complex_unrelaxed_rank_025_alphafold2_multimer_v3_model_3_seed_000,48.4,0.39,0.07,18.6,25.53,0.0,0.0,0.0,0.134,1.15,11.39,25.84
esmfold2,no_msa,9IMU,esmfold2,output_seed123_esmfold2_pred,87.1,0.8701,0.8281,4.05,5.25,0.7379,0.741,0.7379,0.8365,0.48,0.41,1.34
esmfold2,no_msa,9IMU,esmfold2,output_seed456_esmfold2_pred,86.92,0.8658,0.8222,4.09,5.32,0.7228,0.736,0.7228,0.8309,0.52,0.47,1.46
esmfold2,no_msa,9IMU,esmfold2,output_esmfold2_pred,86.23,0.8616,0.8211,4.26,5.48,0.731,0.7342,0.731,0.8292,0.47,0.44,1.41
esmfold2,no_msa,9IMU,esmfold2,output_seed789_esmfold2_pred,86.28,0.8588,0.8144,4.31,5.6,0.7116,0.7114,0.7114,0.8233,0.51,0.5,1.65
esmfold2,no_msa,9IMU,esmfold2,output_seed1024_esmfold2_pred,73.66,0.5185,0.1459,12.98,21.55,0.0,0.0,0.0,0.2204,0.59,0.63,19.85
af2m,msa,9IP6,af2m,ranked_0,68.16,0.6617,0.7759,10.94,14.66,0.273,0.7044,0.273,0.7531,0.51,13.58,16.74
af2m,msa,9IP6,af2m,ranked_1,67.47,0.6573,0.774,11.11,14.96,0.2702,0.705,0.2702,0.7507,0.51,12.86,16.92
af2m,msa,9IP6,af2m,ranked_2,67.35,0.6655,0.7547,10.68,14.21,0.2689,0.6575,0.2689,0.7369,0.53,12.74,16.65
af2m,msa,9IP6,af2m,ranked_3,66.47,0.6479,0.7533,11.43,15.4,0.2621,0.6557,0.2621,0.7322,0.52,13.99,17.19
af2m,msa,9IP6,af2m,ranked_4,67.09,0.6538,0.7487,11.11,14.98,0.2462,0.5947,0.2462,0.7297,0.51,12.2,15.48
af2m,msa,9IP6,af2m,ranked_5,67.05,0.651,0.748,11.3,15.24,0.2673,0.632,0.2673,0.7286,0.52,13.35,17.0
af2m,msa,9IP6,af2m,ranked_6,66.62,0.6488,0.7429,11.35,15.31,0.2557,0.6216,0.2557,0.7241,0.52,13.19,16.96
af2m,msa,9IP6,af2m,ranked_7,68.48,0.6585,0.7376,10.95,14.58,0.258,0.6184,0.258,0.7218,0.53,13.59,17.32
af2m,msa,9IP6,af2m,ranked_8,68.39,0.6595,0.727,10.91,14.53,0.2506,0.5886,0.2506,0.7135,0.53,13.9,17.21
af2m,msa,9IP6,af2m,ranked_9,68.43,0.6612,0.7264,10.86,14.45,0.2511,0.5763,0.2511,0.7134,0.53,13.75,17.11
af2m,msa,9IP6,af2m,ranked_10,67.64,0.6599,0.7244,11.01,14.58,0.2562,0.5801,0.2562,0.7115,0.53,14.01,17.41
af2m,msa,9IP6,af2m,ranked_11,67.14,0.6561,0.7216,10.97,14.8,0.235,0.53,0.235,0.7085,0.51,12.12,15.35
af2m,msa,9IP6,af2m,ranked_12,66.22,0.6337,0.701,11.96,16.44,0.2179,0.5121,0.2179,0.6875,0.52,11.62,15.8
af2m,msa,9IP6,af2m,ranked_13,66.31,0.6357,0.7005,11.94,16.39,0.2176,0.5089,0.2176,0.6875,0.52,11.67,15.81
af2m,msa,9IP6,af2m,ranked_14,66.29,0.6336,0.6993,12.02,16.5,0.2175,0.4945,0.2175,0.6862,0.52,11.84,15.85
af2m,msa,9IP6,af2m,ranked_15,65.84,0.6321,0.6875,11.98,16.51,0.2138,0.4762,0.2138,0.6764,0.51,11.84,15.82
af2m,msa,9IP6,af2m,ranked_16,66.49,0.6442,0.6715,11.31,15.38,0.1971,0.4185,0.1971,0.666,0.51,12.08,15.72
af2m,msa,9IP6,af2m,ranked_17,66.22,0.642,0.6694,11.35,15.44,0.1966,0.4271,0.1966,0.6639,0.51,12.11,16.18
af2m,msa,9IP6,af2m,ranked_18,66.79,0.6452,0.6675,11.27,15.31,0.1972,0.4007,0.1972,0.663,0.51,13.03,17.06
af2m,msa,9IP6,af2m,ranked_19,65.92,0.6324,0.6634,11.92,16.46,0.1982,0.4257,0.1982,0.6572,0.51,11.7,15.6
af2m,msa,9IP6,af2m,ranked_20,64.59,0.6166,0.5005,12.46,17.11,0.0963,0.2002,0.0963,0.5237,0.53,12.72,17.41
af2m,msa,9IP6,af2m,ranked_21,62.69,0.5637,0.1385,13.92,20.09,0.0025,0.0,0.0,0.2235,0.53,13.54,18.43
af2m,msa,9IP6,af2m,ranked_22,62.8,0.5494,0.1152,14.49,21.27,0.0,0.0,0.0,0.202,0.56,10.66,19.71
af2m,msa,9IP6,af2m,ranked_23,63.67,0.5502,0.1107,14.79,22.11,0.0031,0.0,0.0,0.1986,0.52,11.6,35.25
af2m,msa,9IP6,af2m,ranked_24,63.35,0.5468,0.1067,14.85,22.29,0.0028,0.0,0.0,0.1947,0.52,10.83,33.58
af3,msa,9IP6,af3,seed-456_sample-0,61.75,0.63,0.56,12.03,16.65,0.0961,0.2563,0.0961,0.574,0.37,11.85,13.63
af3,msa,9IP6,af3,seed-42_sample-4,61.74,0.7,0.52,8.79,12.15,0.207,0.277,0.207,0.556,0.39,9.74,14.67
af3,msa,9IP6,af3,seed-456_sample-2,62.37,0.64,0.5,11.6,16.25,0.0635,0.1283,0.0635,0.528,0.43,12.62,18.67
af3,msa,9IP6,af3,seed-456_sample-1,60.99,0.61,0.48,12.43,17.66,0.058,0.1166,0.058,0.506,0.49,11.63,13.97
af3,msa,9IP6,af3,seed-789_sample-2,59.79,0.65,0.43,10.37,14.65,0.0785,0.1193,0.0785,0.474,0.42,6.47,13.79
af3,msa,9IP6,af3,seed-456_sample-3,59.86,0.6,0.43,13.04,18.48,0.041,0.0706,0.041,0.464,0.33,7.91,12.15
af3,msa,9IP6,af3,seed-42_sample-0,61.28,0.65,0.4,10.23,14.45,0.13,0.1161,0.1161,0.45,0.52,9.36,21.25
af3,msa,9IP6,af3,seed-123_sample-1,59.15,0.64,0.38,10.96,15.23,0.0857,0.0767,0.0767,0.432,0.38,11.38,14.92
af3,msa,9IP6,af3,seed-42_sample-3,61.61,0.67,0.37,9.74,13.8,0.1306,0.0576,0.0576,0.43,0.4,9.32,16.54
af3,msa,9IP6,af3,seed-123_sample-4,59.12,0.65,0.36,10.98,15.41,0.127,0.0849,0.0849,0.418,0.36,8.23,14.45
af3,msa,9IP6,af3,seed-789_sample-0,58.27,0.62,0.33,11.27,15.88,0.0418,0.0345,0.0345,0.388,0.4,12.3,16.67
af3,msa,9IP6,af3,seed-42_sample-1,59.25,0.63,0.31,11.49,16.28,0.069,0.0141,0.0141,0.374,0.37,9.64,16.54
af3,msa,9IP6,af3,seed-42_sample-2,59.94,0.63,0.3,10.98,15.87,0.0738,0.0404,0.0404,0.366,0.4,11.37,17.68
af3,msa,9IP6,af3,seed-1024_sample-1,61.61,0.62,0.29,10.99,15.86,0.0291,0.0151,0.0151,0.356,0.64,9.47,13.84
af3,msa,9IP6,af3,seed-789_sample-4,57.63,0.6,0.28,12.79,17.99,0.0263,0.0054,0.0054,0.344,0.4,12.36,15.28
af3,msa,9IP6,af3,seed-789_sample-1,58.86,0.62,0.27,11.85,16.81,0.0458,0.0111,0.0111,0.34,0.33,9.45,15.77
af3,msa,9IP6,af3,seed-789_sample-3,57.2,0.6,0.27,12.81,18.25,0.0122,0.0134,0.0122,0.336,0.34,9.91,14.08
af3,msa,9IP6,af3,seed-123_sample-0,58.17,0.61,0.26,12.35,17.45,0.0388,0.0088,0.0088,0.33,0.43,9.37,14.15
af3,msa,9IP6,af3,seed-123_sample-2,56.68,0.6,0.24,12.37,17.53,0.0127,0.0083,0.0083,0.312,0.47,7.47,23.02
af3,msa,9IP6,af3,seed-1024_sample-2,63.07,0.58,0.19,12.92,19.53,0.0,0.0,0.0,0.268,0.4,10.89,24.99
af3,msa,9IP6,af3,seed-123_sample-3,56.46,0.57,0.17,13.43,19.52,0.008,0.0,0.0,0.25,0.37,10.71,17.47
af3,msa,9IP6,af3,seed-456_sample-4,57.46,0.57,0.17,13.5,19.25,0.0028,0.0,0.0,0.25,0.45,9.66,14.98
af3,msa,9IP6,af3,seed-1024_sample-3,63.33,0.56,0.16,14.13,21.81,0.0,0.0,0.0,0.24,0.41,8.27,36.24
af3,msa,9IP6,af3,seed-1024_sample-0,61.9,0.55,0.13,13.89,20.88,0.0,0.0,0.0,0.214,0.33,8.34,15.36
af3,msa,9IP6,af3,seed-1024_sample-4,61.64,0.55,0.13,13.99,21.12,0.0,0.0,0.0,0.214,0.38,8.6,16.21
af3,no_msa,9IP6,af3_nomsa,seed-1024_sample-0,62.53,0.64,0.35,9.87,14.57,0.0362,0.0193,0.0193,0.408,0.78,9.03,38.05
af3,no_msa,9IP6,af3_nomsa,seed-123_sample-4,60.69,0.59,0.26,11.35,16.85,0.0135,0.0026,0.0026,0.326,1.6,11.25,39.81
af3,no_msa,9IP6,af3_nomsa,seed-42_sample-0,59.39,0.58,0.25,12.52,18.38,0.0057,0.0029,0.0029,0.316,1.62,9.07,21.56
af3,no_msa,9IP6,af3_nomsa,seed-42_sample-4,58.86,0.55,0.23,13.28,19.48,0.0,0.0055,0.0,0.294,1.72,10.43,36.82
af3,no_msa,9IP6,af3_nomsa,seed-123_sample-3,58.73,0.56,0.21,12.02,18.12,0.0,0.0026,0.0,0.28,1.01,9.51,40.36
af3,no_msa,9IP6,af3_nomsa,seed-456_sample-1,60.58,0.56,0.21,13.05,19.61,0.0038,0.0032,0.0032,0.28,0.85,9.88,40.8
af3,no_msa,9IP6,af3_nomsa,seed-42_sample-3,58.71,0.55,0.2,13.23,20.1,0.0071,0.0029,0.0029,0.27,0.87,5.61,34.1
af3,no_msa,9IP6,af3_nomsa,seed-789_sample-0,59.61,0.54,0.18,12.8,19.37,0.0027,0.0,0.0,0.252,0.89,12.15,38.94
af3,no_msa,9IP6,af3_nomsa,seed-123_sample-1,61.0,0.56,0.17,13.61,21.06,0.0033,0.0028,0.0028,0.248,0.99,9.61,35.89
af3,no_msa,9IP6,af3_nomsa,seed-789_sample-3,61.97,0.56,0.17,13.02,19.96,0.0031,0.0029,0.0029,0.248,0.66,9.05,36.31
af3,no_msa,9IP6,af3_nomsa,seed-1024_sample-4,60.01,0.55,0.17,13.56,20.45,0.0,0.0,0.0,0.246,1.74,8.57,41.49
af3,no_msa,9IP6,af3_nomsa,seed-123_sample-0,60.94,0.55,0.15,14.04,21.64,0.0028,0.0031,0.0028,0.23,0.73,10.04,39.54
af3,no_msa,9IP6,af3_nomsa,seed-456_sample-0,59.52,0.55,0.15,14.36,21.66,0.0,0.0,0.0,0.23,0.58,8.22,17.46
af3,no_msa,9IP6,af3_nomsa,seed-456_sample-2,59.96,0.55,0.14,14.25,21.76,0.0,0.0,0.0,0.222,0.55,9.83,38.09
af3,no_msa,9IP6,af3_nomsa,seed-456_sample-3,61.08,0.54,0.14,14.6,21.99,0.0026,0.0,0.0,0.22,0.84,8.05,40.98
af3,no_msa,9IP6,af3_nomsa,seed-42_sample-1,57.85,0.53,0.14,14.28,21.3,0.0,0.0,0.0,0.218,1.81,10.29,37.54
af3,no_msa,9IP6,af3_nomsa,seed-1024_sample-2,58.3,0.53,0.13,14.34,21.83,0.0,0.0,0.0,0.21,1.8,10.89,38.16
af3,no_msa,9IP6,af3_nomsa,seed-123_sample-2,58.98,0.53,0.13,14.44,21.67,0.0,0.0,0.0,0.21,0.98,8.86,38.41
af3,no_msa,9IP6,af3_nomsa,seed-789_sample-1,61.11,0.53,0.12,14.54,22.88,0.0,0.0,0.0,0.202,1.0,10.04,41.7
af3,no_msa,9IP6,af3_nomsa,seed-789_sample-2,59.88,0.53,0.12,14.77,22.34,0.0,0.0,0.0,0.202,0.57,9.5,39.19
af3,no_msa,9IP6,af3_nomsa,seed-1024_sample-3,59.56,0.54,0.11,15.17,23.28,0.0,0.0,0.0,0.196,1.74,9.33,38.95
af3,no_msa,9IP6,af3_nomsa,seed-456_sample-4,60.14,0.53,0.11,15.19,23.16,0.0,0.0,0.0,0.194,0.56,9.15,40.69
af3,no_msa,9IP6,af3_nomsa,seed-789_sample-4,59.68,0.52,0.11,15.09,22.61,0.0,0.0,0.0,0.192,0.95,8.31,38.77
af3,no_msa,9IP6,af3_nomsa,seed-42_sample-2,58.69,0.51,0.11,14.92,23.14,0.0,0.0,0.0,0.19,0.95,10.33,36.17
af3,no_msa,9IP6,af3_nomsa,seed-1024_sample-1,58.84,0.51,0.1,15.17,23.01,0.0,0.0,0.0,0.182,0.64,8.39,38.03
boltz1,no_msa,9IP6,boltz1,input_model_0,0.64,0.6653,0.3505,10.32,15.02,0.0182,0.0203,0.0182,0.4135,1.75,12.97,16.63
boltz1,no_msa,9IP6,boltz1,input_model_0,0.65,0.6384,0.2935,11.43,16.44,0.0053,0.0159,0.0053,0.3625,1.64,12.59,16.97
boltz1,no_msa,9IP6,boltz1,input_model_1,0.62,0.6082,0.2769,12.59,18.39,0.0115,0.0,0.0,0.3432,1.75,12.36,15.81
boltz1,no_msa,9IP6,boltz1,input_model_0,0.66,0.6268,0.2689,11.75,17.38,0.0,0.0,0.0,0.3405,1.59,12.81,16.82
boltz1,no_msa,9IP6,boltz1,input_model_0,0.64,0.615,0.2696,12.37,18.31,0.0186,0.0051,0.0051,0.3387,1.69,12.55,16.27
boltz1,no_msa,9IP6,boltz1,input_model_1,0.64,0.5873,0.2451,13.65,20.7,0.0026,0.0,0.0,0.3135,1.76,13.24,17.25
boltz1,no_msa,9IP6,boltz1,input_model_2,0.63,0.6129,0.2101,12.74,18.78,0.0026,0.0,0.0,0.2907,1.62,12.6,16.2
boltz1,no_msa,9IP6,boltz1,input_model_0,0.63,0.6007,0.211,13.13,19.42,0.0026,0.0,0.0,0.2889,1.63,12.72,17.43
boltz1,no_msa,9IP6,boltz1,input_model_3,0.63,0.6006,0.2027,12.86,18.66,0.0,0.0,0.0,0.2823,1.64,11.79,13.8
boltz1,no_msa,9IP6,boltz1,input_model_4,0.63,0.5716,0.1938,13.76,20.08,0.0,0.0,0.0,0.2694,1.53,13.83,16.14
boltz1,no_msa,9IP6,boltz1,input_model_1,0.64,0.5925,0.1873,13.26,19.51,0.0,0.0,0.0,0.2683,1.74,11.84,14.13
boltz1,no_msa,9IP6,boltz1,input_model_2,0.61,0.586,0.1825,13.6,19.9,0.0,0.0,0.0,0.2632,1.71,10.35,14.01
boltz1,no_msa,9IP6,boltz1,input_model_2,0.62,0.5879,0.1785,13.32,19.43,0.0,0.0,0.0,0.2604,1.66,12.22,17.72
boltz1,no_msa,9IP6,boltz1,input_model_1,0.63,0.5875,0.1733,13.67,19.99,0.0,0.0,0.0,0.2561,1.8,12.27,15.55
boltz1,no_msa,9IP6,boltz1,input_model_3,0.62,0.5853,0.1716,13.54,19.85,0.0,0.0,0.0,0.2543,1.26,11.86,14.51
boltz1,no_msa,9IP6,boltz1,input_model_3,0.62,0.5818,0.1662,13.67,19.87,0.0,0.0,0.0,0.2493,1.77,11.35,14.92
boltz1,no_msa,9IP6,boltz1,input_model_2,0.62,0.5937,0.1632,12.94,19.17,0.0026,0.0,0.0,0.2493,1.67,10.44,16.35
boltz1,no_msa,9IP6,boltz1,input_model_4,0.61,0.5819,0.1612,13.35,19.39,0.0,0.0,0.0,0.2453,1.48,10.79,16.35
boltz1,no_msa,9IP6,boltz1,input_model_3,0.61,0.5817,0.1605,13.54,19.84,0.0,0.0,0.0,0.2447,1.58,11.69,16.92
boltz1,no_msa,9IP6,boltz1,input_model_2,0.62,0.5856,0.158,13.42,20.22,0.0,0.0,0.0,0.2435,1.76,13.2,17.11
boltz1,no_msa,9IP6,boltz1,input_model_1,0.63,0.5775,0.1496,13.68,20.68,0.0,0.0,0.0,0.2352,1.67,11.35,13.83
boltz1,no_msa,9IP6,boltz1,input_model_4,0.62,0.5754,0.136,13.59,20.46,0.0,0.0,0.0,0.2239,1.65,13.07,18.24
boltz1,no_msa,9IP6,boltz1,input_model_3,0.61,0.5697,0.1356,14.08,20.66,0.0,0.0,0.0,0.2224,1.73,11.98,13.87
boltz1,no_msa,9IP6,boltz1,input_model_4,0.61,0.543,0.0934,15.42,23.66,0.0,0.0,0.0,0.1833,1.72,15.16,30.1
boltz1,no_msa,9IP6,boltz1,input_model_4,0.59,0.5376,0.0868,15.02,22.18,0.0,0.0,0.0,0.177,1.64,14.22,25.95
boltz1,msa,9IP6,boltz1_msa,input_model_2,0.62,0.5916,0.2439,14.88,21.22,0.0,0.0,0.0,0.3134,0.6,13.82,23.55
boltz1,msa,9IP6,boltz1_msa,input_model_0,0.67,0.6145,0.2118,12.06,17.95,0.0262,0.0056,0.0056,0.2923,0.51,10.11,10.82
boltz1,msa,9IP6,boltz1_msa,input_model_0,0.66,0.6113,0.1847,12.12,18.01,0.0169,0.0,0.0,0.27,0.49,10.31,12.27
boltz1,msa,9IP6,boltz1_msa,input_model_0,0.65,0.6077,0.1838,12.27,18.47,0.0191,0.0085,0.0085,0.2686,0.48,7.64,12.46
boltz1,msa,9IP6,boltz1_msa,input_model_3,0.62,0.5875,0.1878,14.74,20.96,0.0,0.0,0.0,0.2677,0.56,13.6,23.56
boltz1,msa,9IP6,boltz1_msa,input_model_1,0.67,0.607,0.18,12.26,18.5,0.0,0.0,0.0,0.2654,0.5,11.75,13.79
boltz1,msa,9IP6,boltz1_msa,input_model_1,0.65,0.6011,0.1636,12.69,18.72,0.0,0.0,0.0,0.2511,0.48,11.66,14.03
boltz1,msa,9IP6,boltz1_msa,input_model_4,0.63,0.5833,0.1673,14.23,20.69,0.0,0.0,0.0,0.2505,0.53,13.32,23.03
boltz1,msa,9IP6,boltz1_msa,input_model_2,0.66,0.6003,0.1625,12.44,18.98,0.0059,0.0,0.0,0.2501,0.5,9.15,10.38
boltz1,msa,9IP6,boltz1_msa,input_model_0,0.66,0.5963,0.1521,12.7,19.06,0.0053,0.0,0.0,0.2409,0.5,9.27,10.33
boltz1,msa,9IP6,boltz1_msa,input_model_1,0.66,0.5941,0.1472,13.16,19.76,0.0,0.0,0.0,0.2366,0.51,12.47,14.44
boltz1,msa,9IP6,boltz1_msa,input_model_4,0.62,0.578,0.1486,14.86,21.48,0.0,0.0,0.0,0.2345,0.5,13.31,23.17
boltz1,msa,9IP6,boltz1_msa,input_model_2,0.65,0.5916,0.1388,13.03,19.58,0.0059,0.0,0.0,0.2294,0.5,11.46,13.36
boltz1,msa,9IP6,boltz1_msa,input_model_0,0.67,0.5903,0.1359,13.13,20.05,0.0,0.0,0.0,0.2268,0.48,11.99,14.92
boltz1,msa,9IP6,boltz1_msa,input_model_2,0.64,0.5892,0.1341,12.42,18.59,0.0059,0.0,0.0,0.2251,0.49,10.71,10.9
boltz1,msa,9IP6,boltz1_msa,input_model_1,0.66,0.5835,0.123,13.52,20.61,0.0,0.0,0.0,0.2151,0.51,10.36,11.27
boltz1,msa,9IP6,boltz1_msa,input_model_4,0.62,0.5664,0.1269,15.52,22.6,0.0,0.0,0.0,0.2148,0.61,13.26,24.74
boltz1,msa,9IP6,boltz1_msa,input_model_3,0.66,0.5799,0.1156,13.61,20.84,0.0,0.0,0.0,0.2085,0.47,11.53,11.72
boltz1,msa,9IP6,boltz1_msa,input_model_2,0.66,0.5807,0.1151,13.97,21.38,0.0,0.0,0.0,0.2082,0.48,12.73,16.3
boltz1,msa,9IP6,boltz1_msa,input_model_3,0.65,0.5792,0.1126,14.02,21.64,0.0,0.0,0.0,0.2059,0.49,12.68,15.48
boltz1,msa,9IP6,boltz1_msa,input_model_1,0.66,0.5738,0.1023,14.32,21.96,0.0,0.0,0.0,0.1966,0.5,11.74,12.03
boltz1,msa,9IP6,boltz1_msa,input_model_3,0.65,0.5739,0.0969,14.32,21.82,0.0,0.0,0.0,0.1923,0.51,12.47,15.95
boltz1,msa,9IP6,boltz1_msa,input_model_4,0.64,0.5718,0.0954,14.33,21.97,0.0,0.0,0.0,0.1907,0.48,11.72,15.14
boltz1,msa,9IP6,boltz1_msa,input_model_3,0.66,0.5678,0.0851,14.58,22.96,0.0,0.0,0.0,0.1816,0.48,11.75,12.91
boltz1,msa,9IP6,boltz1_msa,input_model_4,0.65,0.5586,0.0681,15.94,25.1,0.0,0.0,0.0,0.1662,0.49,12.5,13.12
boltz2,no_msa,9IP6,boltz2,input_model_2,0.91,0.8155,0.6681,5.74,8.58,0.2613,0.3004,0.2613,0.6976,0.36,1.72,3.19
boltz2,no_msa,9IP6,boltz2,input_model_0,0.92,0.8148,0.6607,5.63,8.59,0.2542,0.288,0.2542,0.6915,0.36,1.65,2.3
boltz2,no_msa,9IP6,boltz2,input_model_1,0.92,0.8077,0.6499,5.87,8.87,0.2433,0.2775,0.2433,0.6815,0.38,1.71,2.8
boltz2,no_msa,9IP6,boltz2,input_model_0,0.92,0.8031,0.6167,5.67,8.91,0.2298,0.2408,0.2298,0.654,0.42,1.87,40.19
boltz2,no_msa,9IP6,boltz2,input_model_0,0.91,0.7861,0.6024,6.66,10.12,0.1928,0.2078,0.1928,0.6391,0.39,1.69,2.85
boltz2,no_msa,9IP6,boltz2,input_model_0,0.92,0.7768,0.5921,6.73,10.36,0.1715,0.1991,0.1715,0.629,0.37,1.65,2.07
boltz2,no_msa,9IP6,boltz2,input_model_1,0.92,0.7684,0.5713,7.02,10.84,0.1442,0.1796,0.1442,0.6107,0.39,1.71,2.42
boltz2,no_msa,9IP6,boltz2,input_model_1,0.92,0.7605,0.5495,7.38,11.31,0.1225,0.1335,0.1225,0.5917,0.37,1.77,3.11
boltz2,no_msa,9IP6,boltz2,input_model_3,0.91,0.7578,0.5491,7.44,11.35,0.1223,0.1352,0.1223,0.5908,0.38,1.7,2.52
boltz2,no_msa,9IP6,boltz2,input_model_4,0.91,0.7603,0.5465,7.46,11.33,0.1319,0.1243,0.1243,0.5893,0.37,1.71,2.67
boltz2,no_msa,9IP6,boltz2,input_model_2,0.92,0.7517,0.5379,7.23,11.58,0.0916,0.1284,0.0916,0.5807,0.41,1.83,39.34
boltz2,no_msa,9IP6,boltz2,input_model_3,0.92,0.7528,0.5366,7.55,11.69,0.1022,0.0981,0.0981,0.5798,0.35,1.67,2.22
boltz2,no_msa,9IP6,boltz2,input_model_2,0.92,0.7367,0.5134,7.88,12.25,0.0671,0.0718,0.0671,0.5581,0.36,1.67,2.61
boltz2,no_msa,9IP6,boltz2,input_model_3,0.91,0.6971,0.4208,8.34,13.88,0.017,0.0077,0.0077,0.4761,0.4,1.87,39.37
boltz2,no_msa,9IP6,boltz2,input_model_4,0.88,0.684,0.3969,9.1,14.91,0.0051,0.0,0.0,0.4543,0.46,1.95,38.71
boltz2,no_msa,9IP6,boltz2,input_model_2,0.91,0.6787,0.3828,8.84,14.82,0.0078,0.0,0.0,0.442,0.44,1.93,38.96
boltz2,no_msa,9IP6,boltz2,input_model_0,0.93,0.6745,0.3754,9.78,15.71,0.0026,0.0,0.0,0.4352,0.38,1.85,39.04
boltz2,no_msa,9IP6,boltz2,input_model_1,0.92,0.6738,0.3629,9.27,15.35,0.0051,0.0,0.0,0.4251,0.39,1.82,39.38
boltz2,no_msa,9IP6,boltz2,input_model_4,0.91,0.664,0.3464,9.64,16.11,0.0,0.0,0.0,0.4099,0.45,1.97,39.18
boltz2,no_msa,9IP6,boltz2,input_model_3,0.92,0.6636,0.3412,9.59,15.8,0.0,0.0,0.0,0.4057,0.39,1.83,39.46
boltz2,no_msa,9IP6,boltz2,input_model_2,0.91,0.6618,0.3297,9.51,15.89,0.0,0.0,0.0,0.3961,0.45,1.89,39.37
boltz2,no_msa,9IP6,boltz2,input_model_1,0.92,0.6562,0.3249,9.92,16.28,0.0,0.0,0.0,0.3912,0.43,1.93,39.11
boltz2,no_msa,9IP6,boltz2,input_model_4,0.91,0.6401,0.2943,10.48,17.3,0.0,0.0,0.0,0.3635,0.46,1.85,38.48
boltz2,no_msa,9IP6,boltz2,input_model_3,0.92,0.6375,0.2857,10.87,17.71,0.0,0.0,0.0,0.3561,0.39,1.83,39.0
boltz2,no_msa,9IP6,boltz2,input_model_4,0.89,0.5843,0.1518,11.95,20.69,0.0,0.0,0.0,0.2383,0.39,1.89,39.65
boltz2,msa,9IP6,boltz2_msa,input_model_0,0.97,0.9749,0.9579,1.17,1.55,0.9552,0.9656,0.9552,0.9613,0.31,1.6,1.81
boltz2,msa,9IP6,boltz2_msa,input_model_0,0.97,0.9736,0.9557,1.2,1.59,0.9516,0.9637,0.9516,0.9593,0.33,1.66,1.85
boltz2,msa,9IP6,boltz2_msa,input_model_0,0.97,0.9733,0.9548,1.2,1.59,0.9511,0.9629,0.9511,0.9585,0.33,1.62,1.83
boltz2,msa,9IP6,boltz2_msa,input_model_0,0.96,0.9725,0.9547,1.24,1.63,0.9496,0.9628,0.9496,0.9583,0.32,1.62,2.56
boltz2,msa,9IP6,boltz2_msa,input_model_2,0.96,0.9714,0.9544,1.26,1.66,0.9465,0.9624,0.9465,0.9578,0.33,1.63,2.81
boltz2,msa,9IP6,boltz2_msa,input_model_1,0.97,0.9721,0.9536,1.22,1.63,0.9466,0.9615,0.9466,0.9573,0.33,1.6,2.0
boltz2,msa,9IP6,boltz2_msa,input_model_3,0.96,0.9709,0.9537,1.27,1.68,0.9453,0.9617,0.9453,0.9571,0.33,1.61,2.64
boltz2,msa,9IP6,boltz2_msa,input_model_0,0.97,0.9715,0.9528,1.25,1.66,0.9466,0.9609,0.9466,0.9565,0.35,1.5,1.71
boltz2,msa,9IP6,boltz2_msa,input_model_2,0.97,0.9712,0.9518,1.27,1.69,0.9456,0.96,0.9456,0.9557,0.32,1.59,1.85
boltz2,msa,9IP6,boltz2_msa,input_model_2,0.96,0.9687,0.9505,1.33,1.76,0.9386,0.9583,0.9386,0.9541,0.32,1.65,2.38
boltz2,msa,9IP6,boltz2_msa,input_model_1,0.97,0.9691,0.9491,1.31,1.76,0.9384,0.9567,0.9384,0.9531,0.32,1.58,1.79
boltz2,msa,9IP6,boltz2_msa,input_model_1,0.97,0.9683,0.9492,1.32,1.76,0.9365,0.9568,0.9365,0.953,0.32,1.64,2.21
boltz2,msa,9IP6,boltz2_msa,input_model_1,0.97,0.969,0.9487,1.32,1.77,0.9386,0.9564,0.9386,0.9528,0.33,0.91,1.53
boltz2,msa,9IP6,boltz2_msa,input_model_2,0.97,0.9676,0.9479,1.36,1.82,0.9353,0.9556,0.9353,0.9518,0.33,1.63,2.02
boltz2,msa,9IP6,boltz2_msa,input_model_1,0.97,0.9681,0.9475,1.35,1.81,0.9356,0.955,0.9356,0.9516,0.31,1.61,1.86
boltz2,msa,9IP6,boltz2_msa,input_model_3,0.97,0.9669,0.9472,1.35,1.81,0.9309,0.9545,0.9309,0.9511,0.32,1.63,1.99
boltz2,msa,9IP6,boltz2_msa,input_model_4,0.96,0.9669,0.9468,1.37,1.84,0.9326,0.9543,0.9326,0.9508,0.33,1.61,2.17
boltz2,msa,9IP6,boltz2_msa,input_model_2,0.97,0.9673,0.9466,1.37,1.84,0.9347,0.9544,0.9347,0.9507,0.31,1.68,2.18
boltz2,msa,9IP6,boltz2_msa,input_model_3,0.97,0.967,0.9462,1.36,1.83,0.9311,0.9533,0.9311,0.9504,0.33,1.6,2.01
boltz2,msa,9IP6,boltz2_msa,input_model_3,0.96,0.9667,0.9457,1.37,1.83,0.9313,0.9531,0.9313,0.9499,0.31,1.69,2.17
boltz2,msa,9IP6,boltz2_msa,input_model_3,0.97,0.9643,0.9425,1.43,1.93,0.9236,0.9494,0.9236,0.9469,0.33,1.6,1.85
boltz2,msa,9IP6,boltz2_msa,input_model_4,0.97,0.964,0.9417,1.42,1.91,0.9222,0.9483,0.9222,0.9462,0.32,1.67,2.16
boltz2,msa,9IP6,boltz2_msa,input_model_4,0.97,0.9627,0.9406,1.48,2.0,0.9186,0.9471,0.9186,0.945,0.32,1.64,2.09
boltz2,msa,9IP6,boltz2_msa,input_model_4,0.96,0.943,0.9071,1.97,2.75,0.8225,0.8874,0.8225,0.9143,0.33,1.43,1.77
boltz2,msa,9IP6,boltz2_msa,input_model_4,0.93,0.9135,0.8359,2.39,3.85,0.5921,0.6868,0.5921,0.8514,0.31,1.53,6.54
chai1,no_msa,9IP6,chai1,pred.model_idx_2,77.19,0.6539,0.1788,0.0,0.0,0.0,0.0,0.0,0.2738,0.58,9.83,34.74
chai1,no_msa,9IP6,chai1,pred.model_idx_4,77.22,0.6531,0.1777,0.0,0.0,0.0,0.0,0.0,0.2728,0.59,10.09,35.09
chai1,no_msa,9IP6,chai1,pred.model_idx_0,77.29,0.653,0.177,0.0,0.0,0.0,0.0,0.0,0.2722,0.54,10.27,35.72
chai1,no_msa,9IP6,chai1,pred.model_idx_3,77.19,0.6522,0.1762,0.0,0.0,0.0,0.0,0.0,0.2714,0.54,9.84,34.49
chai1,no_msa,9IP6,chai1,pred.model_idx_1,77.09,0.652,0.1757,0.0,0.0,0.0,0.0,0.0,0.271,0.52,9.77,34.19
chai1,no_msa,9IP6,chai1,pred.model_idx_4,77.03,0.6516,0.1752,0.0,0.0,0.0,0.0,0.0,0.2705,0.54,9.75,33.34
chai1,no_msa,9IP6,chai1,pred.model_idx_2,77.1,0.6507,0.1732,0.0,0.0,0.0,0.0,0.0,0.2687,0.57,10.12,36.06
chai1,no_msa,9IP6,chai1,pred.model_idx_1,76.96,0.6497,0.1719,0.0,0.0,0.0,0.0,0.0,0.2675,0.53,9.77,35.6
chai1,no_msa,9IP6,chai1,pred.model_idx_3,77.08,0.6493,0.1716,0.0,0.0,0.0,0.0,0.0,0.2671,0.54,10.02,34.56
chai1,no_msa,9IP6,chai1,pred.model_idx_0,77.0,0.6491,0.1709,0.0,0.0,0.0,0.0,0.0,0.2665,0.52,9.81,32.83
chai1,no_msa,9IP6,chai1,pred.model_idx_0,77.04,0.6484,0.1707,0.0,0.0,0.0,0.0,0.0,0.2662,0.53,9.79,34.95
chai1,no_msa,9IP6,chai1,pred.model_idx_2,77.03,0.6484,0.1706,0.0,0.0,0.0,0.0,0.0,0.2662,0.57,9.86,34.99
chai1,no_msa,9IP6,chai1,pred.model_idx_0,77.34,0.6482,0.1697,0.0,0.0,0.0,0.0,0.0,0.2654,0.54,9.6,34.53
chai1,no_msa,9IP6,chai1,pred.model_idx_1,77.15,0.648,0.1695,0.0,0.0,0.0,0.0,0.0,0.2652,0.62,10.19,35.51
chai1,no_msa,9IP6,chai1,pred.model_idx_2,76.85,0.6471,0.1683,0.0,0.0,0.0,0.0,0.0,0.2641,0.59,9.59,33.92
chai1,no_msa,9IP6,chai1,pred.model_idx_3,77.04,0.6471,0.1682,0.0,0.0,0.0,0.0,0.0,0.264,0.54,10.07,35.0
chai1,no_msa,9IP6,chai1,pred.model_idx_2,77.02,0.6468,0.1679,0.0,0.0,0.0,0.0,0.0,0.2637,0.54,10.07,34.9
chai1,no_msa,9IP6,chai1,pred.model_idx_1,76.98,0.6461,0.1677,0.0,0.0,0.0,0.0,0.0,0.2634,0.52,10.11,34.53
chai1,no_msa,9IP6,chai1,pred.model_idx_4,76.81,0.6459,0.1671,0.0,0.0,0.0,0.0,0.0,0.2629,0.59,10.13,33.67
chai1,no_msa,9IP6,chai1,pred.model_idx_3,77.13,0.646,0.1669,0.0,0.0,0.0,0.0,0.0,0.2627,0.6,9.97,33.03
chai1,no_msa,9IP6,chai1,pred.model_idx_3,76.78,0.6452,0.1657,0.0,0.0,0.0,0.0,0.0,0.2616,0.57,10.04,35.53
chai1,no_msa,9IP6,chai1,pred.model_idx_4,77.0,0.6451,0.1655,0.0,0.0,0.0,0.0,0.0,0.2614,0.54,10.01,34.7
chai1,no_msa,9IP6,chai1,pred.model_idx_1,76.73,0.6448,0.165,0.0,0.0,0.0,0.0,0.0,0.261,0.5,9.78,35.31
chai1,no_msa,9IP6,chai1,pred.model_idx_4,76.89,0.6442,0.1643,0.0,0.0,0.0,0.0,0.0,0.2603,0.46,10.26,35.16
chai1,no_msa,9IP6,chai1,pred.model_idx_0,77.01,0.6421,0.1603,0.0,0.0,0.0,0.0,0.0,0.2567,0.51,10.0,35.83
colabfold,msa,9IP6,colabfold,complex_unrelaxed_rank_001_alphafold2_multimer_v3_model_5_seed_000,66.71,0.65,0.67,10.83,14.93,0.2172,0.4268,0.2172,0.666,0.54,9.81,15.94
colabfold,msa,9IP6,colabfold,complex_unrelaxed_rank_002_alphafold2_multimer_v3_model_5_seed_002,67.59,0.65,0.66,10.59,14.53,0.2128,0.4042,0.2128,0.658,0.53,10.13,15.99
colabfold,msa,9IP6,colabfold,complex_unrelaxed_rank_003_alphafold2_multimer_v3_model_1_seed_002,66.39,0.64,0.66,11.14,15.34,0.1972,0.3914,0.1972,0.656,0.47,10.78,15.73
colabfold,msa,9IP6,colabfold,complex_unrelaxed_rank_005_alphafold2_multimer_v3_model_4_seed_001,67.52,0.66,0.65,10.91,14.77,0.2283,0.3996,0.2283,0.652,0.53,12.27,16.56
colabfold,msa,9IP6,colabfold,complex_unrelaxed_rank_004_alphafold2_multimer_v3_model_4_seed_002,67.48,0.65,0.65,11.05,14.94,0.2258,0.3973,0.2258,0.65,0.53,12.9,16.84
colabfold,msa,9IP6,colabfold,complex_unrelaxed_rank_006_alphafold2_multimer_v3_model_5_seed_001,66.23,0.64,0.64,10.97,15.23,0.2041,0.3786,0.2041,0.64,0.51,9.72,14.99
colabfold,msa,9IP6,colabfold,complex_unrelaxed_rank_007_alphafold2_multimer_v3_model_5_seed_004,66.85,0.65,0.63,10.81,14.92,0.2017,0.3605,0.2017,0.634,0.53,9.77,15.66
colabfold,msa,9IP6,colabfold,complex_unrelaxed_rank_008_alphafold2_multimer_v3_model_1_seed_001,66.37,0.64,0.6,11.24,15.46,0.1721,0.3187,0.1721,0.608,0.48,10.8,15.23
colabfold,msa,9IP6,colabfold,complex_unrelaxed_rank_009_alphafold2_multimer_v3_model_4_seed_004,66.32,0.64,0.59,11.24,15.34,0.1903,0.3433,0.1903,0.6,0.53,13.31,16.7
colabfold,msa,9IP6,colabfold,complex_unrelaxed_rank_010_alphafold2_multimer_v3_model_1_seed_000,66.0,0.64,0.58,11.12,15.33,0.1771,0.2873,0.1771,0.592,0.47,11.07,15.83
colabfold,msa,9IP6,colabfold,complex_unrelaxed_rank_011_alphafold2_multimer_v3_model_4_seed_003,66.69,0.64,0.55,11.26,15.37,0.186,0.2717,0.186,0.568,0.54,12.27,16.51
colabfold,msa,9IP6,colabfold,complex_unrelaxed_rank_012_alphafold2_multimer_v3_model_4_seed_000,65.92,0.64,0.51,11.41,15.7,0.1694,0.2489,0.1694,0.536,0.53,11.98,16.45
colabfold,msa,9IP6,colabfold,complex_unrelaxed_rank_013_alphafold2_multimer_v3_model_3_seed_001,71.54,0.68,0.41,8.7,12.22,0.1971,0.1553,0.1553,0.464,0.52,8.29,18.52
colabfold,msa,9IP6,colabfold,complex_unrelaxed_rank_014_alphafold2_multimer_v3_model_5_seed_003,64.09,0.62,0.41,11.91,16.66,0.1183,0.1122,0.1122,0.452,0.53,8.68,14.89
colabfold,msa,9IP6,colabfold,complex_unrelaxed_rank_015_alphafold2_multimer_v3_model_3_seed_003,69.47,0.61,0.25,10.5,15.81,0.0735,0.0086,0.0086,0.322,0.52,9.27,18.1
colabfold,msa,9IP6,colabfold,complex_unrelaxed_rank_016_alphafold2_multimer_v3_model_3_seed_004,68.19,0.61,0.24,10.89,16.41,0.0577,0.0055,0.0055,0.314,0.54,7.64,18.2
colabfold,msa,9IP6,colabfold,complex_unrelaxed_rank_017_alphafold2_multimer_v3_model_3_seed_002,68.1,0.61,0.23,10.86,16.38,0.0586,0.0056,0.0056,0.306,0.53,7.66,18.14
colabfold,msa,9IP6,colabfold,complex_unrelaxed_rank_018_alphafold2_multimer_v3_model_3_seed_000,68.9,0.6,0.22,10.99,16.84,0.0507,0.0025,0.0025,0.296,0.52,9.18,18.02
colabfold,msa,9IP6,colabfold,complex_unrelaxed_rank_019_alphafold2_multimer_v3_model_1_seed_003,64.75,0.59,0.2,11.65,17.01,0.0324,0.0052,0.0052,0.278,0.46,10.45,19.75
colabfold,msa,9IP6,colabfold,complex_unrelaxed_rank_020_alphafold2_multimer_v3_model_1_seed_004,64.74,0.59,0.19,11.85,17.36,0.0232,0.0079,0.0079,0.27,0.48,10.38,19.88
colabfold,msa,9IP6,colabfold,complex_unrelaxed_rank_021_alphafold2_multimer_v3_model_2_seed_004,64.75,0.57,0.14,12.97,19.38,0.0027,0.0,0.0,0.226,0.53,10.52,20.5
colabfold,msa,9IP6,colabfold,complex_unrelaxed_rank_022_alphafold2_multimer_v3_model_2_seed_001,64.94,0.57,0.14,12.88,19.28,0.0028,0.0,0.0,0.226,0.52,10.57,20.47
colabfold,msa,9IP6,colabfold,complex_unrelaxed_rank_023_alphafold2_multimer_v3_model_2_seed_000,64.79,0.57,0.14,13.01,19.52,0.0026,0.0,0.0,0.226,0.53,10.58,20.89
colabfold,msa,9IP6,colabfold,complex_unrelaxed_rank_024_alphafold2_multimer_v3_model_2_seed_002,64.94,0.57,0.13,13.06,19.65,0.0025,0.0,0.0,0.218,0.52,10.48,21.03
colabfold,msa,9IP6,colabfold,complex_unrelaxed_rank_025_alphafold2_multimer_v3_model_2_seed_003,64.88,0.57,0.13,13.07,19.64,0.0025,0.0,0.0,0.218,0.51,10.64,20.79
colabfold,no_msa,9IP6,colabfold_nomsa,complex_unrelaxed_rank_001_alphafold2_multimer_v3_model_5_seed_004,56.94,0.54,0.16,15.08,21.83,0.0,0.0,0.0,0.236,0.56,11.61,15.83
colabfold,no_msa,9IP6,colabfold_nomsa,complex_unrelaxed_rank_002_alphafold2_multimer_v3_model_1_seed_001,56.48,0.52,0.12,15.0,21.57,0.0,0.0,0.0,0.2,2.61,7.65,35.07
colabfold,no_msa,9IP6,colabfold_nomsa,complex_unrelaxed_rank_003_alphafold2_multimer_v3_model_4_seed_000,74.15,0.5,0.12,12.91,21.64,0.0,0.0,0.0,0.196,1.6,1.83,18.94
colabfold,no_msa,9IP6,colabfold_nomsa,complex_unrelaxed_rank_004_alphafold2_multimer_v3_model_1_seed_003,55.46,0.5,0.12,15.31,21.75,0.0,0.0,0.0,0.196,2.61,7.41,35.75
colabfold,no_msa,9IP6,colabfold_nomsa,complex_unrelaxed_rank_005_alphafold2_multimer_v3_model_1_seed_004,55.33,0.51,0.11,15.21,21.77,0.0,0.0,0.0,0.19,2.61,8.64,35.92
colabfold,no_msa,9IP6,colabfold_nomsa,complex_unrelaxed_rank_006_alphafold2_multimer_v3_model_5_seed_000,64.48,0.53,0.09,14.19,22.29,0.0,0.0,0.0,0.178,0.59,10.52,21.44
colabfold,no_msa,9IP6,colabfold_nomsa,complex_unrelaxed_rank_007_alphafold2_multimer_v3_model_5_seed_003,65.29,0.53,0.09,14.7,22.84,0.0,0.0,0.0,0.178,0.58,9.15,37.74
colabfold,no_msa,9IP6,colabfold_nomsa,complex_unrelaxed_rank_008_alphafold2_multimer_v3_model_3_seed_003,53.75,0.49,0.09,15.81,22.67,0.0,0.0,0.0,0.17,1.28,9.85,21.3
colabfold,no_msa,9IP6,colabfold_nomsa,complex_unrelaxed_rank_010_alphafold2_multimer_v3_model_2_seed_000,62.19,0.53,0.08,15.94,24.11,0.0,0.0,0.0,0.17,0.57,13.46,36.8
colabfold,no_msa,9IP6,colabfold_nomsa,complex_unrelaxed_rank_009_alphafold2_multimer_v3_model_1_seed_000,61.27,0.48,0.09,14.47,21.69,0.0,0.0,0.0,0.168,2.6,5.23,37.59
colabfold,no_msa,9IP6,colabfold_nomsa,complex_unrelaxed_rank_015_alphafold2_multimer_v3_model_1_seed_002,54.3,0.5,0.08,16.23,23.66,0.0,0.0,0.0,0.164,1.29,9.78,37.66
colabfold,no_msa,9IP6,colabfold_nomsa,complex_unrelaxed_rank_013_alphafold2_multimer_v3_model_2_seed_003,57.28,0.49,0.08,16.4,23.86,0.0,0.0,0.0,0.162,1.13,11.12,36.47
colabfold,no_msa,9IP6,colabfold_nomsa,complex_unrelaxed_rank_014_alphafold2_multimer_v3_model_4_seed_003,57.0,0.49,0.08,15.45,23.25,0.0,0.0,0.0,0.162,1.57,7.01,26.38
colabfold,no_msa,9IP6,colabfold_nomsa,complex_unrelaxed_rank_011_alphafold2_multimer_v3_model_4_seed_001,53.43,0.48,0.08,16.04,23.5,0.0,0.0,0.0,0.16,1.63,7.85,20.8
colabfold,no_msa,9IP6,colabfold_nomsa,complex_unrelaxed_rank_012_alphafold2_multimer_v3_model_2_seed_004,61.0,0.48,0.08,15.43,23.33,0.0,0.0,0.0,0.16,1.41,6.34,36.47
colabfold,no_msa,9IP6,colabfold_nomsa,complex_unrelaxed_rank_017_alphafold2_multimer_v3_model_5_seed_001,58.7,0.51,0.07,16.35,24.52,0.0,0.0,0.0,0.158,0.6,13.25,38.48
colabfold,no_msa,9IP6,colabfold_nomsa,complex_unrelaxed_rank_019_alphafold2_multimer_v3_model_2_seed_002,58.62,0.5,0.07,16.45,24.35,0.0,0.0,0.0,0.156,3.2,10.72,36.64
colabfold,no_msa,9IP6,colabfold_nomsa,complex_unrelaxed_rank_016_alphafold2_multimer_v3_model_2_seed_001,59.89,0.49,0.07,15.79,23.83,0.0,0.0,0.0,0.154,1.36,6.04,35.96
colabfold,no_msa,9IP6,colabfold_nomsa,complex_unrelaxed_rank_018_alphafold2_multimer_v3_model_4_seed_002,56.68,0.49,0.07,16.54,24.52,0.0,0.0,0.0,0.154,3.09,9.12,41.95
colabfold,no_msa,9IP6,colabfold_nomsa,complex_unrelaxed_rank_021_alphafold2_multimer_v3_model_5_seed_002,55.71,0.48,0.07,16.34,24.25,0.0,0.0,0.0,0.152,3.2,10.26,37.05
colabfold,no_msa,9IP6,colabfold_nomsa,complex_unrelaxed_rank_022_alphafold2_multimer_v3_model_4_seed_004,53.63,0.48,0.07,16.37,24.32,0.0,0.0,0.0,0.152,1.6,7.74,22.04
colabfold,no_msa,9IP6,colabfold_nomsa,complex_unrelaxed_rank_023_alphafold2_multimer_v3_model_3_seed_000,54.47,0.47,0.07,16.56,24.33,0.0,0.0,0.0,0.15,0.96,10.01,26.23
colabfold,no_msa,9IP6,colabfold_nomsa,complex_unrelaxed_rank_024_alphafold2_multimer_v3_model_3_seed_001,53.99,0.46,0.07,16.6,24.25,0.0,0.0,0.0,0.148,1.14,9.87,26.6
colabfold,no_msa,9IP6,colabfold_nomsa,complex_unrelaxed_rank_020_alphafold2_multimer_v3_model_3_seed_004,53.15,0.44,0.07,16.25,23.32,0.0,0.0,0.0,0.144,1.28,10.35,25.46
colabfold,no_msa,9IP6,colabfold_nomsa,complex_unrelaxed_rank_025_alphafold2_multimer_v3_model_3_seed_002,61.05,0.48,0.06,15.78,24.5,0.0,0.0,0.0,0.144,3.08,9.64,40.28
esmfold2,no_msa,9IP6,esmfold2,output_seed789_esmfold2_pred,59.94,0.5714,0.3553,13.76,18.84,0.0503,0.0459,0.0459,0.3985,0.54,9.72,37.38
esmfold2,no_msa,9IP6,esmfold2,output_seed1024_esmfold2_pred,57.47,0.5377,0.2561,15.27,21.46,0.003,0.0,0.0,0.3124,0.52,11.21,37.43
esmfold2,no_msa,9IP6,esmfold2,output_seed123_esmfold2_pred,57.51,0.5312,0.2365,15.51,21.95,0.0028,0.0,0.0,0.2954,0.53,10.55,37.49
esmfold2,no_msa,9IP6,esmfold2,output_seed456_esmfold2_pred,57.39,0.5259,0.2359,15.48,21.87,0.0025,0.0,0.0,0.2939,0.52,12.15,39.35
esmfold2,no_msa,9IP6,esmfold2,output_esmfold2_pred,56.7,0.5226,0.1894,14.86,20.85,0.0,0.0,0.0,0.256,0.64,12.3,37.55
boltz1_constrained,no_msa,5A6W,boltz1_constrained,input_model_0,0.95,0.9517,0.9414,2.28,2.77,0.9478,0.9256,0.9256,0.9435,1.39,0.99,1.98
boltz1_constrained,no_msa,5A6W,boltz1_constrained,input_model_0,0.94,0.9514,0.9401,2.27,2.75,0.9464,0.925,0.925,0.9424,1.43,0.87,1.75
boltz1_constrained,no_msa,5A6W,boltz1_constrained,input_model_0,0.94,0.9504,0.9397,2.32,2.81,0.946,0.9236,0.9236,0.9418,1.4,1.05,1.91
boltz1_constrained,no_msa,5A6W,boltz1_constrained,input_model_0,0.94,0.9508,0.9385,2.32,2.79,0.9444,0.9272,0.9272,0.941,1.38,1.35,2.06
boltz1_constrained,no_msa,5A6W,boltz1_constrained,input_model_1,0.94,0.9485,0.939,2.41,2.91,0.9452,0.9179,0.9179,0.9409,1.37,0.94,1.88
boltz1_constrained,no_msa,5A6W,boltz1_constrained,input_model_1,0.94,0.9491,0.9381,2.45,2.93,0.944,0.9216,0.9216,0.9403,1.38,1.41,2.13
boltz1_constrained,no_msa,5A6W,boltz1_constrained,input_model_2,0.94,0.9481,0.9383,2.42,2.92,0.9445,0.9176,0.9176,0.9403,1.49,0.9,1.86
boltz1_constrained,no_msa,5A6W,boltz1_constrained,input_model_2,0.94,0.9478,0.9383,2.43,2.94,0.9445,0.9164,0.9164,0.9402,1.45,0.92,1.94
boltz1_constrained,no_msa,5A6W,boltz1_constrained,input_model_4,0.94,0.9487,0.938,2.45,2.92,0.944,0.9218,0.9218,0.9401,1.29,1.34,2.09
boltz1_constrained,no_msa,5A6W,boltz1_constrained,input_model_2,0.94,0.9481,0.938,2.42,2.93,0.9443,0.9188,0.9188,0.94,1.34,0.94,1.83
boltz1_constrained,no_msa,5A6W,boltz1_constrained,input_model_2,0.94,0.9478,0.9381,2.44,2.95,0.9443,0.9157,0.9157,0.94,1.3,0.89,1.83
boltz1_constrained,no_msa,5A6W,boltz1_constrained,input_model_1,0.94,0.9479,0.9379,2.47,2.97,0.9439,0.9173,0.9173,0.9399,1.39,1.28,2.26
boltz1_constrained,no_msa,5A6W,boltz1_constrained,input_model_3,0.94,0.9485,0.9376,2.46,2.95,0.9437,0.9206,0.9206,0.9398,1.39,1.18,2.02
boltz1_constrained,no_msa,5A6W,boltz1_constrained,input_model_4,0.94,0.9465,0.938,2.38,2.89,0.944,0.9121,0.9121,0.9397,1.36,0.9,1.97
boltz1_constrained,no_msa,5A6W,boltz1_constrained,input_model_1,0.95,0.9476,0.9376,2.4,2.9,0.944,0.9176,0.9176,0.9396,1.41,1.0,2.08
boltz1_constrained,no_msa,5A6W,boltz1_constrained,input_model_3,0.94,0.9475,0.9374,2.32,2.82,0.9436,0.9172,0.9172,0.9394,1.37,0.91,1.71
boltz1_constrained,no_msa,5A6W,boltz1_constrained,input_model_1,0.94,0.9473,0.9368,2.4,2.9,0.9432,0.919,0.919,0.9389,1.35,0.84,1.73
boltz1_constrained,no_msa,5A6W,boltz1_constrained,input_model_4,0.94,0.9465,0.9365,2.51,3.0,0.9425,0.915,0.915,0.9385,1.33,1.37,2.2
boltz1_constrained,no_msa,5A6W,boltz1_constrained,input_model_2,0.94,0.9466,0.9363,2.52,3.01,0.9421,0.915,0.915,0.9384,1.29,1.38,2.37
boltz1_constrained,no_msa,5A6W,boltz1_constrained,input_model_3,0.94,0.9455,0.9366,2.4,2.92,0.9427,0.9122,0.9122,0.9384,1.35,0.9,1.86
boltz1_constrained,no_msa,5A6W,boltz1_constrained,input_model_0,0.94,0.9453,0.9366,2.48,2.99,0.9428,0.9108,0.9108,0.9383,1.29,0.97,1.96
boltz1_constrained,no_msa,5A6W,boltz1_constrained,input_model_3,0.94,0.9459,0.9357,2.45,2.94,0.9417,0.9165,0.9165,0.9377,1.32,1.32,2.02
boltz1_constrained,no_msa,5A6W,boltz1_constrained,input_model_4,0.94,0.9463,0.9355,2.44,2.93,0.9413,0.9168,0.9168,0.9377,1.27,1.36,2.04
boltz1_constrained,no_msa,5A6W,boltz1_constrained,input_model_3,0.94,0.9462,0.9354,2.54,3.03,0.9412,0.9151,0.9151,0.9376,1.27,1.38,2.19
boltz1_constrained,no_msa,5A6W,boltz1_constrained,input_model_4,0.94,0.944,0.9337,2.5,3.01,0.9394,0.9122,0.9122,0.9358,1.36,1.42,2.15
boltz2_constrained,no_msa,5A6W,boltz2_constrained,input_model_0,0.95,0.9493,0.9325,2.57,3.07,0.9095,0.9255,0.9095,0.9359,1.16,0.66,1.69
boltz2_constrained,no_msa,5A6W,boltz2_constrained,input_model_0,0.95,0.9469,0.9293,2.6,3.12,0.9049,0.9225,0.9049,0.9328,1.14,0.51,1.24
boltz2_constrained,no_msa,5A6W,boltz2_constrained,input_model_4,0.95,0.9451,0.9276,2.66,3.18,0.9027,0.9179,0.9027,0.9311,1.0,0.51,0.97
boltz2_constrained,no_msa,5A6W,boltz2_constrained,input_model_0,0.95,0.9449,0.9273,2.72,3.23,0.896,0.9182,0.896,0.9308,1.28,0.55,1.38
boltz2_constrained,no_msa,5A6W,boltz2_constrained,input_model_3,0.95,0.9443,0.9268,2.74,3.28,0.8967,0.9178,0.8967,0.9303,1.28,0.51,1.44
boltz2_constrained,no_msa,5A6W,boltz2_constrained,input_model_2,0.95,0.9436,0.9269,2.79,3.33,0.8913,0.9169,0.8913,0.9302,1.16,0.69,1.71
boltz2_constrained,no_msa,5A6W,boltz2_constrained,input_model_3,0.95,0.9428,0.9266,2.83,3.36,0.8855,0.9172,0.8855,0.9298,1.31,0.58,1.71
boltz2_constrained,no_msa,5A6W,boltz2_constrained,input_model_2,0.95,0.9428,0.9264,2.84,3.38,0.8889,0.9165,0.8889,0.9297,1.15,0.64,1.69
boltz2_constrained,no_msa,5A6W,boltz2_constrained,input_model_1,0.95,0.9441,0.9255,2.73,3.26,0.8946,0.9165,0.8946,0.9292,1.13,0.57,1.62
boltz2_constrained,no_msa,5A6W,boltz2_constrained,input_model_2,0.95,0.9418,0.9256,2.85,3.4,0.8891,0.9147,0.8891,0.9288,1.21,0.62,1.88
boltz2_constrained,no_msa,5A6W,boltz2_constrained,input_model_2,0.95,0.9412,0.9243,2.87,3.42,0.884,0.9133,0.884,0.9277,1.15,0.64,1.45
boltz2_constrained,no_msa,5A6W,boltz2_constrained,input_model_3,0.95,0.9391,0.9233,2.91,3.47,0.879,0.9118,0.879,0.9265,1.15,0.57,1.34
boltz2_constrained,no_msa,5A6W,boltz2_constrained,input_model_0,0.95,0.9392,0.9227,2.92,3.47,0.8807,0.9115,0.8807,0.926,1.29,0.63,1.3
boltz2_constrained,no_msa,5A6W,boltz2_constrained,input_model_4,0.95,0.939,0.9227,2.95,3.5,0.881,0.9105,0.881,0.926,1.17,0.64,1.55
boltz2_constrained,no_msa,5A6W,boltz2_constrained,input_model_3,0.95,0.9409,0.9222,2.85,3.39,0.8872,0.9107,0.8872,0.9259,1.29,0.56,1.49
boltz2_constrained,no_msa,5A6W,boltz2_constrained,input_model_3,0.95,0.9387,0.9222,2.95,3.51,0.8784,0.9105,0.8784,0.9255,1.18,0.64,1.49
boltz2_constrained,no_msa,5A6W,boltz2_constrained,input_model_1,0.95,0.9366,0.9215,3.03,3.59,0.8717,0.9086,0.8717,0.9245,1.31,0.58,1.49
boltz2_constrained,no_msa,5A6W,boltz2_constrained,input_model_1,0.95,0.9369,0.9204,3.01,3.57,0.8722,0.9067,0.8722,0.9237,1.31,0.7,1.64
boltz2_constrained,no_msa,5A6W,boltz2_constrained,input_model_0,0.95,0.9345,0.9202,3.06,3.63,0.8662,0.9067,0.8662,0.9231,1.34,0.57,1.63
boltz2_constrained,no_msa,5A6W,boltz2_constrained,input_model_1,0.95,0.9326,0.9203,3.21,3.79,0.8573,0.9047,0.8573,0.9228,1.14,0.69,1.77
boltz2_constrained,no_msa,5A6W,boltz2_constrained,input_model_2,0.95,0.9325,0.9195,3.19,3.77,0.8578,0.9047,0.8578,0.9221,1.14,0.56,1.54
boltz2_constrained,no_msa,5A6W,boltz2_constrained,input_model_1,0.95,0.9306,0.918,3.23,3.83,0.8555,0.9011,0.8555,0.9205,1.13,0.66,1.65
boltz2_constrained,no_msa,5A6W,boltz2_constrained,input_model_4,0.95,0.9292,0.9152,3.3,3.9,0.8509,0.8978,0.8509,0.918,1.16,0.54,1.53
boltz2_constrained,no_msa,5A6W,boltz2_constrained,input_model_4,0.95,0.9264,0.9129,3.39,4.0,0.8422,0.8935,0.8422,0.9156,1.18,0.6,1.64
boltz2_constrained,no_msa,5A6W,boltz2_constrained,input_model_4,0.95,0.9249,0.9112,3.4,4.02,0.845,0.8939,0.845,0.9139,1.35,0.62,1.57
boltz1_constrained,no_msa,5ZNG,boltz1_constrained,input_model_0,0.65,0.6517,0.3594,11.38,16.47,0.0954,0.0562,0.0562,0.4179,1.58,11.52,17.08
boltz1_constrained,no_msa,5ZNG,boltz1_constrained,input_model_1,0.64,0.6165,0.2524,12.17,17.55,0.0394,0.0025,0.0025,0.3252,1.77,10.69,18.38
boltz1_constrained,no_msa,5ZNG,boltz1_constrained,input_model_0,0.63,0.6126,0.2396,12.38,18.04,0.0431,0.003,0.003,0.3142,1.76,11.12,17.27
boltz1_constrained,no_msa,5ZNG,boltz1_constrained,input_model_1,0.62,0.6007,0.2059,12.99,18.59,0.0246,0.0,0.0,0.2849,1.56,11.9,17.4
boltz1_constrained,no_msa,5ZNG,boltz1_constrained,input_model_0,0.64,0.5985,0.2041,13.15,19.15,0.0174,0.0,0.0,0.283,1.73,11.82,17.62
boltz1_constrained,no_msa,5ZNG,boltz1_constrained,input_model_0,0.63,0.6002,0.2031,12.95,18.81,0.0211,0.0,0.0,0.2825,1.83,11.77,17.42
boltz1_constrained,no_msa,5ZNG,boltz1_constrained,input_model_0,0.63,0.5984,0.2035,12.93,18.63,0.0175,0.0,0.0,0.2825,1.77,11.79,17.51
boltz1_constrained,no_msa,5ZNG,boltz1_constrained,input_model_3,0.63,0.6049,0.1996,12.94,19.03,0.0185,0.0,0.0,0.2807,1.64,11.55,16.96
boltz1_constrained,no_msa,5ZNG,boltz1_constrained,input_model_1,0.63,0.5987,0.2003,13.0,18.76,0.0191,0.0,0.0,0.28,1.72,12.08,17.3
boltz1_constrained,no_msa,5ZNG,boltz1_constrained,input_model_2,0.63,0.596,0.1976,13.03,18.98,0.012,0.0,0.0,0.2773,1.75,11.27,17.66
boltz1_constrained,no_msa,5ZNG,boltz1_constrained,input_model_4,0.62,0.5966,0.1953,13.11,19.14,0.0171,0.0,0.0,0.2756,1.81,11.67,17.42
boltz1_constrained,no_msa,5ZNG,boltz1_constrained,input_model_3,0.62,0.5984,0.1928,12.93,18.9,0.0218,0.0,0.0,0.2739,1.88,10.91,17.56
boltz1_constrained,no_msa,5ZNG,boltz1_constrained,input_model_1,0.63,0.5914,0.1932,13.17,19.07,0.0205,0.0,0.0,0.2728,1.73,12.34,17.64
boltz1_constrained,no_msa,5ZNG,boltz1_constrained,input_model_2,0.63,0.594,0.1925,13.18,19.26,0.0208,0.0,0.0,0.2728,1.76,11.87,17.33
boltz1_constrained,no_msa,5ZNG,boltz1_constrained,input_model_4,0.63,0.5914,0.1895,13.34,19.46,0.0241,0.0,0.0,0.2699,1.76,11.39,17.1
boltz1_constrained,no_msa,5ZNG,boltz1_constrained,input_model_2,0.63,0.5925,0.1887,13.17,19.22,0.0097,0.0,0.0,0.2695,1.78,11.93,17.42
boltz1_constrained,no_msa,5ZNG,boltz1_constrained,input_model_3,0.62,0.5894,0.1872,13.09,19.03,0.008,0.0,0.0,0.2676,1.76,12.06,17.2
boltz1_constrained,no_msa,5ZNG,boltz1_constrained,input_model_4,0.62,0.5911,0.1854,13.21,19.29,0.0113,0.0,0.0,0.2665,1.76,11.89,17.23
boltz1_constrained,no_msa,5ZNG,boltz1_constrained,input_model_3,0.63,0.5906,0.183,13.19,19.18,0.0132,0.0,0.0,0.2645,1.74,11.54,17.72
boltz1_constrained,no_msa,5ZNG,boltz1_constrained,input_model_2,0.63,0.5905,0.1828,13.38,19.75,0.0061,0.0,0.0,0.2643,1.81,11.74,17.32
boltz1_constrained,no_msa,5ZNG,boltz1_constrained,input_model_2,0.62,0.5902,0.1825,13.14,19.25,0.0109,0.0,0.0,0.264,1.73,11.64,17.41
boltz1_constrained,no_msa,5ZNG,boltz1_constrained,input_model_1,0.64,0.5894,0.1816,13.22,19.5,0.0055,0.0,0.0,0.2632,1.69,11.69,17.6
boltz1_constrained,no_msa,5ZNG,boltz1_constrained,input_model_3,0.62,0.5877,0.1799,13.27,19.45,0.0052,0.0,0.0,0.2615,1.81,11.48,17.35
boltz1_constrained,no_msa,5ZNG,boltz1_constrained,input_model_4,0.62,0.5887,0.1778,13.3,19.33,0.0139,0.0,0.0,0.26,1.76,11.81,17.4
boltz1_constrained,no_msa,5ZNG,boltz1_constrained,input_model_4,0.62,0.5863,0.1705,13.54,19.83,0.0055,0.0,0.0,0.2537,1.66,11.63,16.95
boltz2_constrained,no_msa,5ZNG,boltz2_constrained,input_model_0,0.93,0.8943,0.8442,3.87,5.12,0.732,0.799,0.732,0.8542,0.43,0.77,1.86
boltz2_constrained,no_msa,5ZNG,boltz2_constrained,input_model_0,0.93,0.8928,0.8398,3.95,5.21,0.7195,0.7917,0.7195,0.8504,0.73,0.79,2.12
boltz2_constrained,no_msa,5ZNG,boltz2_constrained,input_model_1,0.93,0.8916,0.8369,3.96,5.27,0.711,0.78,0.711,0.8478,0.47,0.84,2.18
boltz2_constrained,no_msa,5ZNG,boltz2_constrained,input_model_2,0.92,0.8882,0.8376,4.09,5.44,0.6911,0.783,0.6911,0.8477,0.47,0.83,2.47
boltz2_constrained,no_msa,5ZNG,boltz2_constrained,input_model_0,0.93,0.8814,0.8301,4.25,5.64,0.6746,0.7702,0.6746,0.8404,0.52,0.82,2.2
boltz2_constrained,no_msa,5ZNG,boltz2_constrained,input_model_2,0.93,0.8852,0.8287,4.16,5.55,0.6861,0.7671,0.6861,0.84,0.5,0.85,1.59
boltz2_constrained,no_msa,5ZNG,boltz2_constrained,input_model_0,0.93,0.8838,0.8247,4.17,5.57,0.6778,0.755,0.6778,0.8365,0.37,0.8,1.55
boltz2_constrained,no_msa,5ZNG,boltz2_constrained,input_model_1,0.93,0.8775,0.8195,4.39,5.86,0.6519,0.7436,0.6519,0.8311,0.44,0.83,2.3
boltz2_constrained,no_msa,5ZNG,boltz2_constrained,input_model_0,0.94,0.8795,0.818,4.23,5.67,0.659,0.7328,0.659,0.8303,0.52,0.79,1.81
boltz2_constrained,no_msa,5ZNG,boltz2_constrained,input_model_2,0.92,0.8721,0.8164,4.52,6.04,0.638,0.7378,0.638,0.8275,0.52,0.92,1.92
boltz2_constrained,no_msa,5ZNG,boltz2_constrained,input_model_3,0.92,0.8691,0.8141,4.79,6.42,0.6069,0.7273,0.6069,0.8251,0.44,0.75,1.65
boltz2_constrained,no_msa,5ZNG,boltz2_constrained,input_model_1,0.92,0.8721,0.8128,4.53,6.06,0.6344,0.7308,0.6344,0.8247,0.45,0.94,1.52
boltz2_constrained,no_msa,5ZNG,boltz2_constrained,input_model_1,0.93,0.8719,0.8115,4.52,6.07,0.6293,0.7256,0.6293,0.8236,0.46,0.8,1.54
boltz2_constrained,no_msa,5ZNG,boltz2_constrained,input_model_3,0.93,0.8681,0.8072,4.69,6.23,0.6282,0.719,0.6282,0.8194,0.83,0.81,1.64
boltz2_constrained,no_msa,5ZNG,boltz2_constrained,input_model_2,0.93,0.8643,0.8076,4.87,6.53,0.5968,0.7197,0.5968,0.8189,0.53,0.79,1.86
boltz2_constrained,no_msa,5ZNG,boltz2_constrained,input_model_3,0.92,0.8688,0.8057,4.65,6.21,0.6252,0.7154,0.6252,0.8183,0.46,0.83,1.71
boltz2_constrained,no_msa,5ZNG,boltz2_constrained,input_model_3,0.93,0.8609,0.7998,4.93,6.63,0.5818,0.6956,0.5818,0.812,0.57,0.75,1.67
boltz2_constrained,no_msa,5ZNG,boltz2_constrained,input_model_4,0.93,0.8603,0.7948,4.93,6.65,0.5804,0.6837,0.5804,0.8079,0.48,0.73,1.56
boltz2_constrained,no_msa,5ZNG,boltz2_constrained,input_model_1,0.93,0.8608,0.7937,4.87,6.51,0.594,0.69,0.594,0.8071,0.71,0.88,1.62
boltz2_constrained,no_msa,5ZNG,boltz2_constrained,input_model_4,0.92,0.8529,0.7936,5.29,7.05,0.5631,0.6882,0.5631,0.8055,0.89,0.91,1.54
boltz2_constrained,no_msa,5ZNG,boltz2_constrained,input_model_3,0.92,0.8556,0.79,5.04,6.76,0.573,0.6815,0.573,0.8031,0.67,0.91,1.51
boltz2_constrained,no_msa,5ZNG,boltz2_constrained,input_model_4,0.92,0.8466,0.7862,5.42,7.3,0.5397,0.6722,0.5397,0.7983,0.58,0.9,1.59
boltz2_constrained,no_msa,5ZNG,boltz2_constrained,input_model_2,0.93,0.8512,0.7837,5.25,7.05,0.5514,0.6685,0.5514,0.7972,0.49,0.75,2.24
boltz2_constrained,no_msa,5ZNG,boltz2_constrained,input_model_4,0.93,0.8473,0.7747,5.45,7.27,0.546,0.6463,0.546,0.7892,0.61,0.78,1.86
boltz2_constrained,no_msa,5ZNG,boltz2_constrained,input_model_4,0.93,0.8362,0.7612,5.71,7.7,0.5004,0.6064,0.5004,0.7762,0.5,0.83,1.64
boltz1_constrained,no_msa,6FU9,boltz1_constrained,input_model_0,0.9,0.9353,0.93,3.33,3.66,0.8798,0.9291,0.8798,0.9311,0.82,11.43,13.61
boltz1_constrained,no_msa,6FU9,boltz1_constrained,input_model_0,0.89,0.9195,0.9282,3.96,4.3,0.8542,0.9269,0.8542,0.9265,0.87,11.53,13.87
boltz1_constrained,no_msa,6FU9,boltz1_constrained,input_model_0,0.88,0.907,0.9212,4.38,4.76,0.8317,0.919,0.8317,0.9184,0.7,11.55,13.68
boltz1_constrained,no_msa,6FU9,boltz1_constrained,input_model_0,0.87,0.879,0.9247,5.74,6.22,0.8776,0.9231,0.8776,0.9156,1.03,11.6,13.74
boltz1_constrained,no_msa,6FU9,boltz1_constrained,input_model_0,0.86,0.8768,0.9249,5.94,6.49,0.8627,0.9234,0.8627,0.9153,1.1,11.31,13.6
boltz1_constrained,no_msa,6FU9,boltz1_constrained,input_model_2,0.86,0.8775,0.9244,5.77,6.26,0.8905,0.9228,0.8905,0.915,0.91,11.56,13.67
boltz1_constrained,no_msa,6FU9,boltz1_constrained,input_model_1,0.87,0.8931,0.9193,4.92,5.42,0.8346,0.9168,0.8346,0.9141,1.0,11.46,13.59
boltz1_constrained,no_msa,6FU9,boltz1_constrained,input_model_1,0.87,0.8746,0.9239,5.88,6.38,0.8908,0.9222,0.8908,0.914,1.13,11.55,13.64
boltz1_constrained,no_msa,6FU9,boltz1_constrained,input_model_1,0.86,0.8769,0.9232,5.81,6.34,0.8586,0.9214,0.8586,0.9139,1.27,11.42,13.46
boltz1_constrained,no_msa,6FU9,boltz1_constrained,input_model_1,0.86,0.8748,0.9235,5.86,6.36,0.8717,0.9219,0.8717,0.9138,0.84,11.51,13.63
boltz1_constrained,no_msa,6FU9,boltz1_constrained,input_model_3,0.86,0.8741,0.9237,5.92,6.43,0.8741,0.9219,0.8741,0.9138,0.99,11.44,13.47
boltz1_constrained,no_msa,6FU9,boltz1_constrained,input_model_2,0.86,0.8726,0.9238,5.79,6.27,0.865,0.9219,0.865,0.9136,0.65,11.71,13.45
boltz1_constrained,no_msa,6FU9,boltz1_constrained,input_model_2,0.87,0.8882,0.9194,5.08,5.57,0.8238,0.917,0.8238,0.9132,1.02,11.55,13.58
boltz1_constrained,no_msa,6FU9,boltz1_constrained,input_model_3,0.86,0.8748,0.9226,5.95,6.47,0.8732,0.9205,0.8732,0.913,0.8,11.32,13.64
boltz1_constrained,no_msa,6FU9,boltz1_constrained,input_model_3,0.86,0.8702,0.9236,6.03,6.54,0.8947,0.9218,0.8947,0.9129,1.11,11.65,13.63
boltz1_constrained,no_msa,6FU9,boltz1_constrained,input_model_4,0.86,0.8728,0.9224,5.94,6.46,0.8893,0.9205,0.8893,0.9125,1.0,11.49,13.35
boltz1_constrained,no_msa,6FU9,boltz1_constrained,input_model_2,0.86,0.8746,0.9214,5.85,6.36,0.8882,0.9195,0.8882,0.912,1.21,11.67,13.57
boltz1_constrained,no_msa,6FU9,boltz1_constrained,input_model_3,0.86,0.8752,0.9204,5.71,6.22,0.8655,0.9181,0.8655,0.9114,0.76,11.58,13.63
boltz1_constrained,no_msa,6FU9,boltz1_constrained,input_model_1,0.86,0.8756,0.9201,5.72,6.22,0.866,0.918,0.866,0.9112,0.89,11.55,13.42
boltz1_constrained,no_msa,6FU9,boltz1_constrained,input_model_4,0.86,0.8699,0.9213,5.93,6.46,0.8804,0.9191,0.8804,0.911,0.78,11.61,13.43
boltz1_constrained,no_msa,6FU9,boltz1_constrained,input_model_2,0.86,0.8731,0.9205,5.85,6.39,0.881,0.9182,0.881,0.911,0.7,11.42,13.57
boltz1_constrained,no_msa,6FU9,boltz1_constrained,input_model_3,0.86,0.8742,0.9193,5.92,6.46,0.8595,0.9165,0.8595,0.9103,0.97,11.3,13.69
boltz1_constrained,no_msa,6FU9,boltz1_constrained,input_model_4,0.86,0.8718,0.919,5.9,6.43,0.878,0.9165,0.878,0.9096,0.81,11.44,13.54
boltz1_constrained,no_msa,6FU9,boltz1_constrained,input_model_4,0.85,0.8698,0.9193,5.93,6.46,0.8811,0.9172,0.8811,0.9094,1.15,11.66,13.68
boltz1_constrained,no_msa,6FU9,boltz1_constrained,input_model_4,0.85,0.8671,0.9173,5.98,6.48,0.8655,0.9148,0.8655,0.9073,1.24,11.71,13.49
boltz2_constrained,no_msa,6FU9,boltz2_constrained,input_model_0,0.92,0.873,0.818,4.17,5.28,0.6834,0.6947,0.6834,0.829,0.52,2.04,2.62
boltz2_constrained,no_msa,6FU9,boltz2_constrained,input_model_0,0.89,0.8514,0.783,5.13,6.45,0.5573,0.6147,0.5573,0.7967,0.96,2.59,3.19
boltz2_constrained,no_msa,6FU9,boltz2_constrained,input_model_0,0.87,0.8511,0.7809,5.07,6.39,0.5551,0.6062,0.5551,0.7949,1.17,3.77,4.21
boltz2_constrained,no_msa,6FU9,boltz2_constrained,input_model_1,0.88,0.8439,0.7696,5.34,6.73,0.5158,0.5892,0.5158,0.7845,1.07,3.87,4.48
boltz2_constrained,no_msa,6FU9,boltz2_constrained,input_model_0,0.88,0.835,0.7535,5.6,7.12,0.4552,0.5424,0.4552,0.7698,0.87,2.08,2.39
boltz2_constrained,no_msa,6FU9,boltz2_constrained,input_model_1,0.87,0.7981,0.6931,6.57,8.43,0.3258,0.4342,0.3258,0.7141,0.92,3.06,3.76
boltz2_constrained,no_msa,6FU9,boltz2_constrained,input_model_2,0.91,0.7894,0.6862,6.27,8.18,0.4222,0.4155,0.4155,0.7068,0.92,3.02,3.17
boltz2_constrained,no_msa,6FU9,boltz2_constrained,input_model_1,0.92,0.7817,0.6876,6.23,8.18,0.4028,0.4137,0.4028,0.7064,0.65,1.79,2.37
boltz2_constrained,no_msa,6FU9,boltz2_constrained,input_model_3,0.92,0.7674,0.6697,6.61,8.66,0.3811,0.3875,0.3811,0.6892,0.93,1.65,2.15
boltz2_constrained,no_msa,6FU9,boltz2_constrained,input_model_0,0.88,0.7784,0.6632,7.07,9.11,0.302,0.3883,0.302,0.6862,1.12,2.31,3.5
boltz2_constrained,no_msa,6FU9,boltz2_constrained,input_model_1,0.87,0.7737,0.661,7.14,9.17,0.3187,0.3744,0.3187,0.6835,0.83,4.17,4.53
boltz2_constrained,no_msa,6FU9,boltz2_constrained,input_model_4,0.91,0.7411,0.6332,7.23,9.48,0.3258,0.3352,0.3258,0.6548,0.91,2.33,2.81
boltz2_constrained,no_msa,6FU9,boltz2_constrained,input_model_3,0.87,0.7331,0.5879,8.21,10.69,0.21,0.2795,0.21,0.6169,0.99,3.07,3.34
boltz2_constrained,no_msa,6FU9,boltz2_constrained,input_model_2,0.88,0.7275,0.5773,8.33,10.87,0.2049,0.2679,0.2049,0.6073,0.98,3.04,3.58
boltz2_constrained,no_msa,6FU9,boltz2_constrained,input_model_1,0.88,0.7222,0.5738,8.44,11.03,0.209,0.2609,0.209,0.6035,0.87,3.05,3.59
boltz2_constrained,no_msa,6FU9,boltz2_constrained,input_model_3,0.86,0.7059,0.5459,8.9,11.64,0.1494,0.2382,0.1494,0.5779,0.95,3.07,3.54
boltz2_constrained,no_msa,6FU9,boltz2_constrained,input_model_2,0.87,0.687,0.5262,9.45,12.28,0.1472,0.2057,0.1472,0.5584,1.0,3.52,4.74
boltz2_constrained,no_msa,6FU9,boltz2_constrained,input_model_4,0.87,0.6714,0.4977,9.7,12.63,0.111,0.187,0.111,0.5324,1.05,2.34,3.36
boltz2_constrained,no_msa,6FU9,boltz2_constrained,input_model_4,0.86,0.6652,0.497,9.92,12.83,0.115,0.191,0.115,0.5306,1.04,2.78,3.2
boltz2_constrained,no_msa,6FU9,boltz2_constrained,input_model_2,0.86,0.638,0.4594,10.45,13.57,0.0895,0.1418,0.0895,0.4951,1.04,3.07,3.81
boltz2_constrained,no_msa,6FU9,boltz2_constrained,input_model_2,0.88,0.6492,0.4555,10.22,13.47,0.0385,0.1296,0.0385,0.4942,1.2,1.02,1.75
boltz2_constrained,no_msa,6FU9,boltz2_constrained,input_model_3,0.86,0.6315,0.4368,10.67,13.99,0.0341,0.1056,0.0341,0.4757,1.04,3.18,3.64
boltz2_constrained,no_msa,6FU9,boltz2_constrained,input_model_3,0.86,0.6276,0.4063,10.83,14.48,0.008,0.0793,0.008,0.4506,0.99,3.02,3.59
boltz2_constrained,no_msa,6FU9,boltz2_constrained,input_model_4,0.83,0.5731,0.342,12.11,16.13,0.0026,0.0425,0.0026,0.3882,1.0,2.8,3.08
boltz2_constrained,no_msa,6FU9,boltz2_constrained,input_model_4,0.84,0.5655,0.3242,12.4,16.41,0.0025,0.0455,0.0025,0.3725,1.08,2.85,3.17
boltz1_constrained,no_msa,6FUB,boltz1_constrained,input_model_0,0.83,0.8585,0.8278,5.87,6.42,0.8232,0.7927,0.7927,0.8339,2.47,15.46,22.44
boltz1_constrained,no_msa,6FUB,boltz1_constrained,input_model_1,0.83,0.8541,0.8266,5.97,6.55,0.7906,0.792,0.7906,0.8321,2.77,14.41,22.55
boltz1_constrained,no_msa,6FUB,boltz1_constrained,input_model_1,0.8,0.8226,0.821,7.09,7.75,0.7508,0.7823,0.7508,0.8213,2.53,14.61,22.21
boltz1_constrained,no_msa,6FUB,boltz1_constrained,input_model_2,0.79,0.814,0.8209,7.83,8.58,0.7588,0.7914,0.7588,0.8195,1.72,14.97,22.6
boltz1_constrained,no_msa,6FUB,boltz1_constrained,input_model_0,0.81,0.8134,0.8199,7.35,8.03,0.7287,0.7792,0.7287,0.8186,2.87,15.36,22.42
boltz1_constrained,no_msa,6FUB,boltz1_constrained,input_model_0,0.81,0.834,0.8146,6.56,7.22,0.7577,0.7756,0.7577,0.8185,2.91,14.85,22.04
boltz1_constrained,no_msa,6FUB,boltz1_constrained,input_model_0,0.83,0.8497,0.8105,5.84,6.43,0.7921,0.7798,0.7798,0.8183,2.72,14.02,21.37
boltz1_constrained,no_msa,6FUB,boltz1_constrained,input_model_1,0.8,0.8186,0.8172,7.19,7.88,0.7227,0.777,0.7227,0.8175,2.7,15.32,23.41
boltz1_constrained,no_msa,6FUB,boltz1_constrained,input_model_0,0.79,0.8079,0.8183,7.71,8.39,0.7556,0.7848,0.7556,0.8162,2.91,15.25,22.96
boltz1_constrained,no_msa,6FUB,boltz1_constrained,input_model_3,0.78,0.7966,0.8183,8.07,8.79,0.745,0.784,0.745,0.814,2.85,14.58,22.47
boltz1_constrained,no_msa,6FUB,boltz1_constrained,input_model_1,0.79,0.8028,0.8161,7.65,8.41,0.7167,0.77,0.7167,0.8134,2.45,14.21,21.39
boltz1_constrained,no_msa,6FUB,boltz1_constrained,input_model_4,0.78,0.7988,0.8158,7.51,8.2,0.7546,0.7822,0.7546,0.8124,2.82,14.98,21.12
boltz1_constrained,no_msa,6FUB,boltz1_constrained,input_model_3,0.78,0.7947,0.8108,8.06,8.88,0.7197,0.767,0.7197,0.8076,2.56,14.81,22.32
boltz1_constrained,no_msa,6FUB,boltz1_constrained,input_model_2,0.79,0.7976,0.8065,7.38,8.11,0.7236,0.7616,0.7236,0.8047,3.14,13.76,21.11
boltz1_constrained,no_msa,6FUB,boltz1_constrained,input_model_1,0.79,0.803,0.8027,7.13,7.94,0.6969,0.755,0.6969,0.8028,2.71,15.7,22.17
boltz1_constrained,no_msa,6FUB,boltz1_constrained,input_model_3,0.78,0.7898,0.8029,7.78,8.56,0.7235,0.7557,0.7235,0.8003,2.72,14.88,21.18
boltz1_constrained,no_msa,6FUB,boltz1_constrained,input_model_3,0.79,0.7928,0.8008,8.13,8.93,0.7113,0.7511,0.7113,0.7992,2.74,14.92,22.4
boltz1_constrained,no_msa,6FUB,boltz1_constrained,input_model_2,0.79,0.797,0.7976,7.62,8.41,0.6953,0.7411,0.6953,0.7975,2.89,14.84,21.96
boltz1_constrained,no_msa,6FUB,boltz1_constrained,input_model_4,0.78,0.7833,0.799,8.38,9.29,0.7102,0.738,0.7102,0.7959,2.41,14.84,21.84
boltz1_constrained,no_msa,6FUB,boltz1_constrained,input_model_3,0.78,0.7904,0.797,8.1,8.88,0.7274,0.7514,0.7274,0.7957,2.58,15.78,23.39
boltz1_constrained,no_msa,6FUB,boltz1_constrained,input_model_4,0.78,0.7855,0.7957,7.83,8.63,0.7119,0.7386,0.7119,0.7937,2.97,14.47,21.52
boltz1_constrained,no_msa,6FUB,boltz1_constrained,input_model_2,0.8,0.8061,0.7893,7.28,8.04,0.7062,0.7476,0.7062,0.7927,2.22,14.48,21.97
boltz1_constrained,no_msa,6FUB,boltz1_constrained,input_model_2,0.79,0.7895,0.7907,7.62,8.42,0.694,0.7353,0.694,0.7905,2.85,15.06,22.19
boltz1_constrained,no_msa,6FUB,boltz1_constrained,input_model_4,0.78,0.7781,0.7877,8.43,9.31,0.7152,0.7323,0.7152,0.7858,2.88,16.31,23.19
boltz1_constrained,no_msa,6FUB,boltz1_constrained,input_model_4,0.78,0.7783,0.7871,8.37,9.3,0.7025,0.7203,0.7025,0.7853,2.8,14.74,21.19
boltz2_constrained,no_msa,6FUB,boltz2_constrained,input_model_0,0.91,0.9111,0.8914,3.57,4.31,0.8674,0.864,0.864,0.8953,1.7,5.65,6.45
boltz2_constrained,no_msa,6FUB,boltz2_constrained,input_model_1,0.91,0.9098,0.8882,3.76,4.51,0.8628,0.8585,0.8585,0.8925,2.23,4.48,5.01
boltz2_constrained,no_msa,6FUB,boltz2_constrained,input_model_2,0.91,0.9097,0.8861,3.77,4.53,0.86,0.8534,0.8534,0.8908,1.62,4.47,5.13
boltz2_constrained,no_msa,6FUB,boltz2_constrained,input_model_3,0.9,0.8993,0.8822,4.0,4.8,0.8439,0.8444,0.8439,0.8856,1.81,5.58,7.38
boltz2_constrained,no_msa,6FUB,boltz2_constrained,input_model_2,0.9,0.8975,0.8799,4.12,4.91,0.8494,0.8469,0.8469,0.8834,1.7,4.45,6.0
boltz2_constrained,no_msa,6FUB,boltz2_constrained,input_model_0,0.91,0.9041,0.8781,3.93,4.74,0.8379,0.8365,0.8365,0.8833,1.82,7.03,8.92
boltz2_constrained,no_msa,6FUB,boltz2_constrained,input_model_0,0.9,0.8943,0.8792,4.11,4.92,0.827,0.8402,0.827,0.8822,2.17,4.99,5.73
boltz2_constrained,no_msa,6FUB,boltz2_constrained,input_model_1,0.9,0.8939,0.8752,4.18,5.0,0.8367,0.8353,0.8353,0.8789,1.91,4.44,5.85
boltz2_constrained,no_msa,6FUB,boltz2_constrained,input_model_0,0.9,0.8904,0.8696,4.12,4.99,0.8055,0.823,0.8055,0.8738,2.35,4.55,5.39
boltz2_constrained,no_msa,6FUB,boltz2_constrained,input_model_3,0.9,0.8951,0.8676,4.35,5.2,0.8283,0.8201,0.8201,0.8731,2.5,5.92,7.14
boltz2_constrained,no_msa,6FUB,boltz2_constrained,input_model_0,0.89,0.8876,0.8678,4.28,5.16,0.8093,0.8191,0.8093,0.8718,1.75,4.4,5.61
boltz2_constrained,no_msa,6FUB,boltz2_constrained,input_model_2,0.89,0.8877,0.8669,4.29,5.15,0.8054,0.8196,0.8054,0.8711,1.94,3.78,4.97
boltz2_constrained,no_msa,6FUB,boltz2_constrained,input_model_4,0.89,0.8853,0.8634,4.38,5.28,0.79,0.8105,0.79,0.8678,2.08,4.93,7.14
boltz2_constrained,no_msa,6FUB,boltz2_constrained,input_model_1,0.9,0.8835,0.8628,4.4,5.3,0.7906,0.803,0.7906,0.8669,1.97,5.51,6.85
boltz2_constrained,no_msa,6FUB,boltz2_constrained,input_model_4,0.9,0.8858,0.8592,4.32,5.22,0.8014,0.8012,0.8012,0.8645,2.52,4.82,5.59
boltz2_constrained,no_msa,6FUB,boltz2_constrained,input_model_3,0.89,0.8856,0.859,4.28,5.21,0.7902,0.8031,0.7902,0.8643,2.14,5.22,6.32
boltz2_constrained,no_msa,6FUB,boltz2_constrained,input_model_1,0.89,0.8769,0.8545,4.57,5.53,0.7655,0.7851,0.7655,0.859,2.01,6.53,7.81
boltz2_constrained,no_msa,6FUB,boltz2_constrained,input_model_2,0.9,0.8784,0.8493,4.52,5.51,0.7564,0.7779,0.7564,0.8551,2.07,4.93,5.75
boltz2_constrained,no_msa,6FUB,boltz2_constrained,input_model_1,0.9,0.8783,0.8477,4.5,5.51,0.7543,0.768,0.7543,0.8538,1.96,5.27,6.04
boltz2_constrained,no_msa,6FUB,boltz2_constrained,input_model_3,0.89,0.8699,0.8446,4.75,5.79,0.7398,0.7579,0.7398,0.8497,2.54,5.98,7.67
boltz2_constrained,no_msa,6FUB,boltz2_constrained,input_model_4,0.9,0.8734,0.8374,4.78,5.81,0.7343,0.7342,0.7342,0.8446,1.65,3.57,4.52
boltz2_constrained,no_msa,6FUB,boltz2_constrained,input_model_2,0.9,0.8636,0.8287,4.81,5.92,0.7072,0.7256,0.7072,0.8357,1.93,6.63,7.79
boltz2_constrained,no_msa,6FUB,boltz2_constrained,input_model_3,0.9,0.863,0.8244,4.94,6.14,0.6683,0.7073,0.6683,0.8321,2.5,6.18,7.51
boltz2_constrained,no_msa,6FUB,boltz2_constrained,input_model_4,0.88,0.8412,0.7896,5.47,6.84,0.5919,0.6186,0.5919,0.7999,2.15,7.11,8.69
boltz2_constrained,no_msa,6FUB,boltz2_constrained,input_model_4,0.88,0.7931,0.7336,6.78,8.43,0.4643,0.5037,0.4643,0.7455,1.8,5.51,7.87
boltz1_constrained,no_msa,6FUD,boltz1_constrained,input_model_0,0.91,0.9126,0.885,3.33,4.06,0.8727,0.8391,0.8391,0.8905,1.45,0.65,3.14
boltz1_constrained,no_msa,6FUD,boltz1_constrained,input_model_0,0.9,0.9103,0.8807,3.55,4.26,0.8532,0.84,0.84,0.8866,1.37,0.67,3.08
boltz1_constrained,no_msa,6FUD,boltz1_constrained,input_model_3,0.89,0.9061,0.873,3.58,4.33,0.8442,0.8316,0.8316,0.8796,1.42,0.64,3.16
boltz1_constrained,no_msa,6FUD,boltz1_constrained,input_model_1,0.9,0.9015,0.8657,3.61,4.4,0.835,0.8269,0.8269,0.8729,1.44,0.61,2.91
boltz1_constrained,no_msa,6FUD,boltz1_constrained,input_model_1,0.9,0.9017,0.8657,3.7,4.47,0.8311,0.8292,0.8292,0.8729,1.5,0.59,3.31
boltz1_constrained,no_msa,6FUD,boltz1_constrained,input_model_0,0.9,0.9016,0.8656,3.5,4.32,0.8377,0.8177,0.8177,0.8728,1.74,0.61,3.13
boltz1_constrained,no_msa,6FUD,boltz1_constrained,input_model_1,0.9,0.9009,0.863,3.63,4.43,0.8317,0.8205,0.8205,0.8706,1.54,0.57,3.16
boltz1_constrained,no_msa,6FUD,boltz1_constrained,input_model_2,0.89,0.9001,0.8618,3.9,4.66,0.813,0.8273,0.813,0.8695,1.59,0.64,3.43
boltz1_constrained,no_msa,6FUD,boltz1_constrained,input_model_1,0.9,0.9005,0.8615,3.56,4.38,0.8322,0.8095,0.8095,0.8693,1.59,0.63,3.21
boltz1_constrained,no_msa,6FUD,boltz1_constrained,input_model_3,0.89,0.8992,0.8598,3.93,4.69,0.8115,0.8302,0.8115,0.8677,1.51,0.63,3.47
boltz1_constrained,no_msa,6FUD,boltz1_constrained,input_model_0,0.9,0.8968,0.8583,3.67,4.49,0.822,0.813,0.813,0.866,1.49,0.58,2.92
boltz1_constrained,no_msa,6FUD,boltz1_constrained,input_model_2,0.89,0.8975,0.8574,3.8,4.6,0.8161,0.8181,0.8161,0.8654,1.46,0.6,3.24
boltz1_constrained,no_msa,6FUD,boltz1_constrained,input_model_0,0.9,0.897,0.8555,3.63,4.46,0.8212,0.8132,0.8132,0.8638,1.66,0.66,3.47
boltz1_constrained,no_msa,6FUD,boltz1_constrained,input_model_1,0.89,0.8962,0.8543,3.98,4.76,0.8039,0.8237,0.8039,0.8627,1.44,0.62,3.39
boltz1_constrained,no_msa,6FUD,boltz1_constrained,input_model_2,0.89,0.8947,0.8541,3.92,4.7,0.8093,0.8149,0.8093,0.8622,1.53,0.59,3.31
boltz1_constrained,no_msa,6FUD,boltz1_constrained,input_model_4,0.89,0.8946,0.8515,3.88,4.69,0.8053,0.8135,0.8053,0.8601,1.56,0.61,3.33
boltz1_constrained,no_msa,6FUD,boltz1_constrained,input_model_3,0.89,0.8946,0.8513,4.05,4.83,0.7963,0.8196,0.7963,0.86,1.51,0.6,3.4
boltz1_constrained,no_msa,6FUD,boltz1_constrained,input_model_2,0.89,0.894,0.8502,3.87,4.7,0.8017,0.8085,0.8017,0.859,1.58,0.64,3.34
boltz1_constrained,no_msa,6FUD,boltz1_constrained,input_model_2,0.89,0.8926,0.8495,3.86,4.67,0.8013,0.8147,0.8013,0.8581,1.61,0.57,3.18
boltz1_constrained,no_msa,6FUD,boltz1_constrained,input_model_4,0.88,0.8926,0.8491,4.04,4.84,0.7955,0.8214,0.7955,0.8578,1.55,0.64,3.31
boltz1_constrained,no_msa,6FUD,boltz1_constrained,input_model_4,0.89,0.8909,0.8464,4.08,4.89,0.7923,0.8147,0.7923,0.8553,1.52,0.6,3.14
boltz1_constrained,no_msa,6FUD,boltz1_constrained,input_model_4,0.87,0.8867,0.847,4.38,5.18,0.7812,0.8198,0.7812,0.8549,1.5,0.65,3.34
boltz1_constrained,no_msa,6FUD,boltz1_constrained,input_model_3,0.88,0.8838,0.8399,4.4,5.23,0.7712,0.8077,0.7712,0.8487,1.51,0.68,3.71
boltz1_constrained,no_msa,6FUD,boltz1_constrained,input_model_3,0.88,0.8862,0.8382,4.1,4.96,0.7876,0.7924,0.7876,0.8478,1.37,0.64,3.27
boltz1_constrained,no_msa,6FUD,boltz1_constrained,input_model_4,0.88,0.8859,0.8358,4.17,5.04,0.7758,0.8,0.7758,0.8458,1.51,0.63,3.35
boltz2_constrained,no_msa,6FUD,boltz2_constrained,input_model_0,0.92,0.9192,0.8837,2.63,3.28,0.8456,0.8569,0.8456,0.8908,1.02,0.53,1.47
boltz2_constrained,no_msa,6FUD,boltz2_constrained,input_model_0,0.91,0.9087,0.8683,2.9,3.62,0.8103,0.8326,0.8103,0.8764,1.14,0.47,1.35
boltz2_constrained,no_msa,6FUD,boltz2_constrained,input_model_2,0.9,0.9003,0.8547,3.19,3.97,0.7724,0.8042,0.7724,0.8638,1.77,0.56,1.62
boltz2_constrained,no_msa,6FUD,boltz2_constrained,input_model_1,0.93,0.8814,0.8367,3.61,4.49,0.7499,0.7794,0.7499,0.8456,2.16,0.64,3.08
boltz2_constrained,no_msa,6FUD,boltz2_constrained,input_model_1,0.91,0.8818,0.8354,3.64,4.59,0.7312,0.7502,0.7312,0.8447,2.09,0.65,3.51
boltz2_constrained,no_msa,6FUD,boltz2_constrained,input_model_0,0.93,0.8786,0.8344,3.8,4.69,0.7427,0.772,0.7427,0.8432,2.27,0.62,2.86
boltz2_constrained,no_msa,6FUD,boltz2_constrained,input_model_3,0.9,0.8787,0.8322,3.69,4.65,0.7275,0.7435,0.7275,0.8415,2.18,0.7,3.0
boltz2_constrained,no_msa,6FUD,boltz2_constrained,input_model_3,0.93,0.8748,0.8284,3.87,4.78,0.7321,0.7648,0.7321,0.8377,2.13,0.67,3.39
boltz2_constrained,no_msa,6FUD,boltz2_constrained,input_model_0,0.91,0.8683,0.8275,4.0,5.04,0.7135,0.7143,0.7135,0.8357,2.09,0.72,3.87
boltz2_constrained,no_msa,6FUD,boltz2_constrained,input_model_2,0.93,0.872,0.823,3.94,4.87,0.7259,0.7532,0.7259,0.8328,2.15,0.65,3.31
boltz2_constrained,no_msa,6FUD,boltz2_constrained,input_model_4,0.9,0.8724,0.8217,3.8,4.79,0.708,0.7292,0.708,0.8318,2.18,0.66,2.89
boltz2_constrained,no_msa,6FUD,boltz2_constrained,input_model_1,0.91,0.8701,0.8181,3.89,4.9,0.7019,0.723,0.7019,0.8285,2.21,0.67,3.51
boltz2_constrained,no_msa,6FUD,boltz2_constrained,input_model_3,0.89,0.8675,0.8179,3.97,5.01,0.7045,0.711,0.7045,0.8278,2.02,0.6,2.78
boltz2_constrained,no_msa,6FUD,boltz2_constrained,input_model_2,0.91,0.8593,0.808,4.13,5.21,0.679,0.6902,0.679,0.8183,2.14,0.66,2.96
boltz2_constrained,no_msa,6FUD,boltz2_constrained,input_model_1,0.9,0.8716,0.8047,3.69,4.74,0.6479,0.6999,0.6479,0.8181,1.33,0.61,1.42
boltz2_constrained,no_msa,6FUD,boltz2_constrained,input_model_4,0.89,0.8609,0.8041,4.08,5.17,0.673,0.6905,0.673,0.8155,2.12,0.57,2.73
boltz2_constrained,no_msa,6FUD,boltz2_constrained,input_model_2,0.9,0.8552,0.7981,4.22,5.35,0.6603,0.6714,0.6603,0.8095,2.15,0.59,2.64
boltz2_constrained,no_msa,6FUD,boltz2_constrained,input_model_3,0.89,0.8463,0.7892,4.39,5.61,0.6454,0.6448,0.6448,0.8006,2.12,0.72,2.63
boltz2_constrained,no_msa,6FUD,boltz2_constrained,input_model_4,0.92,0.8401,0.79,4.56,5.65,0.672,0.6881,0.672,0.8,2.12,0.61,2.73
boltz2_constrained,no_msa,6FUD,boltz2_constrained,input_model_4,0.89,0.8337,0.7716,4.71,6.02,0.6146,0.6083,0.6083,0.784,2.16,0.57,2.79
boltz2_constrained,no_msa,6FUD,boltz2_constrained,input_model_1,0.91,0.8214,0.7243,4.81,6.67,0.4289,0.4376,0.4289,0.7437,0.49,0.46,1.54
boltz2_constrained,no_msa,6FUD,boltz2_constrained,input_model_0,0.91,0.8236,0.7225,4.79,6.66,0.413,0.4406,0.413,0.7427,0.77,0.56,1.66
boltz2_constrained,no_msa,6FUD,boltz2_constrained,input_model_2,0.91,0.8049,0.7017,5.24,7.3,0.3696,0.3958,0.3696,0.7223,0.53,0.46,0.85
boltz2_constrained,no_msa,6FUD,boltz2_constrained,input_model_3,0.91,0.793,0.679,5.5,7.72,0.3427,0.3671,0.3427,0.7018,0.52,0.48,0.86
boltz2_constrained,no_msa,6FUD,boltz2_constrained,input_model_4,0.91,0.7234,0.5754,7.12,10.12,0.2256,0.2265,0.2256,0.605,0.82,0.43,0.79
boltz1_constrained,no_msa,6G10,boltz1_constrained,input_model_0,0.95,0.9513,0.9426,2.44,2.99,0.9479,0.9197,0.9197,0.9443,1.42,0.97,2.62
boltz1_constrained,no_msa,6G10,boltz1_constrained,input_model_1,0.94,0.9504,0.9421,2.47,3.03,0.9474,0.9164,0.9164,0.9438,1.37,0.98,2.58
boltz1_constrained,no_msa,6G10,boltz1_constrained,input_model_0,0.95,0.9506,0.942,2.47,3.04,0.9473,0.9167,0.9167,0.9437,1.39,0.94,2.6
boltz1_constrained,no_msa,6G10,boltz1_constrained,input_model_1,0.94,0.9501,0.9418,2.48,3.05,0.9471,0.9166,0.9166,0.9435,1.34,0.92,2.75
boltz1_constrained,no_msa,6G10,boltz1_constrained,input_model_0,0.95,0.9501,0.9416,2.47,3.04,0.9469,0.9158,0.9158,0.9433,1.38,0.91,2.59
boltz1_constrained,no_msa,6G10,boltz1_constrained,input_model_0,0.95,0.9502,0.9414,2.47,3.03,0.9468,0.9155,0.9155,0.9432,1.41,0.94,2.57
boltz1_constrained,no_msa,6G10,boltz1_constrained,input_model_1,0.95,0.9498,0.9414,2.51,3.07,0.9467,0.9166,0.9166,0.9431,1.4,0.8,2.75
boltz1_constrained,no_msa,6G10,boltz1_constrained,input_model_2,0.94,0.9496,0.9413,2.49,3.07,0.9466,0.9147,0.9147,0.943,1.37,0.97,2.61
boltz1_constrained,no_msa,6G10,boltz1_constrained,input_model_1,0.94,0.9497,0.9411,2.48,3.05,0.9464,0.9133,0.9133,0.9428,1.39,0.93,2.61
boltz1_constrained,no_msa,6G10,boltz1_constrained,input_model_1,0.95,0.9498,0.9411,2.48,3.04,0.9464,0.9153,0.9153,0.9428,1.41,0.95,2.65
boltz1_constrained,no_msa,6G10,boltz1_constrained,input_model_3,0.94,0.9489,0.9409,2.53,3.1,0.9462,0.9151,0.9151,0.9425,1.36,0.94,2.57
boltz1_constrained,no_msa,6G10,boltz1_constrained,input_model_4,0.94,0.9488,0.9404,2.51,3.08,0.9456,0.9142,0.9142,0.9421,1.33,0.95,2.44
boltz1_constrained,no_msa,6G10,boltz1_constrained,input_model_4,0.94,0.949,0.94,2.58,3.15,0.9448,0.9161,0.9161,0.9418,1.35,0.9,2.77
boltz1_constrained,no_msa,6G10,boltz1_constrained,input_model_3,0.94,0.9484,0.94,2.54,3.12,0.9453,0.9131,0.9131,0.9417,1.39,0.92,2.56
boltz1_constrained,no_msa,6G10,boltz1_constrained,input_model_2,0.95,0.9487,0.9398,2.5,3.07,0.9451,0.9127,0.9127,0.9416,1.39,0.97,2.69
boltz1_constrained,no_msa,6G10,boltz1_constrained,input_model_2,0.94,0.9488,0.9392,2.56,3.12,0.944,0.9156,0.9156,0.9411,1.38,0.93,2.8
boltz1_constrained,no_msa,6G10,boltz1_constrained,input_model_2,0.94,0.9476,0.9393,2.63,3.2,0.9442,0.914,0.914,0.941,1.34,0.9,2.73
boltz1_constrained,no_msa,6G10,boltz1_constrained,input_model_2,0.95,0.9484,0.9392,2.59,3.15,0.9442,0.9144,0.9144,0.941,1.41,0.88,2.7
boltz1_constrained,no_msa,6G10,boltz1_constrained,input_model_0,0.95,0.948,0.939,2.52,3.1,0.9443,0.9133,0.9133,0.9408,1.38,0.86,2.51
boltz1_constrained,no_msa,6G10,boltz1_constrained,input_model_3,0.94,0.9478,0.9385,2.6,3.17,0.9434,0.9141,0.9141,0.9404,1.42,0.91,2.71
boltz1_constrained,no_msa,6G10,boltz1_constrained,input_model_4,0.94,0.9469,0.9382,2.65,3.23,0.9432,0.9116,0.9116,0.9399,1.33,0.88,2.53
boltz1_constrained,no_msa,6G10,boltz1_constrained,input_model_4,0.94,0.9465,0.9378,2.65,3.23,0.9427,0.9115,0.9115,0.9395,1.38,0.88,2.64
boltz1_constrained,no_msa,6G10,boltz1_constrained,input_model_3,0.94,0.9471,0.9376,2.62,3.19,0.9424,0.9128,0.9128,0.9395,1.36,0.88,2.61
boltz1_constrained,no_msa,6G10,boltz1_constrained,input_model_4,0.94,0.9469,0.9376,2.63,3.21,0.9423,0.9116,0.9116,0.9395,1.34,0.89,2.69
boltz1_constrained,no_msa,6G10,boltz1_constrained,input_model_3,0.94,0.946,0.9374,2.68,3.27,0.9423,0.9117,0.9117,0.9391,1.35,0.89,2.62
boltz2_constrained,no_msa,6G10,boltz2_constrained,input_model_1,0.95,0.936,0.928,2.63,3.22,0.9279,0.8917,0.8917,0.9296,2.42,1.18,2.45
boltz2_constrained,no_msa,6G10,boltz2_constrained,input_model_0,0.95,0.937,0.9271,2.56,3.14,0.9275,0.8949,0.8949,0.9291,2.46,1.1,2.39
boltz2_constrained,no_msa,6G10,boltz2_constrained,input_model_2,0.95,0.9329,0.9245,2.68,3.29,0.9237,0.8859,0.8859,0.9262,2.4,1.05,2.32
boltz2_constrained,no_msa,6G10,boltz2_constrained,input_model_2,0.95,0.9325,0.9228,2.75,3.37,0.9208,0.8825,0.8825,0.9247,2.5,1.13,2.46
boltz2_constrained,no_msa,6G10,boltz2_constrained,input_model_0,0.95,0.9313,0.9222,2.74,3.36,0.9204,0.8806,0.8806,0.924,2.48,1.13,2.53
boltz2_constrained,no_msa,6G10,boltz2_constrained,input_model_1,0.95,0.9314,0.9217,2.76,3.38,0.9199,0.8808,0.8808,0.9236,2.42,1.16,2.44
boltz2_constrained,no_msa,6G10,boltz2_constrained,input_model_3,0.95,0.929,0.9199,2.8,3.43,0.9171,0.876,0.876,0.9217,2.47,1.15,2.35
boltz2_constrained,no_msa,6G10,boltz2_constrained,input_model_4,0.95,0.9301,0.9194,2.76,3.39,0.9165,0.8788,0.8788,0.9215,2.42,1.13,2.41
boltz2_constrained,no_msa,6G10,boltz2_constrained,input_model_3,0.95,0.9282,0.9168,2.86,3.5,0.9123,0.8726,0.8726,0.9191,2.47,0.96,2.31
boltz2_constrained,no_msa,6G10,boltz2_constrained,input_model_4,0.95,0.9278,0.9161,2.86,3.5,0.9121,0.8731,0.8731,0.9184,2.45,1.11,2.46
boltz2_constrained,no_msa,6G10,boltz2_constrained,input_model_1,0.95,0.9229,0.91,2.84,3.45,0.8999,0.8911,0.8911,0.9126,2.47,1.21,2.43
boltz2_constrained,no_msa,6G10,boltz2_constrained,input_model_0,0.94,0.9232,0.9087,3.0,3.64,0.8874,0.8847,0.8847,0.9116,2.45,1.15,2.61
boltz2_constrained,no_msa,6G10,boltz2_constrained,input_model_3,0.95,0.9203,0.9056,3.07,3.7,0.8805,0.8854,0.8805,0.9085,2.42,1.14,2.38
boltz2_constrained,no_msa,6G10,boltz2_constrained,input_model_2,0.95,0.9187,0.9058,2.92,3.56,0.8945,0.8854,0.8854,0.9084,2.4,1.15,2.43
boltz2_constrained,no_msa,6G10,boltz2_constrained,input_model_0,0.95,0.9201,0.9042,3.11,3.74,0.8729,0.8879,0.8729,0.9074,2.42,1.29,2.77
boltz2_constrained,no_msa,6G10,boltz2_constrained,input_model_2,0.95,0.9196,0.9033,3.14,3.77,0.8712,0.8858,0.8712,0.9066,2.43,1.32,2.95
boltz2_constrained,no_msa,6G10,boltz2_constrained,input_model_1,0.95,0.9173,0.9018,3.18,3.82,0.8679,0.885,0.8679,0.9049,2.41,1.27,2.65
boltz2_constrained,no_msa,6G10,boltz2_constrained,input_model_3,0.95,0.9121,0.8988,3.13,3.79,0.8829,0.8733,0.8733,0.9015,2.48,1.18,2.64
boltz2_constrained,no_msa,6G10,boltz2_constrained,input_model_4,0.95,0.9137,0.8974,3.3,3.97,0.8595,0.8767,0.8595,0.9007,2.54,1.37,3.07
boltz2_constrained,no_msa,6G10,boltz2_constrained,input_model_0,0.96,0.9038,0.8924,3.42,4.11,0.8601,0.8712,0.8601,0.8947,2.52,1.13,2.87
boltz2_constrained,no_msa,6G10,boltz2_constrained,input_model_1,0.95,0.9035,0.8844,3.56,4.27,0.8409,0.8536,0.8409,0.8882,2.42,1.41,2.9
boltz2_constrained,no_msa,6G10,boltz2_constrained,input_model_4,0.94,0.8817,0.8647,3.88,4.69,0.8203,0.8122,0.8122,0.8681,2.48,1.29,2.95
boltz2_constrained,no_msa,6G10,boltz2_constrained,input_model_2,0.94,0.8663,0.8542,4.55,5.41,0.7686,0.8014,0.7686,0.8566,2.42,1.38,2.99
boltz2_constrained,no_msa,6G10,boltz2_constrained,input_model_3,0.94,0.8459,0.8408,5.13,6.05,0.7624,0.7773,0.7624,0.8418,2.47,1.41,3.19
boltz2_constrained,no_msa,6G10,boltz2_constrained,input_model_4,0.94,0.8495,0.8398,5.06,6.01,0.7607,0.7744,0.7607,0.8417,2.44,1.4,2.95
boltz1_constrained,no_msa,6G11,boltz1_constrained,input_model_0,0.76,0.6581,0.5252,9.2,12.72,0.0957,0.2294,0.0957,0.5518,3.03,10.48,12.9
boltz1_constrained,no_msa,6G11,boltz1_constrained,input_model_1,0.74,0.6369,0.473,9.42,13.45,0.0431,0.1688,0.0431,0.5058,3.09,10.04,12.26
boltz1_constrained,no_msa,6G11,boltz1_constrained,input_model_0,0.75,0.6192,0.4456,9.67,13.8,0.0296,0.1481,0.0296,0.4803,3.19,9.87,11.76
boltz1_constrained,no_msa,6G11,boltz1_constrained,input_model_0,0.74,0.6168,0.4361,10.15,14.68,0.0224,0.1222,0.0224,0.4722,3.1,10.59,13.89
boltz1_constrained,no_msa,6G11,boltz1_constrained,input_model_0,0.74,0.6079,0.4197,10.25,14.83,0.0152,0.1205,0.0152,0.4573,3.36,10.58,12.88
boltz1_constrained,no_msa,6G11,boltz1_constrained,input_model_0,0.76,0.6033,0.4008,9.97,14.48,0.0107,0.1109,0.0107,0.4413,2.99,9.4,11.49
boltz1_constrained,no_msa,6G11,boltz1_constrained,input_model_1,0.75,0.5983,0.3974,10.49,15.35,0.0107,0.1062,0.0107,0.4376,3.15,10.93,13.04
boltz1_constrained,no_msa,6G11,boltz1_constrained,input_model_2,0.75,0.5985,0.3948,10.0,14.5,0.0112,0.1102,0.0112,0.4355,3.29,9.67,11.53
boltz1_constrained,no_msa,6G11,boltz1_constrained,input_model_1,0.75,0.6039,0.3881,9.84,14.29,0.0121,0.1082,0.0121,0.4313,3.28,9.12,10.69
boltz1_constrained,no_msa,6G11,boltz1_constrained,input_model_2,0.75,0.5957,0.3746,10.23,15.43,0.0026,0.0911,0.0026,0.4188,3.26,5.49,7.36
boltz1_constrained,no_msa,6G11,boltz1_constrained,input_model_3,0.74,0.5975,0.3696,9.89,14.67,0.0056,0.0931,0.0056,0.4152,3.17,8.74,10.41
boltz1_constrained,no_msa,6G11,boltz1_constrained,input_model_2,0.74,0.5855,0.3724,10.57,15.56,0.0051,0.0865,0.0051,0.415,3.25,10.4,12.57
boltz1_constrained,no_msa,6G11,boltz1_constrained,input_model_3,0.74,0.5872,0.3644,10.76,16.03,0.0053,0.0908,0.0053,0.409,3.18,10.32,12.57
boltz1_constrained,no_msa,6G11,boltz1_constrained,input_model_2,0.74,0.5891,0.3616,10.64,15.99,0.0079,0.0693,0.0079,0.4071,3.07,2.82,7.93
boltz1_constrained,no_msa,6G11,boltz1_constrained,input_model_1,0.75,0.5886,0.3571,10.16,15.17,0.0053,0.0877,0.0053,0.4034,3.12,5.56,7.99
boltz1_constrained,no_msa,6G11,boltz1_constrained,input_model_4,0.74,0.5852,0.3558,10.26,14.99,0.0053,0.0873,0.0053,0.4017,3.18,10.12,12.02
boltz1_constrained,no_msa,6G11,boltz1_constrained,input_model_1,0.75,0.5866,0.3359,10.25,15.66,0.0027,0.0594,0.0027,0.386,3.16,5.02,6.87
boltz1_constrained,no_msa,6G11,boltz1_constrained,input_model_2,0.74,0.5792,0.334,10.63,15.96,0.005,0.0668,0.005,0.383,3.35,10.43,12.65
boltz1_constrained,no_msa,6G11,boltz1_constrained,input_model_3,0.74,0.5702,0.3316,10.97,16.5,0.0,0.052,0.0,0.3793,2.99,9.77,11.92
boltz1_constrained,no_msa,6G11,boltz1_constrained,input_model_3,0.75,0.5832,0.3215,10.43,16.31,0.0,0.0587,0.0,0.3738,3.18,4.46,6.2
boltz1_constrained,no_msa,6G11,boltz1_constrained,input_model_3,0.75,0.5662,0.3101,10.7,16.18,0.0,0.055,0.0,0.3613,3.2,10.9,12.68
boltz1_constrained,no_msa,6G11,boltz1_constrained,input_model_4,0.74,0.5593,0.3058,11.0,16.56,0.0,0.0507,0.0,0.3565,3.2,10.41,12.34
boltz1_constrained,no_msa,6G11,boltz1_constrained,input_model_4,0.74,0.566,0.2994,11.19,17.7,0.0,0.06,0.0,0.3527,3.25,11.36,14.07
boltz1_constrained,no_msa,6G11,boltz1_constrained,input_model_4,0.74,0.5573,0.2852,11.43,17.62,0.0,0.0484,0.0,0.3396,3.04,11.14,13.28
boltz1_constrained,no_msa,6G11,boltz1_constrained,input_model_4,0.74,0.4791,0.1342,13.62,21.54,0.0029,0.0496,0.0029,0.2032,2.99,9.64,26.86
boltz2_constrained,no_msa,6G11,boltz2_constrained,input_model_0,0.94,0.8681,0.7968,3.8,4.98,0.5941,0.6545,0.5941,0.8111,3.39,0.47,2.79
boltz2_constrained,no_msa,6G11,boltz2_constrained,input_model_4,0.91,0.855,0.7783,4.16,5.46,0.549,0.6195,0.549,0.7936,3.42,0.59,3.59
boltz2_constrained,no_msa,6G11,boltz2_constrained,input_model_2,0.94,0.8506,0.7702,4.2,5.56,0.5299,0.6061,0.5299,0.7863,3.25,0.41,2.82
boltz2_constrained,no_msa,6G11,boltz2_constrained,input_model_0,0.94,0.8484,0.7689,4.25,5.61,0.5308,0.6038,0.5308,0.7848,3.17,0.4,2.72
boltz2_constrained,no_msa,6G11,boltz2_constrained,input_model_1,0.94,0.8471,0.765,4.24,5.6,0.5364,0.5996,0.5364,0.7814,3.09,0.43,2.22
boltz2_constrained,no_msa,6G11,boltz2_constrained,input_model_0,0.94,0.8422,0.7553,4.35,5.79,0.5032,0.5759,0.5032,0.7727,3.31,0.45,2.94
boltz2_constrained,no_msa,6G11,boltz2_constrained,input_model_4,0.91,0.8396,0.7543,4.46,5.91,0.4955,0.5713,0.4955,0.7714,3.48,0.55,3.48
boltz2_constrained,no_msa,6G11,boltz2_constrained,input_model_1,0.94,0.8355,0.7529,4.57,6.03,0.4815,0.5702,0.4815,0.7694,3.4,0.42,3.69
boltz2_constrained,no_msa,6G11,boltz2_constrained,input_model_0,0.94,0.8372,0.7484,4.48,5.97,0.4871,0.5558,0.4871,0.7662,3.28,0.42,2.81
boltz2_constrained,no_msa,6G11,boltz2_constrained,input_model_2,0.94,0.8352,0.7444,4.45,5.96,0.4933,0.5459,0.4933,0.7626,3.17,0.46,3.0
boltz2_constrained,no_msa,6G11,boltz2_constrained,input_model_3,0.94,0.8323,0.7439,4.55,6.03,0.4913,0.5609,0.4913,0.7616,3.07,0.38,2.96
boltz2_constrained,no_msa,6G11,boltz2_constrained,input_model_1,0.95,0.8338,0.7427,4.52,6.05,0.4895,0.5443,0.4895,0.7609,3.02,0.51,2.34
boltz2_constrained,no_msa,6G11,boltz2_constrained,input_model_2,0.93,0.828,0.7408,4.76,6.31,0.4561,0.5429,0.4561,0.7582,3.37,0.48,3.51
boltz2_constrained,no_msa,6G11,boltz2_constrained,input_model_1,0.94,0.8318,0.7394,4.56,6.09,0.4823,0.5454,0.4823,0.7579,3.03,0.45,1.98
boltz2_constrained,no_msa,6G11,boltz2_constrained,input_model_2,0.94,0.8298,0.7392,4.6,6.11,0.4857,0.5493,0.4857,0.7573,3.08,0.47,2.2
boltz2_constrained,no_msa,6G11,boltz2_constrained,input_model_3,0.94,0.829,0.7393,4.68,6.23,0.4659,0.5433,0.4659,0.7572,3.25,0.41,3.08
boltz2_constrained,no_msa,6G11,boltz2_constrained,input_model_0,0.94,0.8286,0.7372,4.65,6.18,0.4754,0.5416,0.4754,0.7555,3.06,0.38,2.59
boltz2_constrained,no_msa,6G11,boltz2_constrained,input_model_3,0.94,0.8282,0.7351,4.66,6.21,0.475,0.5361,0.475,0.7537,3.0,0.48,1.97
boltz2_constrained,no_msa,6G11,boltz2_constrained,input_model_4,0.94,0.8243,0.7289,4.73,6.31,0.4594,0.5318,0.4594,0.748,3.16,0.45,2.53
boltz2_constrained,no_msa,6G11,boltz2_constrained,input_model_3,0.93,0.818,0.7197,4.91,6.58,0.4331,0.5033,0.4331,0.7394,3.22,0.45,3.12
boltz2_constrained,no_msa,6G11,boltz2_constrained,input_model_4,0.94,0.8142,0.7113,4.92,6.6,0.4291,0.4991,0.4291,0.7319,3.14,0.45,1.82
boltz2_constrained,no_msa,6G11,boltz2_constrained,input_model_1,0.94,0.8106,0.7115,5.04,6.74,0.4224,0.4968,0.4224,0.7313,3.03,0.44,2.53
boltz2_constrained,no_msa,6G11,boltz2_constrained,input_model_3,0.93,0.8081,0.7048,5.12,6.86,0.4061,0.4846,0.4061,0.7255,3.24,0.44,3.01
boltz2_constrained,no_msa,6G11,boltz2_constrained,input_model_4,0.93,0.8094,0.7044,5.06,6.8,0.4084,0.4848,0.4084,0.7254,3.2,0.42,3.0
boltz2_constrained,no_msa,6G11,boltz2_constrained,input_model_2,0.94,0.7974,0.6883,5.28,7.09,0.3976,0.4553,0.3976,0.7101,3.07,0.45,2.1
boltz1_constrained,no_msa,6Q76,boltz1_constrained,input_model_2,0.96,0.962,0.9602,1.91,2.35,0.9509,0.9654,0.9509,0.9606,1.14,0.45,0.76
boltz1_constrained,no_msa,6Q76,boltz1_constrained,input_model_0,0.96,0.9619,0.9599,1.91,2.35,0.9509,0.9651,0.9509,0.9603,1.14,0.53,0.96
boltz1_constrained,no_msa,6Q76,boltz1_constrained,input_model_3,0.96,0.9616,0.96,1.93,2.36,0.9499,0.9652,0.9499,0.9603,1.14,0.6,0.93
boltz1_constrained,no_msa,6Q76,boltz1_constrained,input_model_4,0.96,0.9619,0.9598,1.92,2.36,0.9505,0.9651,0.9505,0.9602,1.14,0.55,0.93
boltz1_constrained,no_msa,6Q76,boltz1_constrained,input_model_1,0.96,0.9619,0.9598,1.91,2.34,0.9507,0.965,0.9507,0.9602,1.14,0.51,1.01
boltz1_constrained,no_msa,6Q76,boltz1_constrained,input_model_3,0.96,0.9614,0.9598,1.93,2.37,0.95,0.965,0.95,0.9601,1.14,0.55,0.84
boltz1_constrained,no_msa,6Q76,boltz1_constrained,input_model_1,0.96,0.9626,0.9595,1.89,2.32,0.9529,0.9647,0.9529,0.9601,1.14,0.57,0.91
boltz1_constrained,no_msa,6Q76,boltz1_constrained,input_model_0,0.97,0.9623,0.9594,1.92,2.35,0.9525,0.9646,0.9525,0.96,1.14,0.5,1.07
boltz1_constrained,no_msa,6Q76,boltz1_constrained,input_model_4,0.96,0.9622,0.9594,1.9,2.33,0.9518,0.9646,0.9518,0.96,1.15,0.48,0.79
boltz1_constrained,no_msa,6Q76,boltz1_constrained,input_model_3,0.96,0.9621,0.9594,1.91,2.34,0.9515,0.9646,0.9515,0.9599,1.14,0.56,0.91
boltz1_constrained,no_msa,6Q76,boltz1_constrained,input_model_3,0.96,0.9613,0.9594,1.92,2.35,0.9498,0.9647,0.9498,0.9598,1.14,0.55,0.86
boltz1_constrained,no_msa,6Q76,boltz1_constrained,input_model_2,0.96,0.9611,0.9595,1.94,2.38,0.949,0.9647,0.949,0.9598,1.14,0.63,0.95
boltz1_constrained,no_msa,6Q76,boltz1_constrained,input_model_2,0.96,0.962,0.9593,1.9,2.34,0.9514,0.9645,0.9514,0.9598,1.14,0.47,0.88
boltz1_constrained,no_msa,6Q76,boltz1_constrained,input_model_0,0.96,0.9623,0.959,1.89,2.32,0.9518,0.9643,0.9518,0.9597,1.14,0.62,0.96
boltz1_constrained,no_msa,6Q76,boltz1_constrained,input_model_3,0.96,0.9617,0.9589,1.93,2.36,0.9512,0.9641,0.9512,0.9595,1.14,0.49,0.93
boltz1_constrained,no_msa,6Q76,boltz1_constrained,input_model_4,0.96,0.9618,0.9589,1.92,2.36,0.9517,0.9641,0.9517,0.9595,1.14,0.52,0.97
boltz1_constrained,no_msa,6Q76,boltz1_constrained,input_model_1,0.96,0.9616,0.9589,1.92,2.35,0.9508,0.9642,0.9508,0.9594,1.14,0.63,1.01
boltz1_constrained,no_msa,6Q76,boltz1_constrained,input_model_2,0.96,0.9614,0.9589,1.93,2.37,0.9502,0.9642,0.9502,0.9594,1.14,0.52,0.98
boltz1_constrained,no_msa,6Q76,boltz1_constrained,input_model_0,0.97,0.962,0.9587,1.91,2.34,0.9515,0.964,0.9515,0.9594,1.14,0.53,0.99
boltz1_constrained,no_msa,6Q76,boltz1_constrained,input_model_1,0.96,0.9615,0.9589,1.93,2.37,0.9504,0.9642,0.9504,0.9594,1.14,0.6,0.99
boltz1_constrained,no_msa,6Q76,boltz1_constrained,input_model_4,0.96,0.9607,0.959,1.94,2.38,0.9483,0.9643,0.9483,0.9593,1.14,0.6,0.87
boltz1_constrained,no_msa,6Q76,boltz1_constrained,input_model_0,0.96,0.9623,0.9585,1.91,2.34,0.9528,0.9638,0.9528,0.9593,1.14,0.6,0.98
boltz1_constrained,no_msa,6Q76,boltz1_constrained,input_model_2,0.96,0.961,0.9588,1.94,2.39,0.9495,0.964,0.9495,0.9592,1.14,0.56,0.85
boltz1_constrained,no_msa,6Q76,boltz1_constrained,input_model_1,0.96,0.9621,0.9584,1.91,2.34,0.952,0.9637,0.952,0.9591,1.14,0.67,1.06
boltz1_constrained,no_msa,6Q76,boltz1_constrained,input_model_4,0.96,0.9608,0.9582,1.91,2.35,0.949,0.9635,0.949,0.9587,1.14,0.61,0.89
boltz2_constrained,no_msa,6Q76,boltz2_constrained,input_model_0,0.96,0.9451,0.9353,2.55,3.21,0.9047,0.934,0.9047,0.9373,1.09,0.96,1.03
boltz2_constrained,no_msa,6Q76,boltz2_constrained,input_model_1,0.96,0.9445,0.933,2.58,3.26,0.9035,0.9318,0.9035,0.9353,1.1,0.99,1.41
boltz2_constrained,no_msa,6Q76,boltz2_constrained,input_model_0,0.96,0.9424,0.9322,2.67,3.36,0.8995,0.9291,0.8995,0.9342,1.09,0.92,1.06
boltz2_constrained,no_msa,6Q76,boltz2_constrained,input_model_1,0.96,0.9422,0.9318,2.66,3.34,0.8977,0.9289,0.8977,0.9339,1.1,0.97,1.16
boltz2_constrained,no_msa,6Q76,boltz2_constrained,input_model_1,0.96,0.942,0.9317,2.65,3.34,0.8979,0.9287,0.8979,0.9338,1.1,0.92,1.04
boltz2_constrained,no_msa,6Q76,boltz2_constrained,input_model_1,0.96,0.9412,0.9313,2.68,3.37,0.8971,0.928,0.8971,0.9333,1.11,0.98,1.09
boltz2_constrained,no_msa,6Q76,boltz2_constrained,input_model_0,0.96,0.9416,0.931,2.68,3.37,0.8963,0.9274,0.8963,0.9331,1.09,0.86,0.98
boltz2_constrained,no_msa,6Q76,boltz2_constrained,input_model_1,0.96,0.9413,0.9311,2.69,3.38,0.8976,0.9285,0.8976,0.9331,1.08,0.93,1.1
boltz2_constrained,no_msa,6Q76,boltz2_constrained,input_model_2,0.96,0.9407,0.9307,2.69,3.39,0.8958,0.9274,0.8958,0.9327,1.09,0.93,1.01
boltz2_constrained,no_msa,6Q76,boltz2_constrained,input_model_0,0.96,0.9412,0.9303,2.63,3.32,0.8941,0.9268,0.8941,0.9325,1.17,0.89,1.02
boltz2_constrained,no_msa,6Q76,boltz2_constrained,input_model_2,0.96,0.9419,0.9302,2.67,3.36,0.898,0.9276,0.898,0.9325,1.09,0.93,1.08
boltz2_constrained,no_msa,6Q76,boltz2_constrained,input_model_0,0.96,0.9415,0.9295,2.62,3.32,0.8969,0.9269,0.8969,0.9319,1.1,0.53,0.71
boltz2_constrained,no_msa,6Q76,boltz2_constrained,input_model_3,0.96,0.9409,0.9297,2.71,3.41,0.896,0.9254,0.896,0.9319,1.09,0.98,1.12
boltz2_constrained,no_msa,6Q76,boltz2_constrained,input_model_2,0.96,0.9412,0.9284,2.61,3.31,0.8969,0.926,0.8969,0.931,1.09,0.45,1.15
boltz2_constrained,no_msa,6Q76,boltz2_constrained,input_model_4,0.96,0.9395,0.9287,2.69,3.39,0.8906,0.9255,0.8906,0.9309,1.16,0.96,1.05
boltz2_constrained,no_msa,6Q76,boltz2_constrained,input_model_3,0.96,0.9394,0.9282,2.74,3.45,0.8916,0.9242,0.8916,0.9304,1.12,0.93,1.03
boltz2_constrained,no_msa,6Q76,boltz2_constrained,input_model_4,0.96,0.9393,0.928,2.7,3.41,0.8912,0.9246,0.8912,0.9303,1.15,0.98,1.14
boltz2_constrained,no_msa,6Q76,boltz2_constrained,input_model_2,0.96,0.9393,0.9275,2.74,3.45,0.8933,0.9233,0.8933,0.9299,1.1,0.86,0.94
boltz2_constrained,no_msa,6Q76,boltz2_constrained,input_model_2,0.96,0.9387,0.9262,2.72,3.44,0.8902,0.9211,0.8902,0.9287,1.1,0.55,0.8
boltz2_constrained,no_msa,6Q76,boltz2_constrained,input_model_4,0.96,0.9377,0.9265,2.7,3.41,0.8868,0.9229,0.8868,0.9287,1.17,0.98,1.09
boltz2_constrained,no_msa,6Q76,boltz2_constrained,input_model_4,0.96,0.938,0.9263,2.73,3.45,0.8888,0.9225,0.8888,0.9286,1.15,0.94,1.14
boltz2_constrained,no_msa,6Q76,boltz2_constrained,input_model_3,0.96,0.9387,0.9258,2.69,3.4,0.8897,0.9223,0.8897,0.9284,1.13,0.51,0.75
boltz2_constrained,no_msa,6Q76,boltz2_constrained,input_model_3,0.96,0.9368,0.9247,2.69,3.42,0.8861,0.9208,0.8861,0.9271,1.17,0.42,0.59
boltz2_constrained,no_msa,6Q76,boltz2_constrained,input_model_3,0.96,0.9354,0.9226,2.79,3.53,0.8827,0.9177,0.8827,0.9252,1.12,0.5,0.62
boltz2_constrained,no_msa,6Q76,boltz2_constrained,input_model_4,0.96,0.9332,0.9196,2.87,3.63,0.8787,0.9119,0.8787,0.9223,1.08,0.54,0.72
boltz1_constrained,no_msa,6R8K,boltz1_constrained,input_model_0,0.95,0.9487,0.9381,2.39,2.96,0.9431,0.9262,0.9262,0.9402,1.11,0.57,2.39
boltz1_constrained,no_msa,6R8K,boltz1_constrained,input_model_3,0.95,0.9476,0.9368,2.43,3.02,0.9417,0.9236,0.9236,0.939,1.12,0.61,2.39
boltz1_constrained,no_msa,6R8K,boltz1_constrained,input_model_0,0.95,0.9478,0.9367,2.42,3.0,0.9417,0.9247,0.9247,0.9389,1.09,0.63,2.38
boltz1_constrained,no_msa,6R8K,boltz1_constrained,input_model_0,0.95,0.9474,0.9364,2.43,3.0,0.9412,0.9234,0.9234,0.9386,1.04,0.57,2.18
boltz1_constrained,no_msa,6R8K,boltz1_constrained,input_model_0,0.95,0.9473,0.9363,2.44,3.02,0.9413,0.9235,0.9235,0.9385,1.06,0.59,2.35
boltz1_constrained,no_msa,6R8K,boltz1_constrained,input_model_1,0.95,0.9473,0.9359,2.41,2.98,0.9409,0.9249,0.9249,0.9382,1.07,0.58,2.41
boltz1_constrained,no_msa,6R8K,boltz1_constrained,input_model_2,0.95,0.947,0.9358,2.43,3.01,0.9407,0.9236,0.9236,0.938,1.06,0.57,2.26
boltz1_constrained,no_msa,6R8K,boltz1_constrained,input_model_0,0.95,0.9467,0.9357,2.44,3.02,0.9406,0.9238,0.9238,0.9379,1.05,0.57,2.29
boltz1_constrained,no_msa,6R8K,boltz1_constrained,input_model_1,0.95,0.9468,0.9356,2.44,3.02,0.9406,0.9245,0.9245,0.9378,1.1,0.56,2.35
boltz1_constrained,no_msa,6R8K,boltz1_constrained,input_model_4,0.95,0.9465,0.9353,2.53,3.12,0.9399,0.9232,0.9232,0.9375,1.11,0.98,2.41
boltz1_constrained,no_msa,6R8K,boltz1_constrained,input_model_3,0.95,0.946,0.9351,2.51,3.1,0.9399,0.9213,0.9213,0.9373,1.07,0.64,2.27
boltz1_constrained,no_msa,6R8K,boltz1_constrained,input_model_2,0.95,0.9466,0.935,2.43,3.01,0.9399,0.9236,0.9236,0.9373,1.07,0.56,2.3
boltz1_constrained,no_msa,6R8K,boltz1_constrained,input_model_1,0.95,0.946,0.9351,2.48,3.06,0.9401,0.9228,0.9228,0.9373,1.08,0.66,2.38
boltz1_constrained,no_msa,6R8K,boltz1_constrained,input_model_3,0.95,0.9464,0.9348,2.54,3.12,0.9393,0.9218,0.9218,0.9371,1.0,0.99,2.4
boltz1_constrained,no_msa,6R8K,boltz1_constrained,input_model_2,0.95,0.9464,0.9345,2.52,3.09,0.9392,0.9244,0.9244,0.9369,1.06,0.84,2.46
boltz1_constrained,no_msa,6R8K,boltz1_constrained,input_model_2,0.95,0.946,0.9346,2.54,3.11,0.9393,0.9231,0.9231,0.9369,1.04,1.0,2.44
boltz1_constrained,no_msa,6R8K,boltz1_constrained,input_model_4,0.95,0.946,0.9344,2.53,3.11,0.9391,0.9221,0.9221,0.9367,1.14,0.94,2.47
boltz1_constrained,no_msa,6R8K,boltz1_constrained,input_model_3,0.95,0.9458,0.9344,2.53,3.11,0.9389,0.9221,0.9221,0.9367,1.04,0.99,2.4
boltz1_constrained,no_msa,6R8K,boltz1_constrained,input_model_3,0.95,0.9458,0.9342,2.53,3.1,0.9389,0.9234,0.9234,0.9365,1.08,0.92,2.45
boltz1_constrained,no_msa,6R8K,boltz1_constrained,input_model_4,0.95,0.9463,0.9341,2.52,3.08,0.9388,0.925,0.925,0.9365,1.05,0.82,2.34
boltz1_constrained,no_msa,6R8K,boltz1_constrained,input_model_1,0.95,0.9456,0.9339,2.55,3.13,0.9385,0.9224,0.9224,0.9362,1.05,1.02,2.41
boltz1_constrained,no_msa,6R8K,boltz1_constrained,input_model_4,0.95,0.9453,0.9336,2.55,3.12,0.9383,0.923,0.923,0.9359,1.13,0.86,2.48
boltz1_constrained,no_msa,6R8K,boltz1_constrained,input_model_1,0.95,0.9454,0.9333,2.52,3.09,0.938,0.923,0.923,0.9357,1.07,0.9,2.49
boltz1_constrained,no_msa,6R8K,boltz1_constrained,input_model_2,0.95,0.9452,0.933,2.53,3.1,0.9376,0.9234,0.9234,0.9354,1.11,1.07,2.57
boltz1_constrained,no_msa,6R8K,boltz1_constrained,input_model_4,0.95,0.9441,0.9321,2.56,3.14,0.9368,0.9206,0.9206,0.9345,1.07,1.0,2.56
boltz2_constrained,no_msa,6R8K,boltz2_constrained,input_model_1,0.96,0.9408,0.9318,2.59,3.21,0.9315,0.9036,0.9036,0.9336,1.11,0.55,1.72
boltz2_constrained,no_msa,6R8K,boltz2_constrained,input_model_3,0.95,0.9387,0.9304,2.7,3.33,0.9309,0.9003,0.9003,0.9321,1.29,0.56,1.64
boltz2_constrained,no_msa,6R8K,boltz2_constrained,input_model_4,0.95,0.9387,0.9304,2.66,3.29,0.9314,0.9028,0.9028,0.9321,1.21,0.53,1.47
boltz2_constrained,no_msa,6R8K,boltz2_constrained,input_model_2,0.96,0.9334,0.9228,2.78,3.44,0.9215,0.8908,0.8908,0.9249,1.34,0.49,1.61
boltz2_constrained,no_msa,6R8K,boltz2_constrained,input_model_0,0.96,0.9311,0.9187,2.87,3.54,0.9147,0.8822,0.8822,0.9212,0.96,0.44,1.75
boltz2_constrained,no_msa,6R8K,boltz2_constrained,input_model_1,0.95,0.9144,0.8968,3.95,4.65,0.8326,0.8782,0.8326,0.9003,1.66,0.86,1.8
boltz2_constrained,no_msa,6R8K,boltz2_constrained,input_model_1,0.95,0.9073,0.8976,4.2,4.94,0.8299,0.877,0.8299,0.8995,1.6,0.87,1.95
boltz2_constrained,no_msa,6R8K,boltz2_constrained,input_model_0,0.96,0.899,0.8922,4.48,5.25,0.8316,0.868,0.8316,0.8936,1.55,0.86,2.08
boltz2_constrained,no_msa,6R8K,boltz2_constrained,input_model_0,0.96,0.9032,0.8905,4.31,5.07,0.8292,0.8683,0.8292,0.893,1.5,0.92,1.94
boltz2_constrained,no_msa,6R8K,boltz2_constrained,input_model_0,0.96,0.8993,0.89,4.47,5.24,0.8324,0.8656,0.8324,0.8919,1.57,0.78,2.02
boltz2_constrained,no_msa,6R8K,boltz2_constrained,input_model_1,0.96,0.8992,0.8896,4.44,5.21,0.8285,0.8658,0.8285,0.8915,1.65,0.9,1.98
boltz2_constrained,no_msa,6R8K,boltz2_constrained,input_model_0,0.96,0.8976,0.889,4.52,5.29,0.8302,0.8636,0.8302,0.8907,1.54,0.86,1.93
boltz2_constrained,no_msa,6R8K,boltz2_constrained,input_model_1,0.95,0.8974,0.8875,4.55,5.34,0.828,0.8624,0.828,0.8895,1.83,0.89,2.18
boltz2_constrained,no_msa,6R8K,boltz2_constrained,input_model_2,0.95,0.897,0.8876,4.55,5.33,0.8274,0.8632,0.8274,0.8895,1.95,0.85,2.13
boltz2_constrained,no_msa,6R8K,boltz2_constrained,input_model_3,0.95,0.9006,0.8864,4.46,5.23,0.8243,0.8612,0.8243,0.8892,1.68,0.88,1.79
boltz2_constrained,no_msa,6R8K,boltz2_constrained,input_model_2,0.95,0.8971,0.8865,4.58,5.38,0.8274,0.862,0.8274,0.8886,1.76,1.01,1.93
boltz2_constrained,no_msa,6R8K,boltz2_constrained,input_model_2,0.95,0.8946,0.8834,4.65,5.44,0.839,0.8576,0.839,0.8856,1.88,0.91,2.08
boltz2_constrained,no_msa,6R8K,boltz2_constrained,input_model_2,0.95,0.8912,0.8841,4.76,5.58,0.8345,0.8556,0.8345,0.8855,1.43,0.88,2.03
boltz2_constrained,no_msa,6R8K,boltz2_constrained,input_model_3,0.95,0.8926,0.8834,4.71,5.52,0.8396,0.8564,0.8396,0.8852,1.74,0.88,1.98
boltz2_constrained,no_msa,6R8K,boltz2_constrained,input_model_4,0.95,0.8893,0.8823,4.82,5.64,0.8345,0.8563,0.8345,0.8837,1.88,0.92,2.16
boltz2_constrained,no_msa,6R8K,boltz2_constrained,input_model_4,0.95,0.8914,0.878,4.79,5.59,0.8331,0.8489,0.8331,0.8807,1.79,0.92,1.85
boltz2_constrained,no_msa,6R8K,boltz2_constrained,input_model_4,0.95,0.8878,0.8781,4.9,5.72,0.8329,0.8477,0.8329,0.88,2.0,0.94,2.03
boltz2_constrained,no_msa,6R8K,boltz2_constrained,input_model_3,0.95,0.8877,0.878,4.91,5.72,0.8298,0.8492,0.8298,0.8799,1.7,0.85,1.82
boltz2_constrained,no_msa,6R8K,boltz2_constrained,input_model_3,0.95,0.8838,0.8778,5.03,5.87,0.8254,0.8487,0.8254,0.879,1.74,0.85,1.91
boltz2_constrained,no_msa,6R8K,boltz2_constrained,input_model_4,0.95,0.8844,0.8758,4.98,5.79,0.8239,0.8457,0.8239,0.8775,1.74,0.88,1.92
boltz1_constrained,no_msa,6R8M,boltz1_constrained,input_model_0,0.94,0.9444,0.9276,2.77,3.27,0.9301,0.9197,0.9197,0.931,2.03,0.79,2.19
boltz1_constrained,no_msa,6R8M,boltz1_constrained,input_model_0,0.94,0.9382,0.9197,3.01,3.57,0.9118,0.9193,0.9118,0.9234,1.89,0.8,2.23
boltz1_constrained,no_msa,6R8M,boltz1_constrained,input_model_3,0.93,0.9353,0.92,3.02,3.59,0.9055,0.9197,0.9055,0.9231,1.95,0.75,1.96
boltz1_constrained,no_msa,6R8M,boltz1_constrained,input_model_2,0.94,0.9376,0.9187,2.98,3.54,0.9105,0.9183,0.9105,0.9225,1.88,0.78,2.13
boltz1_constrained,no_msa,6R8M,boltz1_constrained,input_model_1,0.93,0.934,0.9195,3.06,3.63,0.9038,0.9189,0.9038,0.9224,1.94,0.78,2.03
boltz1_constrained,no_msa,6R8M,boltz1_constrained,input_model_0,0.94,0.9352,0.9187,3.01,3.58,0.9056,0.918,0.9056,0.922,1.93,0.73,1.91
boltz1_constrained,no_msa,6R8M,boltz1_constrained,input_model_2,0.93,0.9359,0.9183,3.02,3.59,0.9076,0.9176,0.9076,0.9218,1.99,0.72,2.06
boltz1_constrained,no_msa,6R8M,boltz1_constrained,input_model_1,0.94,0.9362,0.9181,3.0,3.56,0.9077,0.9174,0.9077,0.9217,1.83,0.76,1.86
boltz1_constrained,no_msa,6R8M,boltz1_constrained,input_model_1,0.94,0.9365,0.9179,2.96,3.53,0.9084,0.9173,0.9084,0.9216,2.01,0.76,2.19
boltz1_constrained,no_msa,6R8M,boltz1_constrained,input_model_2,0.94,0.9359,0.9173,3.03,3.59,0.9088,0.9163,0.9088,0.921,1.87,0.76,2.15
boltz1_constrained,no_msa,6R8M,boltz1_constrained,input_model_0,0.94,0.9356,0.9172,3.07,3.64,0.9064,0.9164,0.9064,0.9209,1.86,0.83,2.31
boltz1_constrained,no_msa,6R8M,boltz1_constrained,input_model_4,0.93,0.9372,0.9164,2.9,3.46,0.914,0.9157,0.914,0.9206,1.86,0.73,1.63
boltz1_constrained,no_msa,6R8M,boltz1_constrained,input_model_2,0.93,0.9369,0.9161,3.05,3.61,0.9101,0.9153,0.9101,0.9203,1.94,0.82,2.18
boltz1_constrained,no_msa,6R8M,boltz1_constrained,input_model_3,0.94,0.9345,0.9166,3.01,3.57,0.9059,0.9158,0.9059,0.9202,1.93,0.76,1.97
boltz1_constrained,no_msa,6R8M,boltz1_constrained,input_model_4,0.93,0.9363,0.9151,3.09,3.66,0.9071,0.9141,0.9071,0.9193,1.93,0.81,2.3
boltz1_constrained,no_msa,6R8M,boltz1_constrained,input_model_3,0.93,0.9348,0.9147,3.02,3.59,0.9056,0.9137,0.9056,0.9187,1.84,0.76,1.89
boltz1_constrained,no_msa,6R8M,boltz1_constrained,input_model_4,0.93,0.9341,0.9146,3.04,3.61,0.904,0.9135,0.904,0.9185,1.93,0.74,1.96
boltz1_constrained,no_msa,6R8M,boltz1_constrained,input_model_3,0.93,0.934,0.9144,3.11,3.68,0.9066,0.9133,0.9066,0.9183,1.86,0.75,2.0
boltz1_constrained,no_msa,6R8M,boltz1_constrained,input_model_1,0.94,0.9328,0.9147,3.13,3.69,0.9014,0.9136,0.9014,0.9183,2.04,0.79,2.01
boltz1_constrained,no_msa,6R8M,boltz1_constrained,input_model_4,0.93,0.9311,0.9148,3.11,3.7,0.8937,0.9139,0.8937,0.9181,2.04,0.75,2.0
boltz1_constrained,no_msa,6R8M,boltz1_constrained,input_model_2,0.93,0.9354,0.9132,3.05,3.62,0.9068,0.9121,0.9068,0.9176,1.93,0.76,1.91
boltz1_constrained,no_msa,6R8M,boltz1_constrained,input_model_0,0.94,0.9331,0.9136,3.13,3.71,0.9046,0.9122,0.9046,0.9175,1.98,0.72,2.08
boltz1_constrained,no_msa,6R8M,boltz1_constrained,input_model_1,0.94,0.9327,0.9128,3.15,3.72,0.9028,0.9112,0.9028,0.9168,1.79,0.78,1.96
boltz1_constrained,no_msa,6R8M,boltz1_constrained,input_model_3,0.93,0.9302,0.9125,3.21,3.79,0.9,0.9109,0.9,0.916,1.94,0.74,2.12
boltz1_constrained,no_msa,6R8M,boltz1_constrained,input_model_4,0.93,0.9327,0.9109,3.15,3.73,0.9009,0.9095,0.9009,0.9153,1.92,0.8,2.23
boltz2_constrained,no_msa,6R8M,boltz2_constrained,input_model_1,0.95,0.9448,0.9251,2.36,2.87,0.9192,0.922,0.9192,0.929,1.87,0.68,3.3
boltz2_constrained,no_msa,6R8M,boltz2_constrained,input_model_0,0.95,0.945,0.9247,2.38,2.89,0.9207,0.9198,0.9198,0.9288,1.84,0.64,3.25
boltz2_constrained,no_msa,6R8M,boltz2_constrained,input_model_0,0.96,0.9423,0.9216,2.42,2.94,0.9169,0.9176,0.9169,0.9257,1.85,0.64,2.79
boltz2_constrained,no_msa,6R8M,boltz2_constrained,input_model_0,0.96,0.9405,0.9201,2.53,3.07,0.9145,0.9125,0.9125,0.9242,1.79,0.66,2.76
boltz2_constrained,no_msa,6R8M,boltz2_constrained,input_model_2,0.96,0.9403,0.9187,2.5,3.04,0.9109,0.9138,0.9109,0.923,1.87,0.65,3.11
boltz2_constrained,no_msa,6R8M,boltz2_constrained,input_model_0,0.96,0.9399,0.9186,2.51,3.05,0.9117,0.9131,0.9117,0.9229,1.8,0.61,2.82
boltz2_constrained,no_msa,6R8M,boltz2_constrained,input_model_2,0.95,0.9393,0.9187,2.52,3.07,0.9108,0.9129,0.9108,0.9228,1.82,0.53,2.68
boltz2_constrained,no_msa,6R8M,boltz2_constrained,input_model_4,0.95,0.94,0.9181,2.51,3.05,0.9132,0.912,0.912,0.9225,1.82,0.63,2.85
boltz2_constrained,no_msa,6R8M,boltz2_constrained,input_model_1,0.96,0.9378,0.9171,2.59,3.15,0.9093,0.9105,0.9093,0.9212,1.84,0.66,2.72
boltz2_constrained,no_msa,6R8M,boltz2_constrained,input_model_1,0.95,0.9379,0.9168,2.59,3.14,0.9097,0.9091,0.9091,0.921,1.86,0.63,2.8
boltz2_constrained,no_msa,6R8M,boltz2_constrained,input_model_3,0.95,0.938,0.9164,2.6,3.15,0.9102,0.907,0.907,0.9207,1.89,0.62,2.89
boltz2_constrained,no_msa,6R8M,boltz2_constrained,input_model_2,0.95,0.9373,0.9164,2.59,3.14,0.91,0.9078,0.9078,0.9206,1.82,0.63,2.78
boltz2_constrained,no_msa,6R8M,boltz2_constrained,input_model_2,0.95,0.9379,0.9158,2.59,3.14,0.9096,0.9059,0.9059,0.9202,1.73,0.56,2.52
boltz2_constrained,no_msa,6R8M,boltz2_constrained,input_model_0,0.96,0.9374,0.9158,2.61,3.18,0.909,0.9083,0.9083,0.9201,1.66,0.63,2.53
boltz2_constrained,no_msa,6R8M,boltz2_constrained,input_model_3,0.95,0.9377,0.9156,2.59,3.15,0.9081,0.9085,0.9081,0.92,1.75,0.6,2.69
boltz2_constrained,no_msa,6R8M,boltz2_constrained,input_model_1,0.96,0.9373,0.9153,2.57,3.12,0.9058,0.9094,0.9058,0.9197,1.76,0.63,2.83
boltz2_constrained,no_msa,6R8M,boltz2_constrained,input_model_4,0.95,0.9366,0.9149,2.59,3.15,0.9052,0.9085,0.9052,0.9192,1.79,0.65,2.9
boltz2_constrained,no_msa,6R8M,boltz2_constrained,input_model_1,0.96,0.9368,0.9146,2.6,3.16,0.9045,0.9078,0.9045,0.919,1.77,0.64,2.81
boltz2_constrained,no_msa,6R8M,boltz2_constrained,input_model_3,0.96,0.9367,0.9135,2.62,3.18,0.9037,0.9063,0.9037,0.9181,1.76,0.66,2.87
boltz2_constrained,no_msa,6R8M,boltz2_constrained,input_model_2,0.96,0.9351,0.9138,2.65,3.22,0.9019,0.9061,0.9019,0.9181,1.86,0.65,2.92
boltz2_constrained,no_msa,6R8M,boltz2_constrained,input_model_4,0.95,0.9358,0.9134,2.65,3.22,0.907,0.9017,0.9017,0.9179,1.8,0.64,2.81
boltz2_constrained,no_msa,6R8M,boltz2_constrained,input_model_4,0.95,0.936,0.9129,2.63,3.18,0.9024,0.9066,0.9024,0.9175,1.93,0.7,3.43
boltz2_constrained,no_msa,6R8M,boltz2_constrained,input_model_3,0.96,0.9356,0.9124,2.62,3.19,0.9013,0.9054,0.9013,0.917,1.65,0.63,3.05
boltz2_constrained,no_msa,6R8M,boltz2_constrained,input_model_4,0.95,0.9333,0.9109,2.74,3.33,0.8992,0.9025,0.8992,0.9154,1.77,0.66,2.94
boltz2_constrained,no_msa,6R8M,boltz2_constrained,input_model_3,0.95,0.9337,0.9106,2.71,3.29,0.9024,0.8996,0.8996,0.9152,1.84,0.61,2.91
boltz1_constrained,no_msa,7A8W,boltz1_constrained,input_model_0,0.89,0.9007,0.9187,4.48,4.84,0.8655,0.919,0.8655,0.9151,1.7,5.57,7.26
boltz1_constrained,no_msa,7A8W,boltz1_constrained,input_model_0,0.89,0.9032,0.9161,4.35,4.73,0.8663,0.9164,0.8663,0.9135,1.76,4.82,6.52
boltz1_constrained,no_msa,7A8W,boltz1_constrained,input_model_2,0.88,0.8997,0.9164,4.51,4.82,0.8897,0.9169,0.8897,0.9131,1.71,7.82,9.95
boltz1_constrained,no_msa,7A8W,boltz1_constrained,input_model_0,0.89,0.9015,0.9148,4.47,4.83,0.8613,0.915,0.8613,0.9121,1.74,5.13,6.72
boltz1_constrained,no_msa,7A8W,boltz1_constrained,input_model_0,0.88,0.9036,0.9136,4.41,4.77,0.8765,0.9137,0.8765,0.9116,1.68,4.88,6.56
boltz1_constrained,no_msa,7A8W,boltz1_constrained,input_model_3,0.86,0.876,0.9191,5.18,5.69,0.8637,0.9198,0.8637,0.9105,1.7,8.97,10.54
boltz1_constrained,no_msa,7A8W,boltz1_constrained,input_model_1,0.88,0.8949,0.9123,4.68,5.06,0.8638,0.9123,0.8638,0.9088,1.71,4.5,6.08
boltz1_constrained,no_msa,7A8W,boltz1_constrained,input_model_2,0.86,0.8799,0.9159,5.08,5.56,0.884,0.9161,0.884,0.9087,1.76,9.41,11.15
boltz1_constrained,no_msa,7A8W,boltz1_constrained,input_model_2,0.88,0.8973,0.9114,4.54,4.92,0.8581,0.9111,0.8581,0.9086,1.69,5.13,6.78
boltz1_constrained,no_msa,7A8W,boltz1_constrained,input_model_1,0.88,0.9021,0.9097,4.38,4.73,0.8492,0.9093,0.8492,0.9082,1.76,6.29,8.06
boltz1_constrained,no_msa,7A8W,boltz1_constrained,input_model_2,0.87,0.8842,0.9142,4.97,5.43,0.8811,0.9144,0.8811,0.9082,1.72,9.15,11.01
boltz1_constrained,no_msa,7A8W,boltz1_constrained,input_model_1,0.88,0.8988,0.9094,4.57,4.93,0.863,0.9089,0.863,0.9073,1.61,5.47,7.1
boltz1_constrained,no_msa,7A8W,boltz1_constrained,input_model_1,0.89,0.8899,0.911,5.01,5.38,0.8742,0.9108,0.8742,0.9068,1.71,3.33,4.87
boltz1_constrained,no_msa,7A8W,boltz1_constrained,input_model_2,0.87,0.8963,0.9093,4.68,5.02,0.8702,0.909,0.8702,0.9067,1.72,9.95,11.89
boltz1_constrained,no_msa,7A8W,boltz1_constrained,input_model_0,0.89,0.8998,0.9079,4.46,4.85,0.8584,0.9073,0.8584,0.9063,1.76,4.91,6.57
boltz1_constrained,no_msa,7A8W,boltz1_constrained,input_model_3,0.87,0.8853,0.911,5.23,5.61,0.8811,0.9111,0.8811,0.9059,1.69,10.28,12.48
boltz1_constrained,no_msa,7A8W,boltz1_constrained,input_model_1,0.88,0.9,0.9066,4.47,4.83,0.8642,0.9061,0.8642,0.9053,1.75,5.18,6.68
boltz1_constrained,no_msa,7A8W,boltz1_constrained,input_model_3,0.86,0.8785,0.9118,5.11,5.59,0.8844,0.9117,0.8844,0.9051,1.73,9.97,11.98
boltz1_constrained,no_msa,7A8W,boltz1_constrained,input_model_4,0.86,0.8841,0.9101,4.97,5.43,0.8808,0.91,0.8808,0.9049,1.75,9.48,11.18
boltz1_constrained,no_msa,7A8W,boltz1_constrained,input_model_3,0.87,0.8778,0.9115,5.02,5.56,0.8662,0.9115,0.8662,0.9048,1.69,9.07,10.66
boltz1_constrained,no_msa,7A8W,boltz1_constrained,input_model_4,0.86,0.8807,0.9083,5.14,5.59,0.887,0.908,0.887,0.9028,1.74,9.34,11.16
boltz1_constrained,no_msa,7A8W,boltz1_constrained,input_model_3,0.87,0.8719,0.9096,5.62,6.13,0.88,0.9092,0.88,0.9021,1.72,9.68,11.55
boltz1_constrained,no_msa,7A8W,boltz1_constrained,input_model_4,0.86,0.8713,0.9091,5.52,6.04,0.8668,0.9087,0.8668,0.9015,1.69,9.4,11.14
boltz1_constrained,no_msa,7A8W,boltz1_constrained,input_model_4,0.86,0.8711,0.9073,5.47,5.99,0.8675,0.9064,0.8675,0.9001,1.63,9.28,10.97
boltz1_constrained,no_msa,7A8W,boltz1_constrained,input_model_4,0.86,0.8707,0.9072,5.62,6.14,0.8677,0.9066,0.8677,0.8999,1.7,9.73,11.49
boltz2_constrained,no_msa,7A8W,boltz2_constrained,input_model_0,0.92,0.6882,0.5354,9.33,12.51,0.1635,0.143,0.143,0.566,1.48,8.81,26.27
boltz2_constrained,no_msa,7A8W,boltz2_constrained,input_model_1,0.9,0.6596,0.4858,10.17,13.73,0.1,0.0531,0.0531,0.5206,1.41,8.43,25.54
boltz2_constrained,no_msa,7A8W,boltz2_constrained,input_model_0,0.91,0.649,0.4485,10.49,14.31,0.0635,0.0238,0.0238,0.4886,1.42,8.55,25.66
boltz2_constrained,no_msa,7A8W,boltz2_constrained,input_model_1,0.91,0.6464,0.434,10.56,14.41,0.0593,0.0205,0.0205,0.4765,1.43,8.78,25.93
boltz2_constrained,no_msa,7A8W,boltz2_constrained,input_model_2,0.88,0.6157,0.3813,11.46,15.76,0.0079,0.0,0.0,0.4282,1.42,8.49,26.01
boltz2_constrained,no_msa,7A8W,boltz2_constrained,input_model_0,0.9,0.6161,0.3774,11.31,15.66,0.0128,0.0,0.0,0.4251,1.46,8.51,26.29
boltz2_constrained,no_msa,7A8W,boltz2_constrained,input_model_2,0.87,0.6237,0.3555,11.02,15.43,0.024,0.0,0.0,0.4091,1.38,9.35,27.39
boltz2_constrained,no_msa,7A8W,boltz2_constrained,input_model_3,0.85,0.6008,0.358,11.95,16.52,0.0,0.0,0.0,0.4066,1.41,8.36,25.66
boltz2_constrained,no_msa,7A8W,boltz2_constrained,input_model_1,0.84,0.5893,0.3401,12.28,17.01,0.0,0.0,0.0,0.3899,1.43,7.8,25.83
boltz2_constrained,no_msa,7A8W,boltz2_constrained,input_model_1,0.91,0.6059,0.3251,11.86,16.46,0.0,0.0,0.0,0.3813,1.47,8.54,26.6
boltz2_constrained,no_msa,7A8W,boltz2_constrained,input_model_0,0.92,0.5977,0.32,12.03,16.58,0.0,0.0,0.0,0.3755,1.43,8.7,25.9
boltz2_constrained,no_msa,7A8W,boltz2_constrained,input_model_3,0.79,0.5548,0.286,13.47,19.01,0.0,0.0,0.0,0.3398,1.46,1.36,28.24
boltz2_constrained,no_msa,7A8W,boltz2_constrained,input_model_2,0.8,0.5555,0.2839,13.46,18.89,0.0,0.0,0.0,0.3382,1.42,1.18,27.81
boltz2_constrained,no_msa,7A8W,boltz2_constrained,input_model_3,0.78,0.5525,0.279,13.59,19.03,0.0,0.0,0.0,0.3337,1.44,1.39,28.01
boltz2_constrained,no_msa,7A8W,boltz2_constrained,input_model_0,0.88,0.553,0.2092,13.45,18.89,0.0,0.0,0.0,0.278,1.47,8.74,27.12
boltz2_constrained,no_msa,7A8W,boltz2_constrained,input_model_4,0.78,0.5271,0.1597,13.81,20.13,0.0,0.0,0.0,0.2332,1.42,9.5,27.7
boltz2_constrained,no_msa,7A8W,boltz2_constrained,input_model_4,0.79,0.5304,0.1526,13.81,20.12,0.0,0.0,0.0,0.2282,1.4,9.74,28.51
boltz2_constrained,no_msa,7A8W,boltz2_constrained,input_model_1,0.86,0.5226,0.1369,14.26,20.3,0.0,0.0,0.0,0.214,1.4,10.01,28.98
boltz2_constrained,no_msa,7A8W,boltz2_constrained,input_model_2,0.84,0.5213,0.1359,14.57,20.72,0.0,0.0,0.0,0.213,1.44,9.55,29.59
boltz2_constrained,no_msa,7A8W,boltz2_constrained,input_model_4,0.75,0.5162,0.1369,14.55,20.65,0.0,0.0,0.0,0.2128,1.53,1.52,24.59
boltz2_constrained,no_msa,7A8W,boltz2_constrained,input_model_3,0.76,0.5215,0.1326,14.54,20.73,0.0,0.0,0.0,0.2104,1.49,1.22,24.31
boltz2_constrained,no_msa,7A8W,boltz2_constrained,input_model_3,0.82,0.5211,0.1326,14.38,20.53,0.0,0.0,0.0,0.2103,1.48,0.98,23.91
boltz2_constrained,no_msa,7A8W,boltz2_constrained,input_model_4,0.76,0.523,0.13,14.28,20.94,0.0,0.0,0.0,0.2086,1.48,2.42,30.35
boltz2_constrained,no_msa,7A8W,boltz2_constrained,input_model_2,0.76,0.5152,0.1241,14.66,20.86,0.0,0.0,0.0,0.2023,1.45,0.67,20.97
boltz2_constrained,no_msa,7A8W,boltz2_constrained,input_model_4,0.79,0.5123,0.1241,14.67,21.16,0.0,0.0,0.0,0.2017,1.53,1.89,30.14
boltz1_constrained,no_msa,7A8X,boltz1_constrained,input_model_0,0.89,0.9206,0.9131,3.65,4.05,0.8506,0.9125,0.8506,0.9146,1.44,4.91,6.68
boltz1_constrained,no_msa,7A8X,boltz1_constrained,input_model_2,0.89,0.9162,0.9135,3.91,4.29,0.8383,0.9129,0.8383,0.914,1.43,5.03,6.83
boltz1_constrained,no_msa,7A8X,boltz1_constrained,input_model_2,0.88,0.9011,0.9169,4.53,4.89,0.8654,0.9166,0.8654,0.9137,1.45,4.42,6.17
boltz1_constrained,no_msa,7A8X,boltz1_constrained,input_model_0,0.89,0.9011,0.9161,4.57,4.94,0.8637,0.9159,0.8637,0.9131,1.45,4.96,6.61
boltz1_constrained,no_msa,7A8X,boltz1_constrained,input_model_4,0.88,0.8991,0.9152,4.56,4.95,0.8579,0.9147,0.8579,0.912,1.52,5.01,6.74
boltz1_constrained,no_msa,7A8X,boltz1_constrained,input_model_1,0.88,0.902,0.9145,4.48,4.86,0.8632,0.9141,0.8632,0.912,1.54,4.39,6.14
boltz1_constrained,no_msa,7A8X,boltz1_constrained,input_model_4,0.87,0.8897,0.9171,4.96,5.39,0.8857,0.917,0.8857,0.9116,1.5,9.49,11.44
boltz1_constrained,no_msa,7A8X,boltz1_constrained,input_model_4,0.88,0.9004,0.9138,4.62,4.98,0.8625,0.9134,0.8625,0.9111,1.44,5.46,7.11
boltz1_constrained,no_msa,7A8X,boltz1_constrained,input_model_2,0.88,0.9003,0.9135,4.57,4.94,0.8632,0.913,0.8632,0.9109,1.52,4.86,6.57
boltz1_constrained,no_msa,7A8X,boltz1_constrained,input_model_1,0.89,0.8969,0.914,4.72,5.1,0.8649,0.9134,0.8649,0.9106,1.49,4.68,6.35
boltz1_constrained,no_msa,7A8X,boltz1_constrained,input_model_0,0.89,0.9012,0.9125,4.5,4.88,0.8659,0.9119,0.8659,0.9102,1.43,4.5,6.19
boltz1_constrained,no_msa,7A8X,boltz1_constrained,input_model_1,0.89,0.8911,0.9147,5.08,5.44,0.8784,0.9142,0.8784,0.91,1.49,3.43,5.01
boltz1_constrained,no_msa,7A8X,boltz1_constrained,input_model_2,0.88,0.8948,0.9136,4.85,5.2,0.8748,0.9132,0.8748,0.9098,1.5,6.4,8.08
boltz1_constrained,no_msa,7A8X,boltz1_constrained,input_model_3,0.88,0.898,0.9123,4.64,5.02,0.8587,0.9116,0.8587,0.9094,1.46,4.32,6.07
boltz1_constrained,no_msa,7A8X,boltz1_constrained,input_model_1,0.88,0.8943,0.9131,4.85,5.2,0.8709,0.9124,0.8709,0.9093,1.49,5.86,7.68
boltz1_constrained,no_msa,7A8X,boltz1_constrained,input_model_4,0.88,0.8975,0.9123,4.7,5.07,0.8714,0.9115,0.8714,0.9093,1.48,4.56,6.3
boltz1_constrained,no_msa,7A8X,boltz1_constrained,input_model_1,0.89,0.8987,0.9117,4.69,5.05,0.8727,0.9109,0.8727,0.9091,1.48,5.29,7.06
boltz1_constrained,no_msa,7A8X,boltz1_constrained,input_model_4,0.88,0.8965,0.9121,4.6,5.0,0.8656,0.9113,0.8656,0.909,1.49,5.44,7.28
boltz1_constrained,no_msa,7A8X,boltz1_constrained,input_model_0,0.89,0.9029,0.9102,4.45,4.83,0.8689,0.9092,0.8689,0.9087,1.44,4.81,6.56
boltz1_constrained,no_msa,7A8X,boltz1_constrained,input_model_3,0.88,0.8963,0.9117,4.69,5.06,0.8674,0.9108,0.8674,0.9086,1.36,4.92,6.55
boltz1_constrained,no_msa,7A8X,boltz1_constrained,input_model_3,0.88,0.8958,0.9117,4.76,5.13,0.8669,0.9108,0.8669,0.9085,1.34,4.7,6.42
boltz1_constrained,no_msa,7A8X,boltz1_constrained,input_model_0,0.89,0.8943,0.9118,4.76,5.16,0.8662,0.9109,0.8662,0.9083,1.51,5.23,7.09
boltz1_constrained,no_msa,7A8X,boltz1_constrained,input_model_2,0.88,0.889,0.9116,5.13,5.5,0.8719,0.9107,0.8719,0.9071,1.44,3.86,5.45
boltz1_constrained,no_msa,7A8X,boltz1_constrained,input_model_3,0.88,0.8947,0.91,4.79,5.17,0.8659,0.9089,0.8659,0.9069,1.44,5.03,6.75
boltz1_constrained,no_msa,7A8X,boltz1_constrained,input_model_3,0.88,0.8944,0.9081,4.76,5.14,0.867,0.9069,0.867,0.9054,1.41,5.16,6.89
boltz2_constrained,no_msa,7A8X,boltz2_constrained,input_model_0,0.8,0.5769,0.3811,12.92,17.76,0.0,0.0,0.0,0.4203,1.19,1.09,27.98
boltz2_constrained,no_msa,7A8X,boltz2_constrained,input_model_1,0.8,0.5695,0.3493,12.96,17.9,0.0,0.0,0.0,0.3933,1.31,1.04,28.03
boltz2_constrained,no_msa,7A8X,boltz2_constrained,input_model_2,0.79,0.5565,0.311,13.56,18.87,0.0,0.0,0.0,0.3601,1.3,1.09,28.27
boltz2_constrained,no_msa,7A8X,boltz2_constrained,input_model_4,0.78,0.5435,0.2625,13.91,19.49,0.0,0.0,0.0,0.3187,1.23,1.15,28.49
boltz2_constrained,no_msa,7A8X,boltz2_constrained,input_model_2,0.78,0.5399,0.2533,14.14,19.77,0.0,0.0,0.0,0.3106,1.29,1.38,28.22
boltz2_constrained,no_msa,7A8X,boltz2_constrained,input_model_3,0.79,0.5335,0.2425,14.27,19.96,0.0,0.0,0.0,0.3007,1.4,0.93,27.96
boltz2_constrained,no_msa,7A8X,boltz2_constrained,input_model_0,0.84,0.5355,0.2205,14.22,20.09,0.0,0.0,0.0,0.2835,1.22,0.91,27.05
boltz2_constrained,no_msa,7A8X,boltz2_constrained,input_model_2,0.8,0.5315,0.2207,14.28,20.2,0.0,0.0,0.0,0.2829,1.38,0.99,28.04
boltz2_constrained,no_msa,7A8X,boltz2_constrained,input_model_2,0.81,0.5308,0.2191,14.42,20.34,0.0,0.0,0.0,0.2814,1.19,0.77,26.71
boltz2_constrained,no_msa,7A8X,boltz2_constrained,input_model_3,0.79,0.5254,0.2175,14.54,20.45,0.0,0.0,0.0,0.2791,1.36,1.1,27.95
boltz2_constrained,no_msa,7A8X,boltz2_constrained,input_model_0,0.82,0.5269,0.2141,14.41,20.31,0.0,0.0,0.0,0.2767,1.27,0.99,28.33
boltz2_constrained,no_msa,7A8X,boltz2_constrained,input_model_1,0.82,0.5298,0.2129,14.41,20.23,0.0,0.0,0.0,0.2763,1.34,0.97,28.03
boltz2_constrained,no_msa,7A8X,boltz2_constrained,input_model_4,0.79,0.5245,0.2012,14.52,20.52,0.0,0.0,0.0,0.2659,1.23,1.04,28.32
boltz2_constrained,no_msa,7A8X,boltz2_constrained,input_model_0,0.81,0.5414,0.1872,14.06,19.33,0.0,0.0,0.0,0.258,1.27,10.41,27.81
boltz2_constrained,no_msa,7A8X,boltz2_constrained,input_model_1,0.8,0.5387,0.1707,13.54,19.72,0.0,0.0,0.0,0.2443,1.27,10.49,25.63
boltz2_constrained,no_msa,7A8X,boltz2_constrained,input_model_1,0.84,0.5198,0.161,14.75,21.12,0.0,0.0,0.0,0.2328,1.18,1.3,28.94
boltz2_constrained,no_msa,7A8X,boltz2_constrained,input_model_3,0.79,0.5217,0.1484,13.88,20.52,0.0,0.0,0.0,0.2231,1.16,9.22,27.99
boltz2_constrained,no_msa,7A8X,boltz2_constrained,input_model_3,0.82,0.5238,0.144,14.11,20.79,0.0,0.0,0.0,0.22,1.26,9.29,29.45
boltz2_constrained,no_msa,7A8X,boltz2_constrained,input_model_0,0.78,0.5148,0.1371,14.94,21.35,0.0,0.0,0.0,0.2126,1.16,1.16,28.41
boltz2_constrained,no_msa,7A8X,boltz2_constrained,input_model_4,0.75,0.5101,0.1244,14.66,21.49,0.0,0.0,0.0,0.2015,1.42,1.92,29.66
boltz2_constrained,no_msa,7A8X,boltz2_constrained,input_model_1,0.77,0.5102,0.1206,14.8,21.66,0.0,0.0,0.0,0.1985,1.2,9.28,27.82
boltz2_constrained,no_msa,7A8X,boltz2_constrained,input_model_4,0.77,0.5102,0.1187,15.19,22.07,0.0,0.0,0.0,0.197,1.33,2.33,31.31
boltz2_constrained,no_msa,7A8X,boltz2_constrained,input_model_2,0.77,0.5096,0.1163,15.09,22.0,0.0,0.0,0.0,0.195,1.33,1.83,29.29
boltz2_constrained,no_msa,7A8X,boltz2_constrained,input_model_3,0.77,0.5049,0.1078,15.25,22.48,0.0,0.0,0.0,0.1872,1.39,1.95,31.6
boltz2_constrained,no_msa,7A8X,boltz2_constrained,input_model_4,0.76,0.5023,0.1015,15.33,22.71,0.0,0.0,0.0,0.1817,1.35,1.76,31.81
boltz1_constrained,no_msa,7BNT,boltz1_constrained,input_model_0,0.93,0.9479,0.9358,2.76,3.34,0.9396,0.9176,0.9176,0.9382,1.41,2.22,3.52
boltz1_constrained,no_msa,7BNT,boltz1_constrained,input_model_0,0.93,0.9462,0.9362,2.81,3.43,0.9406,0.9143,0.9143,0.9382,1.38,1.64,3.05
boltz1_constrained,no_msa,7BNT,boltz1_constrained,input_model_0,0.93,0.9423,0.9354,3.07,3.72,0.9393,0.902,0.902,0.9368,1.38,1.65,3.2
boltz1_constrained,no_msa,7BNT,boltz1_constrained,input_model_2,0.93,0.9443,0.9334,2.96,3.56,0.9371,0.9111,0.9111,0.9356,1.42,2.23,3.75
boltz1_constrained,no_msa,7BNT,boltz1_constrained,input_model_1,0.93,0.9444,0.9333,2.93,3.55,0.937,0.9122,0.9122,0.9355,1.43,2.28,3.51
boltz1_constrained,no_msa,7BNT,boltz1_constrained,input_model_3,0.93,0.9441,0.933,2.91,3.51,0.9364,0.9109,0.9109,0.9352,1.48,2.36,3.77
boltz1_constrained,no_msa,7BNT,boltz1_constrained,input_model_0,0.93,0.9433,0.9331,2.99,3.61,0.9369,0.9094,0.9094,0.9351,1.3,1.99,3.27
boltz1_constrained,no_msa,7BNT,boltz1_constrained,input_model_1,0.93,0.9419,0.9333,3.08,3.73,0.9369,0.9061,0.9061,0.935,1.28,2.22,3.42
boltz1_constrained,no_msa,7BNT,boltz1_constrained,input_model_1,0.93,0.9421,0.9328,3.05,3.68,0.9368,0.9044,0.9044,0.9347,1.32,1.97,3.37
boltz1_constrained,no_msa,7BNT,boltz1_constrained,input_model_1,0.93,0.9401,0.933,3.1,3.76,0.9369,0.8996,0.8996,0.9344,1.21,1.68,3.23
boltz1_constrained,no_msa,7BNT,boltz1_constrained,input_model_2,0.93,0.9405,0.9327,3.16,3.82,0.9366,0.9008,0.9008,0.9343,1.31,1.98,3.33
boltz1_constrained,no_msa,7BNT,boltz1_constrained,input_model_3,0.93,0.9378,0.9331,3.18,3.85,0.9368,0.8931,0.8931,0.934,1.27,1.7,3.24
boltz1_constrained,no_msa,7BNT,boltz1_constrained,input_model_2,0.93,0.9439,0.9313,2.94,3.55,0.935,0.9133,0.9133,0.9338,1.4,2.31,3.69
boltz1_constrained,no_msa,7BNT,boltz1_constrained,input_model_4,0.93,0.9407,0.9314,3.1,3.76,0.9349,0.9038,0.9038,0.9333,1.4,2.37,3.43
boltz1_constrained,no_msa,7BNT,boltz1_constrained,input_model_0,0.93,0.9418,0.9306,3.01,3.63,0.9343,0.9079,0.9079,0.9328,1.21,2.18,3.41
boltz1_constrained,no_msa,7BNT,boltz1_constrained,input_model_2,0.93,0.9399,0.9306,3.15,3.8,0.9342,0.9027,0.9027,0.9325,1.34,2.27,3.61
boltz1_constrained,no_msa,7BNT,boltz1_constrained,input_model_4,0.93,0.9391,0.9307,3.18,3.84,0.9341,0.8997,0.8997,0.9324,1.25,2.34,3.65
boltz1_constrained,no_msa,7BNT,boltz1_constrained,input_model_3,0.93,0.9395,0.9296,3.08,3.71,0.9336,0.901,0.901,0.9316,1.27,2.03,3.32
boltz1_constrained,no_msa,7BNT,boltz1_constrained,input_model_3,0.93,0.9398,0.9293,3.16,3.8,0.933,0.9042,0.9042,0.9314,1.37,2.19,3.34
boltz1_constrained,no_msa,7BNT,boltz1_constrained,input_model_4,0.92,0.9349,0.9279,3.32,3.99,0.9315,0.8906,0.8906,0.9293,1.4,2.18,3.5
boltz1_constrained,no_msa,7BNT,boltz1_constrained,input_model_2,0.92,0.9361,0.9273,3.24,3.91,0.9307,0.8944,0.8944,0.9291,1.31,2.28,3.66
boltz1_constrained,no_msa,7BNT,boltz1_constrained,input_model_3,0.92,0.9348,0.9269,3.26,3.94,0.9302,0.8938,0.8938,0.9285,1.29,2.32,3.5
boltz1_constrained,no_msa,7BNT,boltz1_constrained,input_model_1,0.92,0.9351,0.9266,3.3,3.96,0.9296,0.8925,0.8925,0.9283,1.15,2.23,3.63
boltz1_constrained,no_msa,7BNT,boltz1_constrained,input_model_4,0.92,0.9335,0.9259,3.32,4.01,0.9291,0.89,0.89,0.9274,1.27,2.32,3.49
boltz1_constrained,no_msa,7BNT,boltz1_constrained,input_model_4,0.92,0.9333,0.925,3.27,3.95,0.9277,0.8896,0.8896,0.9267,1.17,2.26,3.58
boltz2_constrained,no_msa,7BNT,boltz2_constrained,input_model_1,0.94,0.9259,0.9074,3.43,4.12,0.8655,0.8893,0.8655,0.9111,1.14,1.04,2.09
boltz2_constrained,no_msa,7BNT,boltz2_constrained,input_model_4,0.94,0.9188,0.9021,3.7,4.46,0.8577,0.8747,0.8577,0.9054,1.84,0.97,1.8
boltz2_constrained,no_msa,7BNT,boltz2_constrained,input_model_2,0.94,0.9134,0.901,3.75,4.44,0.8309,0.8818,0.8309,0.9035,1.13,0.94,2.07
boltz2_constrained,no_msa,7BNT,boltz2_constrained,input_model_1,0.94,0.9127,0.9004,3.79,4.48,0.8284,0.881,0.8284,0.9029,1.12,1.02,2.14
boltz2_constrained,no_msa,7BNT,boltz2_constrained,input_model_1,0.95,0.9105,0.899,3.85,4.54,0.8269,0.8793,0.8269,0.9013,1.17,0.96,2.06
boltz2_constrained,no_msa,7BNT,boltz2_constrained,input_model_2,0.94,0.9128,0.8957,3.71,4.41,0.8309,0.8766,0.8309,0.8991,0.85,0.88,1.73
boltz2_constrained,no_msa,7BNT,boltz2_constrained,input_model_0,0.95,0.9056,0.8941,3.99,4.71,0.8185,0.8703,0.8185,0.8964,0.96,0.9,1.92
boltz2_constrained,no_msa,7BNT,boltz2_constrained,input_model_2,0.94,0.9086,0.8932,3.9,4.63,0.8225,0.872,0.8225,0.8963,0.96,1.15,2.17
boltz2_constrained,no_msa,7BNT,boltz2_constrained,input_model_0,0.95,0.9022,0.8937,4.17,4.9,0.8184,0.8685,0.8184,0.8954,0.97,0.96,2.12
boltz2_constrained,no_msa,7BNT,boltz2_constrained,input_model_1,0.94,0.9046,0.8929,4.07,4.79,0.8172,0.8694,0.8172,0.8952,1.13,1.07,2.19
boltz2_constrained,no_msa,7BNT,boltz2_constrained,input_model_0,0.95,0.9052,0.8923,4.05,4.76,0.8139,0.8681,0.8139,0.8949,0.97,1.01,2.08
boltz2_constrained,no_msa,7BNT,boltz2_constrained,input_model_4,0.94,0.9014,0.8922,4.17,4.92,0.8151,0.8649,0.8151,0.894,0.67,1.11,2.12
boltz2_constrained,no_msa,7BNT,boltz2_constrained,input_model_3,0.94,0.906,0.8895,4.0,4.72,0.8157,0.8651,0.8157,0.8928,0.91,1.02,2.05
boltz2_constrained,no_msa,7BNT,boltz2_constrained,input_model_0,0.95,0.9008,0.8905,4.19,4.93,0.8122,0.864,0.8122,0.8926,0.97,0.95,2.07
boltz2_constrained,no_msa,7BNT,boltz2_constrained,input_model_2,0.95,0.9015,0.8903,4.16,4.9,0.8142,0.8659,0.8142,0.8925,1.25,1.18,2.26
boltz2_constrained,no_msa,7BNT,boltz2_constrained,input_model_3,0.94,0.9022,0.8893,4.11,4.86,0.8149,0.8637,0.8149,0.8919,0.68,1.11,2.35
boltz2_constrained,no_msa,7BNT,boltz2_constrained,input_model_2,0.94,0.8996,0.8887,4.26,5.0,0.8107,0.8638,0.8107,0.8909,1.23,1.02,2.22
boltz2_constrained,no_msa,7BNT,boltz2_constrained,input_model_1,0.94,0.9001,0.8874,4.24,4.99,0.8131,0.8607,0.8131,0.8899,0.83,1.0,2.3
boltz2_constrained,no_msa,7BNT,boltz2_constrained,input_model_3,0.94,0.8999,0.8872,4.24,4.99,0.8096,0.861,0.8096,0.8897,0.96,0.99,2.14
boltz2_constrained,no_msa,7BNT,boltz2_constrained,input_model_0,0.94,0.9002,0.8853,4.21,4.97,0.8135,0.8595,0.8135,0.8883,1.24,0.96,1.98
boltz2_constrained,no_msa,7BNT,boltz2_constrained,input_model_3,0.94,0.8946,0.883,4.4,5.19,0.8091,0.852,0.8091,0.8853,0.92,1.02,1.87
boltz2_constrained,no_msa,7BNT,boltz2_constrained,input_model_3,0.95,0.8964,0.8806,4.3,5.08,0.8079,0.8544,0.8079,0.8838,1.0,1.03,1.98
boltz2_constrained,no_msa,7BNT,boltz2_constrained,input_model_4,0.94,0.8925,0.8788,4.46,5.27,0.8037,0.8466,0.8037,0.8815,0.9,0.96,2.15
boltz2_constrained,no_msa,7BNT,boltz2_constrained,input_model_4,0.94,0.8816,0.8697,4.83,5.66,0.7964,0.8334,0.7964,0.8721,0.98,1.05,2.24
boltz2_constrained,no_msa,7BNT,boltz2_constrained,input_model_4,0.94,0.8776,0.8694,4.96,5.82,0.7957,0.8295,0.7957,0.871,1.04,0.97,2.14
boltz1_constrained,no_msa,7QPX,boltz1_constrained,input_model_0,0.89,0.908,0.9222,4.14,4.48,0.883,0.9218,0.883,0.9194,1.43,4.42,6.08
boltz1_constrained,no_msa,7QPX,boltz1_constrained,input_model_3,0.87,0.8911,0.9218,4.8,5.22,0.8922,0.9214,0.8922,0.9157,1.41,9.44,11.3
boltz1_constrained,no_msa,7QPX,boltz1_constrained,input_model_2,0.88,0.9118,0.9162,4.03,4.39,0.8763,0.9151,0.8763,0.9153,1.41,3.98,5.54
boltz1_constrained,no_msa,7QPX,boltz1_constrained,input_model_0,0.89,0.8973,0.9188,4.62,4.98,0.8768,0.9178,0.8768,0.9145,1.42,4.49,6.39
boltz1_constrained,no_msa,7QPX,boltz1_constrained,input_model_0,0.89,0.904,0.9168,4.31,4.67,0.872,0.9159,0.872,0.9142,1.41,4.95,6.72
boltz1_constrained,no_msa,7QPX,boltz1_constrained,input_model_2,0.88,0.898,0.9172,4.61,4.95,0.8769,0.9162,0.8769,0.9134,1.38,5.66,7.41
boltz1_constrained,no_msa,7QPX,boltz1_constrained,input_model_1,0.89,0.9006,0.9166,4.44,4.79,0.882,0.9156,0.882,0.9134,1.42,4.65,6.35
boltz1_constrained,no_msa,7QPX,boltz1_constrained,input_model_0,0.89,0.9005,0.9163,4.43,4.77,0.8839,0.9154,0.8839,0.9131,1.43,4.88,6.7
boltz1_constrained,no_msa,7QPX,boltz1_constrained,input_model_2,0.88,0.898,0.9166,4.48,4.86,0.8769,0.9156,0.8769,0.9129,1.4,4.7,6.38
boltz1_constrained,no_msa,7QPX,boltz1_constrained,input_model_1,0.88,0.8963,0.9165,4.61,4.96,0.8854,0.9154,0.8854,0.9125,1.38,5.33,7.08
boltz1_constrained,no_msa,7QPX,boltz1_constrained,input_model_1,0.88,0.9026,0.9148,4.18,4.56,0.8533,0.9135,0.8533,0.9124,1.4,4.53,6.2
boltz1_constrained,no_msa,7QPX,boltz1_constrained,input_model_1,0.89,0.8997,0.9151,4.53,4.87,0.8803,0.9139,0.8803,0.912,1.41,5.32,7.17
boltz1_constrained,no_msa,7QPX,boltz1_constrained,input_model_4,0.86,0.8877,0.9181,4.94,5.35,0.8865,0.9172,0.8865,0.912,1.34,9.27,11.08
boltz1_constrained,no_msa,7QPX,boltz1_constrained,input_model_4,0.86,0.8838,0.9188,5.06,5.48,0.8909,0.9181,0.8909,0.9118,1.43,9.84,11.79
boltz1_constrained,no_msa,7QPX,boltz1_constrained,input_model_3,0.88,0.8988,0.9149,4.49,4.83,0.8682,0.9137,0.8682,0.9117,1.34,5.07,6.75
boltz1_constrained,no_msa,7QPX,boltz1_constrained,input_model_4,0.88,0.891,0.9168,4.53,4.98,0.8525,0.9159,0.8525,0.9116,1.4,7.65,9.14
boltz1_constrained,no_msa,7QPX,boltz1_constrained,input_model_2,0.88,0.8974,0.9152,4.6,4.94,0.8764,0.9141,0.8764,0.9116,1.41,5.32,7.0
boltz1_constrained,no_msa,7QPX,boltz1_constrained,input_model_4,0.88,0.8929,0.9156,4.85,5.18,0.8869,0.9145,0.8869,0.9111,1.41,9.78,11.82
boltz1_constrained,no_msa,7QPX,boltz1_constrained,input_model_4,0.88,0.895,0.9151,4.75,5.06,0.8914,0.9139,0.8914,0.9111,1.4,9.36,11.46
boltz1_constrained,no_msa,7QPX,boltz1_constrained,input_model_1,0.88,0.8922,0.9157,4.89,5.24,0.8823,0.9146,0.8823,0.911,1.4,3.57,5.18
boltz1_constrained,no_msa,7QPX,boltz1_constrained,input_model_3,0.88,0.8959,0.9147,4.65,5.01,0.8834,0.9135,0.8834,0.9109,1.38,4.67,6.47
boltz1_constrained,no_msa,7QPX,boltz1_constrained,input_model_3,0.88,0.8967,0.9144,4.62,4.97,0.8757,0.9131,0.8757,0.9109,1.47,4.63,6.33
boltz1_constrained,no_msa,7QPX,boltz1_constrained,input_model_0,0.89,0.8916,0.9151,4.89,5.21,0.8876,0.914,0.8876,0.9104,1.42,4.01,5.77
boltz1_constrained,no_msa,7QPX,boltz1_constrained,input_model_2,0.88,0.8941,0.914,4.71,5.08,0.8977,0.9127,0.8977,0.91,1.4,4.97,6.67
boltz1_constrained,no_msa,7QPX,boltz1_constrained,input_model_3,0.88,0.8939,0.9095,4.73,5.1,0.8823,0.9076,0.8823,0.9064,1.38,4.68,6.43
boltz2_constrained,no_msa,7QPX,boltz2_constrained,input_model_0,0.91,0.6083,0.3551,11.47,15.9,0.0054,0.0,0.0,0.4057,1.09,8.44,26.45
boltz2_constrained,no_msa,7QPX,boltz2_constrained,input_model_1,0.81,0.5625,0.3096,13.18,18.12,0.0,0.0,0.0,0.3602,1.13,0.87,26.85
boltz2_constrained,no_msa,7QPX,boltz2_constrained,input_model_1,0.81,0.5363,0.245,14.05,19.41,0.0,0.0,0.0,0.3033,1.16,1.18,28.4
boltz2_constrained,no_msa,7QPX,boltz2_constrained,input_model_1,0.78,0.536,0.2406,14.04,19.33,0.0,0.0,0.0,0.2997,1.15,1.38,28.75
boltz2_constrained,no_msa,7QPX,boltz2_constrained,input_model_0,0.83,0.5264,0.2328,14.27,19.84,0.0,0.0,0.0,0.2915,1.15,1.2,27.43
boltz2_constrained,no_msa,7QPX,boltz2_constrained,input_model_0,0.84,0.5361,0.2145,13.92,19.35,0.0,0.0,0.0,0.2788,1.13,0.68,28.55
boltz2_constrained,no_msa,7QPX,boltz2_constrained,input_model_1,0.82,0.5231,0.1973,14.54,20.41,0.0,0.0,0.0,0.2625,1.11,0.64,28.72
boltz2_constrained,no_msa,7QPX,boltz2_constrained,input_model_0,0.83,0.5234,0.1959,14.66,20.65,0.0,0.0,0.0,0.2614,1.21,1.86,31.07
boltz2_constrained,no_msa,7QPX,boltz2_constrained,input_model_0,0.9,0.5346,0.1833,14.12,19.58,0.0,0.0,0.0,0.2536,1.17,9.17,30.42
boltz2_constrained,no_msa,7QPX,boltz2_constrained,input_model_2,0.81,0.5181,0.1455,14.59,20.81,0.0,0.0,0.0,0.22,1.23,9.6,32.12
boltz2_constrained,no_msa,7QPX,boltz2_constrained,input_model_2,0.79,0.5162,0.1411,14.36,20.59,0.0,0.0,0.0,0.2161,1.19,9.5,29.71
boltz2_constrained,no_msa,7QPX,boltz2_constrained,input_model_3,0.75,0.517,0.1363,14.5,20.5,0.0,0.0,0.0,0.2124,1.14,0.67,22.41
boltz2_constrained,no_msa,7QPX,boltz2_constrained,input_model_2,0.76,0.5169,0.1357,14.58,20.86,0.0,0.0,0.0,0.2119,1.29,0.75,24.67
boltz2_constrained,no_msa,7QPX,boltz2_constrained,input_model_2,0.79,0.5148,0.1342,15.01,21.41,0.0,0.0,0.0,0.2103,1.3,0.91,34.37
boltz2_constrained,no_msa,7QPX,boltz2_constrained,input_model_4,0.74,0.5103,0.129,14.83,21.0,0.0,0.0,0.0,0.2053,1.24,1.22,23.75
boltz2_constrained,no_msa,7QPX,boltz2_constrained,input_model_4,0.76,0.5079,0.1278,14.89,21.23,0.0,0.0,0.0,0.2038,1.26,1.35,27.47
boltz2_constrained,no_msa,7QPX,boltz2_constrained,input_model_1,0.83,0.507,0.125,14.9,21.26,0.0,0.0,0.0,0.2014,1.14,9.05,29.0
boltz2_constrained,no_msa,7QPX,boltz2_constrained,input_model_3,0.77,0.5073,0.1246,14.94,21.15,0.0,0.0,0.0,0.2011,1.15,0.62,24.24
boltz2_constrained,no_msa,7QPX,boltz2_constrained,input_model_3,0.78,0.5061,0.1228,14.56,21.21,0.0,0.0,0.0,0.1995,1.14,9.61,30.5
boltz2_constrained,no_msa,7QPX,boltz2_constrained,input_model_3,0.76,0.5049,0.1191,14.97,21.28,0.0,0.0,0.0,0.1963,1.18,0.7,22.73
boltz2_constrained,no_msa,7QPX,boltz2_constrained,input_model_4,0.74,0.5017,0.1186,15.12,21.59,0.0,0.0,0.0,0.1952,1.24,1.0,24.47
boltz2_constrained,no_msa,7QPX,boltz2_constrained,input_model_4,0.74,0.5019,0.1178,15.18,21.48,0.0,0.0,0.0,0.1946,1.21,1.25,24.73
boltz2_constrained,no_msa,7QPX,boltz2_constrained,input_model_2,0.83,0.5014,0.1138,15.15,21.83,0.0,0.0,0.0,0.1913,1.41,9.04,32.89
boltz2_constrained,no_msa,7QPX,boltz2_constrained,input_model_3,0.8,0.4993,0.1116,15.26,21.8,0.0,0.0,0.0,0.1891,1.31,9.29,32.42
boltz2_constrained,no_msa,7QPX,boltz2_constrained,input_model_4,0.76,0.5052,0.1083,14.98,22.04,0.0,0.0,0.0,0.1877,1.29,1.73,34.87
boltz1_constrained,no_msa,7QZD,boltz1_constrained,input_model_0,0.83,0.7724,0.6358,5.71,7.53,0.5128,0.5247,0.5128,0.6631,1.18,8.6,9.85
boltz1_constrained,no_msa,7QZD,boltz1_constrained,input_model_0,0.79,0.6263,0.349,8.69,13.2,0.0567,0.1254,0.0567,0.4045,1.41,8.6,10.27
boltz1_constrained,no_msa,7QZD,boltz1_constrained,input_model_1,0.79,0.6214,0.3349,8.9,13.57,0.0484,0.1115,0.0484,0.3922,1.28,8.59,9.61
boltz1_constrained,no_msa,7QZD,boltz1_constrained,input_model_2,0.78,0.6214,0.3338,8.73,13.42,0.0505,0.116,0.0505,0.3913,1.51,8.57,9.91
boltz1_constrained,no_msa,7QZD,boltz1_constrained,input_model_0,0.79,0.6082,0.3151,9.03,13.79,0.0467,0.0951,0.0467,0.3737,1.39,8.61,10.44
boltz1_constrained,no_msa,7QZD,boltz1_constrained,input_model_1,0.79,0.6091,0.3124,9.09,14.03,0.04,0.0819,0.04,0.3717,1.4,8.6,10.41
boltz1_constrained,no_msa,7QZD,boltz1_constrained,input_model_0,0.79,0.6012,0.296,9.29,14.31,0.0362,0.0662,0.0362,0.357,1.42,8.61,11.19
boltz1_constrained,no_msa,7QZD,boltz1_constrained,input_model_2,0.78,0.5905,0.2847,9.5,14.61,0.0354,0.0588,0.0354,0.3459,1.4,8.68,12.42
boltz1_constrained,no_msa,7QZD,boltz1_constrained,input_model_1,0.79,0.5937,0.278,9.33,14.52,0.0366,0.055,0.0366,0.3411,1.51,8.66,11.83
boltz1_constrained,no_msa,7QZD,boltz1_constrained,input_model_1,0.79,0.5912,0.2635,9.79,15.51,0.0173,0.0454,0.0173,0.329,1.42,8.62,13.45
boltz1_constrained,no_msa,7QZD,boltz1_constrained,input_model_0,0.79,0.589,0.25,9.82,15.75,0.0086,0.0494,0.0086,0.3178,1.36,8.7,13.52
boltz1_constrained,no_msa,7QZD,boltz1_constrained,input_model_2,0.79,0.583,0.2499,9.81,15.58,0.0203,0.04,0.0203,0.3165,1.43,8.66,12.03
boltz1_constrained,no_msa,7QZD,boltz1_constrained,input_model_1,0.78,0.5807,0.2447,10.18,16.17,0.0109,0.034,0.0109,0.3119,1.4,8.61,14.3
boltz1_constrained,no_msa,7QZD,boltz1_constrained,input_model_2,0.78,0.5766,0.2438,10.4,16.56,0.0057,0.0392,0.0057,0.3104,1.19,8.53,16.25
boltz1_constrained,no_msa,7QZD,boltz1_constrained,input_model_3,0.78,0.5789,0.2426,10.3,16.44,0.0082,0.0382,0.0082,0.3099,1.21,8.57,15.46
boltz1_constrained,no_msa,7QZD,boltz1_constrained,input_model_2,0.78,0.5778,0.2398,10.36,16.55,0.0055,0.0424,0.0055,0.3074,1.24,8.61,15.42
boltz1_constrained,no_msa,7QZD,boltz1_constrained,input_model_3,0.79,0.5718,0.2245,10.47,16.75,0.003,0.0342,0.003,0.294,1.27,8.69,14.84
boltz1_constrained,no_msa,7QZD,boltz1_constrained,input_model_3,0.78,0.5734,0.2235,10.4,16.67,0.0054,0.0338,0.0054,0.2935,1.36,8.66,14.04
boltz1_constrained,no_msa,7QZD,boltz1_constrained,input_model_3,0.78,0.5718,0.2127,10.11,16.48,0.0117,0.0453,0.0117,0.2845,1.49,8.56,19.11
boltz1_constrained,no_msa,7QZD,boltz1_constrained,input_model_3,0.78,0.5576,0.2029,10.5,16.81,0.0219,0.0396,0.0219,0.2738,1.43,8.57,18.71
boltz1_constrained,no_msa,7QZD,boltz1_constrained,input_model_4,0.77,0.5579,0.2021,10.53,16.79,0.0192,0.0402,0.0192,0.2733,1.31,8.61,18.69
boltz1_constrained,no_msa,7QZD,boltz1_constrained,input_model_4,0.78,0.556,0.1918,10.18,16.26,0.0349,0.058,0.0349,0.2646,1.17,8.52,18.98
boltz1_constrained,no_msa,7QZD,boltz1_constrained,input_model_4,0.77,0.5544,0.1856,10.45,16.84,0.0249,0.0448,0.0249,0.2594,1.16,8.59,19.75
boltz1_constrained,no_msa,7QZD,boltz1_constrained,input_model_4,0.77,0.5507,0.1798,10.57,17.12,0.0214,0.0347,0.0214,0.254,1.25,8.56,19.09
boltz1_constrained,no_msa,7QZD,boltz1_constrained,input_model_4,0.77,0.5469,0.1695,10.8,17.68,0.0208,0.0432,0.0208,0.245,1.08,8.6,20.94
boltz2_constrained,no_msa,7QZD,boltz2_constrained,input_model_0,0.86,0.7651,0.6733,6.62,9.08,0.3071,0.3562,0.3071,0.6917,3.32,0.77,7.13
boltz2_constrained,no_msa,7QZD,boltz2_constrained,input_model_0,0.86,0.7365,0.6276,7.4,10.29,0.2449,0.2944,0.2449,0.6494,3.3,0.71,8.04
boltz2_constrained,no_msa,7QZD,boltz2_constrained,input_model_2,0.85,0.7015,0.5417,8.06,11.7,0.1113,0.1865,0.1113,0.5737,3.47,0.76,30.27
boltz2_constrained,no_msa,7QZD,boltz2_constrained,input_model_1,0.86,0.7073,0.5225,7.77,11.5,0.1241,0.1455,0.1241,0.5595,3.33,1.0,25.41
boltz2_constrained,no_msa,7QZD,boltz2_constrained,input_model_1,0.85,0.6907,0.5264,8.3,12.08,0.0973,0.174,0.0973,0.5593,3.37,0.56,30.48
boltz2_constrained,no_msa,7QZD,boltz2_constrained,input_model_2,0.83,0.6531,0.4413,9.13,13.36,0.0418,0.0838,0.0418,0.4837,3.42,0.98,30.18
boltz2_constrained,no_msa,7QZD,boltz2_constrained,input_model_1,0.86,0.6303,0.4272,9.98,14.58,0.0132,0.0607,0.0132,0.4678,3.2,0.67,30.39
boltz2_constrained,no_msa,7QZD,boltz2_constrained,input_model_2,0.83,0.6236,0.4223,9.86,14.46,0.011,0.0743,0.011,0.4626,3.37,0.49,30.89
boltz2_constrained,no_msa,7QZD,boltz2_constrained,input_model_0,0.87,0.6509,0.415,9.09,13.67,0.0082,0.0616,0.0082,0.4622,3.31,0.83,26.69
boltz2_constrained,no_msa,7QZD,boltz2_constrained,input_model_0,0.84,0.6149,0.3762,9.51,14.27,0.0025,0.0493,0.0025,0.4239,3.33,0.73,21.34
boltz2_constrained,no_msa,7QZD,boltz2_constrained,input_model_3,0.88,0.6159,0.3497,9.85,15.19,0.0,0.0339,0.0,0.4029,3.39,0.74,28.01
boltz2_constrained,no_msa,7QZD,boltz2_constrained,input_model_3,0.81,0.569,0.3189,11.24,16.78,0.0,0.0241,0.0,0.3689,3.41,0.56,30.68
boltz2_constrained,no_msa,7QZD,boltz2_constrained,input_model_2,0.83,0.5592,0.291,11.92,17.74,0.0,0.0105,0.0,0.3446,3.27,0.73,30.94
boltz2_constrained,no_msa,7QZD,boltz2_constrained,input_model_3,0.86,0.5747,0.2852,10.87,16.63,0.0,0.0162,0.0,0.3431,3.27,0.69,26.18
boltz2_constrained,no_msa,7QZD,boltz2_constrained,input_model_1,0.83,0.5585,0.2876,11.53,17.16,0.0,0.0136,0.0,0.3418,3.34,0.72,30.15
boltz2_constrained,no_msa,7QZD,boltz2_constrained,input_model_0,0.88,0.58,0.279,10.75,16.6,0.0,0.011,0.0,0.3392,3.27,0.71,27.91
boltz2_constrained,no_msa,7QZD,boltz2_constrained,input_model_1,0.84,0.5696,0.271,10.89,16.92,0.0,0.0135,0.0,0.3307,3.59,0.72,27.63
boltz2_constrained,no_msa,7QZD,boltz2_constrained,input_model_4,0.8,0.53,0.2624,12.56,18.32,0.0,0.0027,0.0,0.3159,3.31,7.03,31.44
boltz2_constrained,no_msa,7QZD,boltz2_constrained,input_model_4,0.78,0.5194,0.2624,12.64,18.45,0.0,0.0107,0.0,0.3138,3.14,1.9,31.83
boltz2_constrained,no_msa,7QZD,boltz2_constrained,input_model_3,0.84,0.553,0.2505,11.46,17.48,0.0,0.0078,0.0,0.311,3.35,0.79,27.96
boltz2_constrained,no_msa,7QZD,boltz2_constrained,input_model_4,0.82,0.534,0.2425,12.32,18.54,0.0,0.0,0.0,0.3008,3.41,0.72,30.79
boltz2_constrained,no_msa,7QZD,boltz2_constrained,input_model_3,0.83,0.5326,0.234,12.29,18.44,0.0,0.0,0.0,0.2937,3.38,0.69,30.24
boltz2_constrained,no_msa,7QZD,boltz2_constrained,input_model_2,0.84,0.5175,0.2323,12.75,19.22,0.0,0.0,0.0,0.2893,3.29,2.91,31.85
boltz2_constrained,no_msa,7QZD,boltz2_constrained,input_model_4,0.84,0.5197,0.226,12.46,18.67,0.0,0.0,0.0,0.2847,3.19,0.79,29.93
boltz2_constrained,no_msa,7QZD,boltz2_constrained,input_model_4,0.8,0.495,0.15,12.95,19.96,0.0,0.0,0.0,0.219,3.18,9.24,23.43
boltz1_constrained,no_msa,8B2R,boltz1_constrained,input_model_0,0.73,0.6511,0.3874,7.81,10.54,0.2862,0.2431,0.2431,0.4401,1.71,12.42,23.73
boltz1_constrained,no_msa,8B2R,boltz1_constrained,input_model_2,0.67,0.546,0.2004,12.47,18.19,0.0318,0.0109,0.0109,0.2695,1.84,9.63,22.01
boltz1_constrained,no_msa,8B2R,boltz1_constrained,input_model_1,0.7,0.5425,0.1929,11.36,17.26,0.0646,0.044,0.044,0.2628,1.79,10.4,22.2
boltz1_constrained,no_msa,8B2R,boltz1_constrained,input_model_0,0.68,0.5415,0.1867,12.54,18.51,0.0171,0.0054,0.0054,0.2577,1.68,10.79,22.1
boltz1_constrained,no_msa,8B2R,boltz1_constrained,input_model_1,0.69,0.5397,0.1868,12.46,18.18,0.02,0.0092,0.0092,0.2574,1.82,11.24,22.32
boltz1_constrained,no_msa,8B2R,boltz1_constrained,input_model_2,0.68,0.5389,0.183,12.56,18.33,0.0239,0.0058,0.0058,0.2542,1.76,11.11,22.18
boltz1_constrained,no_msa,8B2R,boltz1_constrained,input_model_0,0.69,0.5391,0.1794,12.21,18.34,0.0242,0.009,0.009,0.2513,1.65,11.06,22.01
boltz1_constrained,no_msa,8B2R,boltz1_constrained,input_model_1,0.67,0.5372,0.1774,13.28,19.61,0.0239,0.0,0.0,0.2494,1.78,12.92,20.83
boltz1_constrained,no_msa,8B2R,boltz1_constrained,input_model_2,0.68,0.5335,0.1753,13.3,19.32,0.0136,0.0,0.0,0.2469,1.82,11.78,21.81
boltz1_constrained,no_msa,8B2R,boltz1_constrained,input_model_1,0.68,0.5281,0.1635,12.49,18.64,0.0549,0.0152,0.0152,0.2364,1.85,12.42,15.85
boltz1_constrained,no_msa,8B2R,boltz1_constrained,input_model_3,0.68,0.5243,0.1584,13.11,19.45,0.0028,0.0,0.0,0.2316,1.79,10.58,22.75
boltz1_constrained,no_msa,8B2R,boltz1_constrained,input_model_0,0.71,0.5167,0.1569,11.72,18.26,0.0244,0.0417,0.0244,0.2289,1.9,10.27,22.48
boltz1_constrained,no_msa,8B2R,boltz1_constrained,input_model_2,0.67,0.5211,0.1497,13.59,20.08,0.0188,0.0,0.0,0.224,1.57,12.27,16.42
boltz1_constrained,no_msa,8B2R,boltz1_constrained,input_model_3,0.66,0.5183,0.146,13.28,19.41,0.0252,0.008,0.008,0.2205,1.71,11.64,21.03
boltz1_constrained,no_msa,8B2R,boltz1_constrained,input_model_3,0.66,0.5182,0.1437,12.98,19.43,0.0083,0.0,0.0,0.2186,1.88,11.33,21.01
boltz1_constrained,no_msa,8B2R,boltz1_constrained,input_model_0,0.68,0.5149,0.1429,12.97,19.53,0.0054,0.0052,0.0052,0.2173,1.81,11.27,22.61
boltz1_constrained,no_msa,8B2R,boltz1_constrained,input_model_3,0.67,0.5153,0.1404,13.32,20.05,0.0199,0.0,0.0,0.2154,1.76,10.99,15.13
boltz1_constrained,no_msa,8B2R,boltz1_constrained,input_model_4,0.68,0.5113,0.1341,12.58,19.4,0.0,0.0,0.0,0.2095,1.83,10.03,22.27
boltz1_constrained,no_msa,8B2R,boltz1_constrained,input_model_4,0.66,0.5125,0.1335,13.73,20.51,0.0214,0.0027,0.0027,0.2093,1.79,11.91,16.73
boltz1_constrained,no_msa,8B2R,boltz1_constrained,input_model_4,0.66,0.511,0.1302,13.97,20.98,0.0085,0.0,0.0,0.2064,1.69,10.99,16.66
boltz1_constrained,no_msa,8B2R,boltz1_constrained,input_model_4,0.67,0.504,0.1221,13.73,20.55,0.0249,0.0058,0.0058,0.1985,1.61,11.65,12.58
boltz1_constrained,no_msa,8B2R,boltz1_constrained,input_model_2,0.67,0.501,0.1185,13.98,21.2,0.0113,0.0033,0.0033,0.195,1.8,12.19,19.22
boltz1_constrained,no_msa,8B2R,boltz1_constrained,input_model_1,0.68,0.4995,0.1189,13.63,20.88,0.0208,0.0145,0.0145,0.195,1.91,11.76,16.76
boltz1_constrained,no_msa,8B2R,boltz1_constrained,input_model_4,0.67,0.5006,0.1139,13.89,21.11,0.0,0.0,0.0,0.1912,1.91,12.98,17.42
boltz1_constrained,no_msa,8B2R,boltz1_constrained,input_model_3,0.69,0.4953,0.1039,13.64,21.5,0.0129,0.0081,0.0081,0.1822,1.84,10.19,15.88
boltz2_constrained,no_msa,8B2R,boltz2_constrained,input_model_0,0.94,0.9444,0.9355,2.92,3.5,0.907,0.9304,0.907,0.9373,1.42,1.54,3.2
boltz2_constrained,no_msa,8B2R,boltz2_constrained,input_model_0,0.94,0.942,0.933,2.99,3.58,0.9042,0.9277,0.9042,0.9348,1.31,1.42,3.24
boltz2_constrained,no_msa,8B2R,boltz2_constrained,input_model_1,0.94,0.9408,0.9326,3.02,3.61,0.8987,0.9269,0.8987,0.9342,1.27,1.49,3.25
boltz2_constrained,no_msa,8B2R,boltz2_constrained,input_model_0,0.94,0.9382,0.9313,3.1,3.71,0.8929,0.9245,0.8929,0.9327,1.49,1.49,3.15
boltz2_constrained,no_msa,8B2R,boltz2_constrained,input_model_2,0.94,0.9376,0.9301,3.1,3.71,0.8923,0.9233,0.8923,0.9316,1.14,1.48,2.87
boltz2_constrained,no_msa,8B2R,boltz2_constrained,input_model_1,0.94,0.9367,0.9302,3.17,3.79,0.8876,0.9225,0.8876,0.9315,1.46,1.49,3.02
boltz2_constrained,no_msa,8B2R,boltz2_constrained,input_model_1,0.94,0.9367,0.9294,3.19,3.81,0.8882,0.922,0.8882,0.9309,1.29,1.64,3.42
boltz2_constrained,no_msa,8B2R,boltz2_constrained,input_model_0,0.94,0.9393,0.9288,3.1,3.71,0.9012,0.9222,0.9012,0.9309,1.32,1.5,3.14
boltz2_constrained,no_msa,8B2R,boltz2_constrained,input_model_2,0.94,0.9299,0.9227,3.41,4.07,0.8768,0.9121,0.8768,0.9241,1.02,1.66,3.24
boltz2_constrained,no_msa,8B2R,boltz2_constrained,input_model_0,0.94,0.9269,0.9221,3.48,4.14,0.8706,0.911,0.8706,0.9231,0.9,1.55,3.1
boltz2_constrained,no_msa,8B2R,boltz2_constrained,input_model_3,0.94,0.9249,0.9209,3.6,4.28,0.8625,0.9096,0.8625,0.9217,1.94,1.64,2.79
boltz2_constrained,no_msa,8B2R,boltz2_constrained,input_model_2,0.94,0.9243,0.9202,3.61,4.29,0.8722,0.9078,0.8722,0.921,1.29,1.71,3.54
boltz2_constrained,no_msa,8B2R,boltz2_constrained,input_model_3,0.94,0.9265,0.9195,3.59,4.27,0.8712,0.9073,0.8712,0.9209,1.32,1.93,3.61
boltz2_constrained,no_msa,8B2R,boltz2_constrained,input_model_1,0.94,0.9223,0.9202,3.66,4.33,0.8646,0.9083,0.8646,0.9206,0.95,1.95,3.55
boltz2_constrained,no_msa,8B2R,boltz2_constrained,input_model_2,0.94,0.9243,0.9186,3.62,4.3,0.8682,0.9056,0.8682,0.9197,1.29,1.86,3.63
boltz2_constrained,no_msa,8B2R,boltz2_constrained,input_model_2,0.93,0.925,0.9183,3.59,4.27,0.8687,0.9061,0.8687,0.9196,1.37,1.74,2.98
boltz2_constrained,no_msa,8B2R,boltz2_constrained,input_model_3,0.94,0.9239,0.9178,3.61,4.3,0.8647,0.9045,0.8647,0.919,1.29,2.04,3.47
boltz2_constrained,no_msa,8B2R,boltz2_constrained,input_model_4,0.93,0.9199,0.917,3.71,4.4,0.8613,0.9028,0.8613,0.9176,0.74,1.88,3.14
boltz2_constrained,no_msa,8B2R,boltz2_constrained,input_model_1,0.94,0.9169,0.9138,3.86,4.57,0.8533,0.8981,0.8533,0.9144,0.94,1.5,2.7
boltz2_constrained,no_msa,8B2R,boltz2_constrained,input_model_4,0.93,0.9184,0.913,3.78,4.49,0.8574,0.8987,0.8574,0.9141,0.85,1.61,3.04
boltz2_constrained,no_msa,8B2R,boltz2_constrained,input_model_4,0.92,0.9212,0.9123,3.8,4.53,0.8681,0.8964,0.8681,0.9141,1.77,1.66,2.96
boltz2_constrained,no_msa,8B2R,boltz2_constrained,input_model_3,0.93,0.9129,0.9115,4.05,4.8,0.8478,0.8951,0.8478,0.9118,1.97,1.91,3.2
boltz2_constrained,no_msa,8B2R,boltz2_constrained,input_model_3,0.93,0.9081,0.9046,4.18,4.92,0.8387,0.8864,0.8387,0.9053,1.0,2.76,4.69
boltz2_constrained,no_msa,8B2R,boltz2_constrained,input_model_4,0.93,0.8992,0.8931,4.6,5.46,0.8403,0.8676,0.8403,0.8943,1.51,1.51,3.1
boltz2_constrained,no_msa,8B2R,boltz2_constrained,input_model_4,0.92,0.8899,0.8875,4.84,5.7,0.829,0.8596,0.829,0.888,1.06,1.55,3.02
boltz1_constrained,no_msa,9IMU,boltz1_constrained,input_model_1,0.92,0.9436,0.9404,2.87,3.57,0.944,0.9056,0.9056,0.941,1.68,0.72,3.22
boltz1_constrained,no_msa,9IMU,boltz1_constrained,input_model_0,0.93,0.9443,0.9401,2.78,3.48,0.943,0.909,0.909,0.9409,1.53,0.71,3.18
boltz1_constrained,no_msa,9IMU,boltz1_constrained,input_model_3,0.92,0.9453,0.9394,2.77,3.48,0.943,0.9105,0.9105,0.9406,1.57,0.71,3.14
boltz1_constrained,no_msa,9IMU,boltz1_constrained,input_model_0,0.93,0.9439,0.9391,2.85,3.55,0.9424,0.9081,0.9081,0.9401,1.73,0.71,3.03
boltz1_constrained,no_msa,9IMU,boltz1_constrained,input_model_4,0.92,0.9433,0.9379,2.86,3.57,0.9406,0.9077,0.9077,0.939,1.71,0.71,3.05
boltz1_constrained,no_msa,9IMU,boltz1_constrained,input_model_2,0.92,0.9433,0.9378,2.86,3.58,0.9408,0.9072,0.9072,0.9389,1.73,0.71,3.01
boltz1_constrained,no_msa,9IMU,boltz1_constrained,input_model_0,0.93,0.9437,0.9377,2.83,3.56,0.9408,0.9093,0.9093,0.9389,1.54,0.71,3.24
boltz1_constrained,no_msa,9IMU,boltz1_constrained,input_model_1,0.92,0.9437,0.9372,2.82,3.55,0.9402,0.9086,0.9086,0.9385,1.57,0.69,3.17
boltz1_constrained,no_msa,9IMU,boltz1_constrained,input_model_1,0.92,0.9415,0.9375,2.91,3.62,0.9386,0.9055,0.9055,0.9383,1.7,0.69,2.95
boltz1_constrained,no_msa,9IMU,boltz1_constrained,input_model_0,0.93,0.9425,0.9372,2.87,3.6,0.9395,0.9068,0.9068,0.9383,1.53,0.7,3.26
boltz1_constrained,no_msa,9IMU,boltz1_constrained,input_model_1,0.92,0.942,0.9374,2.9,3.61,0.9391,0.9044,0.9044,0.9383,1.65,0.69,2.99
boltz1_constrained,no_msa,9IMU,boltz1_constrained,input_model_1,0.92,0.9454,0.936,2.74,3.41,0.9395,0.9127,0.9127,0.9379,1.77,0.72,3.24
boltz1_constrained,no_msa,9IMU,boltz1_constrained,input_model_4,0.92,0.9403,0.937,2.93,3.64,0.9368,0.9035,0.9035,0.9377,1.67,0.72,3.05
boltz1_constrained,no_msa,9IMU,boltz1_constrained,input_model_3,0.92,0.9425,0.9359,2.81,3.52,0.9342,0.9097,0.9097,0.9372,1.74,0.71,3.11
boltz1_constrained,no_msa,9IMU,boltz1_constrained,input_model_0,0.93,0.942,0.9358,2.9,3.63,0.9382,0.9057,0.9057,0.937,1.76,0.7,3.06
boltz1_constrained,no_msa,9IMU,boltz1_constrained,input_model_2,0.92,0.9405,0.936,2.97,3.7,0.9368,0.9047,0.9047,0.9369,1.32,0.69,3.2
boltz1_constrained,no_msa,9IMU,boltz1_constrained,input_model_2,0.92,0.9413,0.9358,2.91,3.64,0.9386,0.905,0.905,0.9369,1.63,0.69,3.13
boltz1_constrained,no_msa,9IMU,boltz1_constrained,input_model_2,0.92,0.94,0.936,2.95,3.66,0.9359,0.9029,0.9029,0.9368,1.7,0.7,3.02
boltz1_constrained,no_msa,9IMU,boltz1_constrained,input_model_2,0.92,0.9417,0.9348,2.91,3.65,0.9364,0.9063,0.9063,0.9362,1.55,0.71,3.27
boltz1_constrained,no_msa,9IMU,boltz1_constrained,input_model_3,0.92,0.9396,0.9343,2.99,3.73,0.9362,0.9017,0.9017,0.9354,1.42,0.69,3.15
boltz1_constrained,no_msa,9IMU,boltz1_constrained,input_model_4,0.92,0.9397,0.9336,2.99,3.72,0.9338,0.903,0.903,0.9348,1.65,0.7,3.12
boltz1_constrained,no_msa,9IMU,boltz1_constrained,input_model_4,0.92,0.9384,0.9331,3.01,3.74,0.932,0.9014,0.9014,0.9342,1.67,0.68,3.03
boltz1_constrained,no_msa,9IMU,boltz1_constrained,input_model_3,0.92,0.9375,0.9333,3.07,3.81,0.934,0.8992,0.8992,0.9341,1.65,0.7,3.03
boltz1_constrained,no_msa,9IMU,boltz1_constrained,input_model_3,0.92,0.9386,0.9299,3.03,3.78,0.9281,0.903,0.903,0.9316,1.58,0.7,3.01
boltz1_constrained,no_msa,9IMU,boltz1_constrained,input_model_4,0.92,0.9351,0.9281,3.12,3.86,0.9239,0.8977,0.8977,0.9295,1.66,0.64,2.97
boltz2_constrained,no_msa,9IMU,boltz2_constrained,input_model_0,0.95,0.9297,0.9225,2.78,3.52,0.9165,0.8722,0.8722,0.9239,0.54,0.42,1.32
boltz2_constrained,no_msa,9IMU,boltz2_constrained,input_model_0,0.95,0.9287,0.9215,2.78,3.52,0.9154,0.8746,0.8746,0.9229,0.55,0.43,1.27
boltz2_constrained,no_msa,9IMU,boltz2_constrained,input_model_1,0.95,0.9265,0.9188,2.85,3.61,0.9124,0.8667,0.8667,0.9203,0.56,0.43,1.4
boltz2_constrained,no_msa,9IMU,boltz2_constrained,input_model_1,0.95,0.925,0.9188,2.91,3.69,0.9112,0.8657,0.8657,0.92,0.58,0.43,1.23
boltz2_constrained,no_msa,9IMU,boltz2_constrained,input_model_2,0.95,0.9268,0.9182,2.87,3.62,0.9126,0.8688,0.8688,0.9199,0.54,0.43,1.34
boltz2_constrained,no_msa,9IMU,boltz2_constrained,input_model_0,0.95,0.9261,0.9181,2.86,3.62,0.9125,0.868,0.868,0.9197,0.56,0.43,1.32
boltz2_constrained,no_msa,9IMU,boltz2_constrained,input_model_3,0.95,0.9256,0.9177,2.87,3.63,0.9113,0.8695,0.8695,0.9193,0.57,0.42,1.44
boltz2_constrained,no_msa,9IMU,boltz2_constrained,input_model_0,0.95,0.9253,0.9178,2.87,3.64,0.9109,0.866,0.866,0.9193,0.57,0.41,1.29
boltz2_constrained,no_msa,9IMU,boltz2_constrained,input_model_3,0.95,0.9247,0.9175,2.92,3.69,0.9104,0.864,0.864,0.9189,0.57,0.42,1.34
boltz2_constrained,no_msa,9IMU,boltz2_constrained,input_model_2,0.95,0.9234,0.9177,2.95,3.74,0.9104,0.8605,0.8605,0.9188,0.53,0.42,1.44
boltz2_constrained,no_msa,9IMU,boltz2_constrained,input_model_1,0.95,0.9251,0.9172,2.88,3.65,0.9113,0.8653,0.8653,0.9188,0.56,0.43,1.42
boltz2_constrained,no_msa,9IMU,boltz2_constrained,input_model_1,0.95,0.9257,0.9168,2.88,3.65,0.9098,0.8645,0.8645,0.9186,0.54,0.43,1.3
boltz2_constrained,no_msa,9IMU,boltz2_constrained,input_model_2,0.95,0.9249,0.9168,2.87,3.64,0.9091,0.8665,0.8665,0.9184,0.54,0.43,1.27
boltz2_constrained,no_msa,9IMU,boltz2_constrained,input_model_3,0.95,0.9249,0.9162,2.89,3.66,0.9093,0.8646,0.8646,0.9179,0.55,0.43,1.49
boltz2_constrained,no_msa,9IMU,boltz2_constrained,input_model_0,0.95,0.9242,0.9151,2.86,3.62,0.908,0.8656,0.8656,0.9169,0.56,0.43,1.49
boltz2_constrained,no_msa,9IMU,boltz2_constrained,input_model_3,0.95,0.9228,0.9149,2.96,3.75,0.9078,0.8602,0.8602,0.9165,0.55,0.43,1.39
boltz2_constrained,no_msa,9IMU,boltz2_constrained,input_model_4,0.95,0.9214,0.9153,3.01,3.8,0.9077,0.859,0.859,0.9165,0.55,0.42,1.33
boltz2_constrained,no_msa,9IMU,boltz2_constrained,input_model_2,0.95,0.9231,0.9138,2.93,3.71,0.9061,0.8628,0.8628,0.9157,0.55,0.42,1.47
boltz2_constrained,no_msa,9IMU,boltz2_constrained,input_model_2,0.95,0.9208,0.9143,2.97,3.77,0.9043,0.8581,0.8581,0.9156,0.57,0.43,1.25
boltz2_constrained,no_msa,9IMU,boltz2_constrained,input_model_1,0.95,0.9215,0.914,3.0,3.79,0.9048,0.86,0.86,0.9155,0.56,0.43,1.29
boltz2_constrained,no_msa,9IMU,boltz2_constrained,input_model_4,0.95,0.9211,0.9137,3.03,3.83,0.906,0.8555,0.8555,0.9152,0.57,0.43,1.33
boltz2_constrained,no_msa,9IMU,boltz2_constrained,input_model_4,0.95,0.9203,0.9135,3.0,3.79,0.9046,0.858,0.858,0.9149,0.55,0.43,1.35
boltz2_constrained,no_msa,9IMU,boltz2_constrained,input_model_4,0.95,0.9202,0.9126,3.03,3.83,0.9034,0.8556,0.8556,0.9141,0.53,0.42,1.43
boltz2_constrained,no_msa,9IMU,boltz2_constrained,input_model_4,0.95,0.919,0.912,3.08,3.89,0.9031,0.8541,0.8541,0.9134,0.54,0.41,1.13
boltz2_constrained,no_msa,9IMU,boltz2_constrained,input_model_3,0.95,0.9171,0.9107,3.1,3.92,0.9006,0.8498,0.8498,0.912,0.57,0.42,1.34
boltz1_constrained,no_msa,9IP6,boltz1_constrained,input_model_0,0.65,0.6532,0.4437,11.27,15.98,0.1652,0.169,0.1652,0.4856,1.56,13.11,16.66
boltz1_constrained,no_msa,9IP6,boltz1_constrained,input_model_0,0.64,0.6477,0.2866,10.08,14.82,0.1119,0.02,0.02,0.3588,1.6,11.94,16.87
boltz1_constrained,no_msa,9IP6,boltz1_constrained,input_model_1,0.63,0.6031,0.2147,12.3,17.95,0.0254,0.0056,0.0056,0.2924,1.74,11.86,17.59
boltz1_constrained,no_msa,9IP6,boltz1_constrained,input_model_0,0.64,0.6075,0.2118,11.81,17.37,0.0465,0.0028,0.0028,0.2909,1.68,12.02,17.52
boltz1_constrained,no_msa,9IP6,boltz1_constrained,input_model_1,0.63,0.5931,0.201,12.59,18.61,0.0132,0.0,0.0,0.2794,1.73,11.66,16.28
boltz1_constrained,no_msa,9IP6,boltz1_constrained,input_model_3,0.63,0.595,0.1914,12.43,18.42,0.0136,0.0,0.0,0.2721,1.77,11.64,17.17
boltz1_constrained,no_msa,9IP6,boltz1_constrained,input_model_0,0.63,0.5969,0.1903,12.52,18.57,0.0212,0.0027,0.0027,0.2716,1.66,11.98,17.36
boltz1_constrained,no_msa,9IP6,boltz1_constrained,input_model_2,0.63,0.5946,0.1892,12.44,18.37,0.0176,0.0,0.0,0.2703,1.65,11.72,17.54
boltz1_constrained,no_msa,9IP6,boltz1_constrained,input_model_2,0.63,0.5915,0.1865,12.59,18.63,0.0259,0.0,0.0,0.2675,1.79,12.01,17.53
boltz1_constrained,no_msa,9IP6,boltz1_constrained,input_model_1,0.63,0.6016,0.1827,12.57,18.53,0.0196,0.0,0.0,0.2665,1.65,10.0,15.63
boltz1_constrained,no_msa,9IP6,boltz1_constrained,input_model_3,0.62,0.5896,0.1833,12.77,18.7,0.0181,0.0,0.0,0.2646,1.33,10.37,15.64
boltz1_constrained,no_msa,9IP6,boltz1_constrained,input_model_2,0.63,0.5973,0.177,12.57,18.77,0.0224,0.0025,0.0025,0.2611,1.64,11.62,17.81
boltz1_constrained,no_msa,9IP6,boltz1_constrained,input_model_1,0.63,0.5884,0.1785,12.64,18.4,0.0298,0.0073,0.0073,0.2605,1.75,9.82,13.89
boltz1_constrained,no_msa,9IP6,boltz1_constrained,input_model_4,0.61,0.5875,0.1761,12.96,18.98,0.0117,0.0,0.0,0.2584,1.71,12.02,17.75
boltz1_constrained,no_msa,9IP6,boltz1_constrained,input_model_0,0.63,0.5866,0.1758,12.6,18.73,0.0145,0.0,0.0,0.258,1.7,11.44,17.74
boltz1_constrained,no_msa,9IP6,boltz1_constrained,input_model_1,0.62,0.5855,0.1746,12.92,19.13,0.0192,0.0,0.0,0.2568,1.68,12.06,17.7
boltz1_constrained,no_msa,9IP6,boltz1_constrained,input_model_3,0.62,0.5853,0.1746,12.76,18.73,0.0091,0.0,0.0,0.2567,1.7,10.93,17.48
boltz1_constrained,no_msa,9IP6,boltz1_constrained,input_model_4,0.62,0.5864,0.1736,12.75,18.97,0.0168,0.0,0.0,0.2562,1.66,11.92,17.55
boltz1_constrained,no_msa,9IP6,boltz1_constrained,input_model_2,0.62,0.5844,0.1724,12.95,19.14,0.0185,0.0052,0.0052,0.2548,1.69,12.13,17.52
boltz1_constrained,no_msa,9IP6,boltz1_constrained,input_model_3,0.62,0.5842,0.1716,12.96,19.07,0.011,0.0,0.0,0.2541,1.42,10.99,16.96
boltz1_constrained,no_msa,9IP6,boltz1_constrained,input_model_3,0.62,0.582,0.17,13.01,19.23,0.0194,0.0026,0.0026,0.2524,1.75,12.03,17.51
boltz1_constrained,no_msa,9IP6,boltz1_constrained,input_model_2,0.63,0.5821,0.1665,12.87,19.07,0.0079,0.0,0.0,0.2496,1.75,10.91,17.57
boltz1_constrained,no_msa,9IP6,boltz1_constrained,input_model_4,0.63,0.5767,0.1552,13.27,19.24,0.0084,0.0,0.0,0.2395,1.79,12.32,14.23
boltz1_constrained,no_msa,9IP6,boltz1_constrained,input_model_4,0.63,0.5736,0.1503,13.07,19.52,0.0178,0.0028,0.0028,0.235,1.58,9.57,11.48
boltz1_constrained,no_msa,9IP6,boltz1_constrained,input_model_4,0.62,0.5735,0.1449,13.19,19.55,0.0061,0.0,0.0,0.2306,1.73,12.63,15.65
boltz2_constrained,no_msa,9IP6,boltz2_constrained,input_model_0,0.93,0.927,0.8925,2.57,3.42,0.8493,0.8778,0.8493,0.8994,0.37,1.6,2.14
boltz2_constrained,no_msa,9IP6,boltz2_constrained,input_model_0,0.94,0.9143,0.875,2.89,3.89,0.7957,0.841,0.7957,0.8829,0.38,1.68,2.12
boltz2_constrained,no_msa,9IP6,boltz2_constrained,input_model_1,0.94,0.9139,0.8692,2.91,3.93,0.7926,0.8263,0.7926,0.8781,0.36,1.06,2.33
boltz2_constrained,no_msa,9IP6,boltz2_constrained,input_model_2,0.93,0.907,0.8652,3.17,4.26,0.7585,0.8202,0.7585,0.8736,0.4,1.61,2.22
boltz2_constrained,no_msa,9IP6,boltz2_constrained,input_model_1,0.93,0.9026,0.8582,3.29,4.44,0.7402,0.8017,0.7402,0.8671,0.37,1.6,1.98
boltz2_constrained,no_msa,9IP6,boltz2_constrained,input_model_0,0.93,0.9027,0.8563,3.33,4.5,0.7397,0.7899,0.7397,0.8656,0.38,1.55,1.7
boltz2_constrained,no_msa,9IP6,boltz2_constrained,input_model_2,0.93,0.8968,0.8473,3.56,4.82,0.7057,0.7614,0.7057,0.8572,0.39,1.56,1.76
boltz2_constrained,no_msa,9IP6,boltz2_constrained,input_model_1,0.93,0.8922,0.8463,3.54,4.79,0.7112,0.7813,0.7112,0.8555,0.39,1.33,1.93
boltz2_constrained,no_msa,9IP6,boltz2_constrained,input_model_1,0.93,0.8955,0.8405,3.51,4.79,0.7004,0.7454,0.7004,0.8515,0.37,1.64,2.44
boltz2_constrained,no_msa,9IP6,boltz2_constrained,input_model_0,0.93,0.8889,0.8373,3.61,4.92,0.692,0.7557,0.692,0.8476,0.37,1.6,2.08
boltz2_constrained,no_msa,9IP6,boltz2_constrained,input_model_0,0.93,0.8892,0.8364,3.65,4.95,0.6879,0.7511,0.6879,0.847,0.38,1.6,2.03
boltz2_constrained,no_msa,9IP6,boltz2_constrained,input_model_3,0.92,0.8706,0.827,4.27,5.77,0.6294,0.7423,0.6294,0.8357,0.35,1.5,1.83
boltz2_constrained,no_msa,9IP6,boltz2_constrained,input_model_1,0.93,0.8764,0.8235,4.08,5.54,0.6359,0.7231,0.6359,0.8341,0.41,1.41,1.71
boltz2_constrained,no_msa,9IP6,boltz2_constrained,input_model_2,0.93,0.8808,0.8215,3.78,5.16,0.6592,0.7211,0.6592,0.8334,0.38,1.63,1.96
boltz2_constrained,no_msa,9IP6,boltz2_constrained,input_model_3,0.93,0.8704,0.8206,4.24,5.74,0.623,0.7215,0.623,0.8306,0.39,1.43,1.67
boltz2_constrained,no_msa,9IP6,boltz2_constrained,input_model_2,0.93,0.8698,0.8185,4.24,5.75,0.6225,0.7217,0.6225,0.8288,0.37,1.41,1.61
boltz2_constrained,no_msa,9IP6,boltz2_constrained,input_model_3,0.93,0.8678,0.8158,4.31,5.85,0.6144,0.7111,0.6144,0.8262,0.38,1.47,1.95
boltz2_constrained,no_msa,9IP6,boltz2_constrained,input_model_4,0.93,0.8716,0.8079,4.23,5.76,0.6066,0.6764,0.6066,0.8206,0.35,0.71,1.59
boltz2_constrained,no_msa,9IP6,boltz2_constrained,input_model_3,0.92,0.8685,0.802,4.32,5.86,0.6186,0.678,0.6186,0.8153,0.33,0.62,1.37
boltz2_constrained,no_msa,9IP6,boltz2_constrained,input_model_3,0.93,0.8701,0.7988,4.22,5.79,0.6033,0.6445,0.6033,0.8131,0.37,1.4,1.64
boltz2_constrained,no_msa,9IP6,boltz2_constrained,input_model_4,0.93,0.8588,0.7977,4.68,6.39,0.55,0.6504,0.55,0.8099,0.37,0.75,1.65
boltz2_constrained,no_msa,9IP6,boltz2_constrained,input_model_2,0.93,0.8642,0.794,4.41,6.04,0.576,0.6424,0.576,0.808,0.35,0.68,1.74
boltz2_constrained,no_msa,9IP6,boltz2_constrained,input_model_4,0.92,0.8469,0.7978,4.97,6.74,0.544,0.6666,0.544,0.8076,0.39,1.53,1.85
boltz2_constrained,no_msa,9IP6,boltz2_constrained,input_model_4,0.92,0.8532,0.7962,4.84,6.59,0.5405,0.6541,0.5405,0.8076,0.39,1.46,2.29
boltz2_constrained,no_msa,9IP6,boltz2_constrained,input_model_4,0.92,0.7898,0.7072,6.77,9.35,0.3504,0.4284,0.3504,0.7237,0.37,1.5,1.94
